{
 "sbType": "Page",
 "snapshot": {
  "data": {
   "blocks": [
    {
     "id": "bafyreibpm5xzjkoeinbkg6pbwrg5osphoovlvfbwq2m4tezjhtziz5gshy",
     "restrictions": {

     },
     "childrenIds": [
      "header",
      "65b6a5a90b0aa0196f7f11c4"
     ],
     "smartblock": {

     }
    },
    {
     "id": "header",
     "restrictions": {
      "edit": true,
      "remove": true,
      "drag": true,
      "dropOn": true
     },
     "childrenIds": [
      "featuredRelations"
     ],
     "layout": {
      "style": "Header"
     }
    },
    {
     "id": "65b6a5a90b0aa0196f7f11c4",
     "text": {
      "marks": {

      }
     }
    },
    {
     "id": "featuredRelations",
     "restrictions": {
      "remove": true,
      "drag": true,
      "dropOn": true
     },
     "featuredRelations": {

     }
    }
   ],
   "details": {
     "backlinks": [
        "bafyreic24wpxub52aupmts2z7g3lz5i4yjq5pnmqb6a6n4ol5tmf5n7whi"
       ],
     "createdDate": 1706468777,
     "creator": "_id_AB4FTuRMuPRtnXn71rTT8cYawi5S2PgZ9CYTGZj2WYCSFePP",
     "featuredRelations": [
        "type",
        "backlinks"
       ],
     "id": "bafyreibpm5xzjkoeinbkg6pbwrg5osphoovlvfbwq2m4tezjhtziz5gshy",
     "internalFlags": [
        2
       ],
     "isArchived": true,
     "lastModifiedBy": "_id_AB4FTuRMuPRtnXn71rTT8cYawi5S2PgZ9CYTGZj2WYCSFePP",
     "lastModifiedDate": 1706468777,
     "lastOpenedDate": 1706468777,
     "layout": 9,
     "links": [
       ],
     "restrictions": [
       ],
     "snippet": "",
     "spaceId": "bafyreiebz7qevnalge74hay5yd7pgoj3b65eu3qgk3rtfwo7a2g7h4eqdi.1phy5wxbp5mvm",
     "type": "bafyreiaoor4spo3kjebhraum4ttuck7mbne53iun3gj6viulsviiwtvfgq"
    },
   "objectTypes": [
    "ot-note"
   ],
   "relationLinks": [
    {
     "key": "id",
     "format": "object"
    },
    {
     "key": "name",
     "format": "shorttext"
    },
    {
     "key": "description"
    },
    {
     "key": "snippet"
    },
    {
     "key": "iconEmoji",
     "format": "emoji"
    },
    {
     "key": "iconImage",
     "format": "file"
    },
    {
     "key": "type",
     "format": "object"
    },
    {
     "key": "layout",
     "format": "number"
    },
    {
     "key": "layoutAlign",
     "format": "number"
    },
    {
     "key": "coverId"
    },
    {
     "key": "coverScale",
     "format": "number"
    },
    {
     "key": "coverType",
     "format": "number"
    },
    {
     "key": "coverX",
     "format": "number"
    },
    {
     "key": "coverY",
     "format": "number"
    },
    {
     "key": "createdDate",
     "format": "date"
    },
    {
     "key": "creator",
     "format": "object"
    },
    {
     "key": "lastModifiedDate",
     "format": "date"
    },
    {
     "key": "lastModifiedBy",
     "format": "object"
    },
    {
     "key": "lastOpenedDate",
     "format": "date"
    },
    {
     "key": "featuredRelations",
     "format": "object"
    },
    {
     "key": "isFavorite",
     "format": "checkbox"
    },
    {
     "key": "workspaceId",
     "format": "object"
    },
    {
     "key": "spaceId",
     "format": "object"
    },
    {
     "key": "links",
     "format": "object"
    },
    {
     "key": "internalFlags",
     "format": "number"
    },
    {
     "key": "restrictions",
     "format": "number"
    },
    {
     "key": "backlinks",
     "format": "object"
    },
    {
     "key": "isArchived",
     "format": "checkbox"
    }
   ]
  }
 }
}