{
 "sbType": "STType",
 "snapshot": {
  "data": {
   "blocks": [
    {
     "id": "bafyreiff2liutxzjpbvp4dlykwsnssmanvbrbghzazj35nc6wwxfvg7epy",
     "restrictions": {

     },
     "childrenIds": [
      "header"
     ],
     "smartblock": {

     }
    },
    {
     "id": "header",
     "restrictions": {
      "edit": true,
      "remove": true,
      "drag": true,
      "dropOn": true
     },
     "childrenIds": [
      "title",
      "featuredRelations"
     ],
     "layout": {
      "style": "Header"
     }
    },
    {
     "id": "title",
     "fields": {
       "_detailsKey": [
          "name",
          "done"
         ]
      },
     "restrictions": {
      "remove": true,
      "drag": true,
      "dropOn": true
     },
     "text": {
      "style": "Title",
      "marks": {

      }
     }
    },
    {
     "id": "featuredRelations",
     "restrictions": {
      "remove": true,
      "drag": true,
      "dropOn": true
     },
     "featuredRelations": {

     }
    }
   ],
   "details": {
     "backlinks": [
       ],
     "createdDate": 1704452848,
     "creator": "_anytype_profile",
     "description": "An individual or collaborative enterprise that is carefully planned to achieve a particular aim",
     "featuredRelations": [
        "backlinks",
        "type"
       ],
     "iconEmoji": "🔨",
     "id": "bafyreiff2liutxzjpbvp4dlykwsnssmanvbrbghzazj35nc6wwxfvg7epy",
     "internalFlags": [
       ],
     "isArchived": false,
     "isHidden": false,
     "isReadonly": false,
     "lastModifiedBy": "_id_AB4FTuRMuPRtnXn71rTT8cYawi5S2PgZ9CYTGZj2WYCSFePP",
     "lastModifiedDate": 1704452848,
     "lastUsedDate": 1706467178,
     "layout": 4,
     "links": [
       ],
     "name": "Project",
     "origin": 7,
     "recommendedLayout": 0,
     "recommendedRelations": [
        "bafyreievoqieiull57ltaad6xucq7smmp6oiuaxhsivuo6gxm5mn7oc25e",
        "bafyreiafdhglton5sepdpdp2qdjux6f57buiqfy4uif4gcv3dq73sgyloq",
        "bafyreicnotcywhj6dkslox66atnnsg3j4f3pmzi4t77ozylby2obpe6j5i",
        "bafyreiaqa6lozoudwm2sjx7hbs6oyw2d3m6rryhbsvd46b4bn7cnur6lrq",
        "bafyreifw2qjaqfmwyuovwvdanbbm73pdwuqgaecjyghen4fhktckxogoe4",
        "bafyreictcggpmfgbr7jfy4hkwrsyglv64eqsmddumpa7tmbwoaggqk37ii",
        "bafyreiehrnwtazralgmdhafr6lr2r3xkdbdtejqalabcetxy5gpatrbvcu",
        "bafyreib44s3k5vonuvuwsiaz63ubjp6ol74hwga6v7rzvqmxgu3c3vugta"
       ],
     "restrictions": [
       ],
     "revision": 0,
     "smartblockTypes": [
        16
       ],
     "snippet": "",
     "sourceObject": "_otproject",
     "spaceId": "bafyreiebz7qevnalge74hay5yd7pgoj3b65eu3qgk3rtfwo7a2g7h4eqdi.1phy5wxbp5mvm",
     "type": "bafyreigtp6uujaz65jl44dtqk2yxfrg4irhtu54afxtoyqitkv5xviaofq",
     "uniqueKey": "ot-project",
     "workspaceId": "_anytype_marketplace"
    },
   "objectTypes": [
    "ot-objectType"
   ],
   "relationLinks": [
    {
     "key": "spaceId",
     "format": "object"
    },
    {
     "key": "lastModifiedDate",
     "format": "date"
    },
    {
     "key": "uniqueKey"
    },
    {
     "key": "origin",
     "format": "number"
    },
    {
     "key": "restrictions",
     "format": "number"
    },
    {
     "key": "layout",
     "format": "number"
    },
    {
     "key": "description"
    },
    {
     "key": "creator",
     "format": "object"
    },
    {
     "key": "isHidden",
     "format": "checkbox"
    },
    {
     "key": "revision",
     "format": "number"
    },
    {
     "key": "workspaceId",
     "format": "object"
    },
    {
     "key": "links",
     "format": "object"
    },
    {
     "key": "isReadonly",
     "format": "checkbox"
    },
    {
     "key": "snippet"
    },
    {
     "key": "recommendedRelations",
     "format": "object"
    },
    {
     "key": "backlinks",
     "format": "object"
    },
    {
     "key": "sourceObject",
     "format": "object"
    },
    {
     "key": "name",
     "format": "shorttext"
    },
    {
     "key": "smartblockTypes",
     "format": "number"
    },
    {
     "key": "id",
     "format": "object"
    },
    {
     "key": "lastModifiedBy",
     "format": "object"
    },
    {
     "key": "type",
     "format": "object"
    },
    {
     "key": "createdDate",
     "format": "date"
    },
    {
     "key": "iconEmoji",
     "format": "emoji"
    },
    {
     "key": "featuredRelations",
     "format": "object"
    },
    {
     "key": "isArchived",
     "format": "checkbox"
    },
    {
     "key": "internalFlags",
     "format": "number"
    },
    {
     "key": "recommendedLayout",
     "format": "number"
    },
    {
     "key": "iconImage",
     "format": "file"
    },
    {
     "key": "layoutAlign",
     "format": "number"
    },
    {
     "key": "coverId"
    },
    {
     "key": "coverScale",
     "format": "number"
    },
    {
     "key": "coverType",
     "format": "number"
    },
    {
     "key": "coverX",
     "format": "number"
    },
    {
     "key": "coverY",
     "format": "number"
    },
    {
     "key": "lastOpenedDate",
     "format": "date"
    },
    {
     "key": "isFavorite",
     "format": "checkbox"
    },
    {
     "key": "lastUsedDate",
     "format": "date"
    }
   ],
   "key": "project"
  }
 }
}