{
 "sbType": "STRelation",
 "snapshot": {
  "data": {
   "blocks": [
    {
     "id": "bafyreic3m6theskciyaqu5bcr44jd3yjmgv4y3xjmtwettutu5ukchvgdu",
     "restrictions": {

     },
     "childrenIds": [
      "header",
      "rel-originalCreatedDate"
     ],
     "smartblock": {

     }
    },
    {
     "id": "header",
     "restrictions": {
      "edit": true,
      "remove": true,
      "drag": true,
      "dropOn": true
     },
     "childrenIds": [
      "title",
      "description",
      "featuredRelations"
     ],
     "layout": {
      "style": "Header"
     }
    },
    {
     "id": "rel-originalCreatedDate",
     "fields": {
       "analyticsContext": "empty",
       "analyticsOriginalId": "rel-originalCreatedDate"
      },
     "restrictions": {
      "edit": true,
      "remove": true,
      "drag": true,
      "dropOn": true
     },
     "childrenIds": [
      "dataview"
     ]
    },
    {
     "id": "title",
     "fields": {
       "_detailsKey": [
          "name",
          "done"
         ]
      },
     "restrictions": {
      "remove": true,
      "drag": true,
      "dropOn": true
     },
     "text": {
      "style": "Title",
      "marks": {

      }
     }
    },
    {
     "id": "description",
     "fields": {
       "_detailsKey": "description"
      },
     "restrictions": {
      "remove": true,
      "drag": true,
      "dropOn": true
     },
     "text": {
      "style": "Description",
      "marks": {

      }
     }
    },
    {
     "id": "featuredRelations",
     "restrictions": {
      "remove": true,
      "drag": true,
      "dropOn": true
     },
     "featuredRelations": {

     }
    },
    {
     "id": "dataview",
     "dataview": {
      "source": [
       "rel-originalCreatedDate"
      ],
      "views": [
       {
        "id": "1",
        "name": "All",
        "sorts": [
         {
          "RelationKey": "originalCreatedDate"
         }
        ],
        "relations": [
         {
          "key": "name",
          "isVisible": true
         },
         {
          "key": "originalCreatedDate",
          "isVisible": true
         }
        ]
       }
      ]
     }
    }
   ],
   "details": {
     "addedDate": 1706467178,
     "backlinks": [
       ],
     "createdDate": 1706467178,
     "creator": "_id_AB4FTuRMuPRtnXn71rTT8cYawi5S2PgZ9CYTGZj2WYCSFePP",
     "description": "Original date of imported object from some source",
     "featuredRelations": [
        "description",
        "type",
        "sourceObject"
       ],
     "id": "bafyreic3m6theskciyaqu5bcr44jd3yjmgv4y3xjmtwettutu5ukchvgdu",
     "isHidden": true,
     "lastModifiedBy": "_id_AB4FTuRMuPRtnXn71rTT8cYawi5S2PgZ9CYTGZj2WYCSFePP",
     "lastModifiedDate": 1706470000,
     "layout": 5,
     "links": [
       ],
     "name": "Original creation date",
     "oldAnytypeID": "rel-originalCreatedDate",
     "origin": 6,
     "relationDefaultValue": null,
     "relationFormat": 4,
     "relationKey": "originalCreatedDate",
     "relationMaxCount": 1,
     "relationReadonlyValue": true,
     "restrictions": [
       ],
     "scope": 1,
     "snippet": "",
     "sourceFilePath": "pb:/Users/darshan/Library/Application Support/anytype/data/tmp/tmp.20240129.000938.05.zip/rel-originalCreatedDate.pb",
     "sourceObject": "_broriginalCreatedDate",
     "spaceId": "bafyreiebz7qevnalge74hay5yd7pgoj3b65eu3qgk3rtfwo7a2g7h4eqdi.1phy5wxbp5mvm",
     "type": "bafyreiblbgghovf7f66evjmo3zff243xuz6ku6wcsewz6rinka5hs2k6hm",
     "uniqueKey": "rel-originalCreatedDate"
    },
   "objectTypes": [
    "ot-relation"
   ],
   "relationLinks": [
    {
     "key": "id",
     "format": "object"
    },
    {
     "key": "snippet"
    },
    {
     "key": "scope"
    },
    {
     "key": "relationFormatObjectTypes",
     "format": "object"
    },
    {
     "key": "sourceFilePath"
    },
    {
     "key": "lastModifiedBy",
     "format": "object"
    },
    {
     "key": "oldAnytypeID"
    },
    {
     "key": "relationMaxCount",
     "format": "number"
    },
    {
     "key": "type",
     "format": "object"
    },
    {
     "key": "relationKey"
    },
    {
     "key": "description"
    },
    {
     "key": "layout",
     "format": "number"
    },
    {
     "key": "relationReadonlyValue",
     "format": "checkbox"
    },
    {
     "key": "relationFormat",
     "format": "number"
    },
    {
     "key": "featuredRelations",
     "format": "object"
    },
    {
     "key": "isHidden",
     "format": "checkbox"
    },
    {
     "key": "name",
     "format": "shorttext"
    },
    {
     "key": "relationDefaultValue"
    },
    {
     "key": "createdDate",
     "format": "date"
    },
    {
     "key": "creator",
     "format": "object"
    },
    {
     "key": "lastModifiedDate",
     "format": "date"
    },
    {
     "key": "lastOpenedDate",
     "format": "date"
    },
    {
     "key": "workspaceId",
     "format": "object"
    },
    {
     "key": "isReadonly",
     "format": "checkbox"
    },
    {
     "key": "origin",
     "format": "number"
    },
    {
     "key": "sourceObject",
     "format": "object"
    },
    {
     "key": "addedDate",
     "format": "date"
    },
    {
     "key": "spaceId",
     "format": "object"
    },
    {
     "key": "uniqueKey"
    },
    {
     "key": "backlinks",
     "format": "object"
    },
    {
     "key": "iconEmoji",
     "format": "emoji"
    },
    {
     "key": "iconImage",
     "format": "file"
    },
    {
     "key": "layoutAlign",
     "format": "number"
    },
    {
     "key": "coverId"
    },
    {
     "key": "coverScale",
     "format": "number"
    },
    {
     "key": "coverType",
     "format": "number"
    },
    {
     "key": "coverX",
     "format": "number"
    },
    {
     "key": "coverY",
     "format": "number"
    },
    {
     "key": "isFavorite",
     "format": "checkbox"
    },
    {
     "key": "links",
     "format": "object"
    },
    {
     "key": "internalFlags",
     "format": "number"
    },
    {
     "key": "restrictions",
     "format": "number"
    }
   ],
   "key": "originalCreatedDate"
  }
 }
}