{
 "sbType": "Template",
 "snapshot": {
  "data": {
   "blocks": [
    {
     "id": "bafyreihebzhyelihmpt6n6v6f6bm24tdv52wpyqctwk6trqtd6tbkjsjue",
     "fields": {
       "analyticsOriginalId": "bafyreieioqsapnfnsdwkaywnwbbgmqs6fepqer7r3efqar7bfxw7xn335a"
      },
     "restrictions": {

     },
     "childrenIds": [
      "header",
      "643fe8a45600a4a8c2059273",
      "643fe7e95600a4a8c2059265",
      "646e57b5fc5e684b73bc4911",
      "643fb57b5600a4a8c205923e",
      "643fe8915600a4a8c205926e",
      "646e57b6fc5e684b73bc4912"
     ],
     "smartblock": {

     }
    },
    {
     "id": "header",
     "restrictions": {
      "edit": true,
      "remove": true,
      "drag": true,
      "dropOn": true
     },
     "childrenIds": [
      "title",
      "featuredRelations"
     ],
     "layout": {
      "style": "Header"
     }
    },
    {
     "id": "643fe8a45600a4a8c2059273",
     "text": {
      "text": " Morning",
      "style": "Header1",
      "marks": {
       "marks": [
        {
         "range": {
          "to": 1
         },
         "type": "Emoji",
         "param": "☀️"
        }
       ]
      }
     }
    },
    {
     "id": "643fe7e95600a4a8c2059265",
     "text": {
      "text": "Intentions, Gratitude, Self-care",
      "marks": {

      }
     }
    },
    {
     "id": "646e57b5fc5e684b73bc4911",
     "text": {
      "marks": {

      }
     }
    },
    {
     "id": "643fb57b5600a4a8c205923e",
     "text": {
      "text": "🌙 Evening",
      "style": "Header1",
      "marks": {

      }
     }
    },
    {
     "id": "643fe8915600a4a8c205926e",
     "text": {
      "text": "Highlights, Challenges, Lessons, Gratitude",
      "marks": {

      }
     }
    },
    {
     "id": "646e57b6fc5e684b73bc4912",
     "text": {
      "marks": {

      }
     }
    },
    {
     "id": "title",
     "fields": {
       "_detailsKey": [
          "name",
          "done"
         ]
      },
     "restrictions": {
      "remove": true,
      "drag": true,
      "dropOn": true
     },
     "text": {
      "style": "Title",
      "marks": {

      }
     }
    },
    {
     "id": "featuredRelations",
     "restrictions": {
      "remove": true,
      "drag": true,
      "dropOn": true
     },
     "featuredRelations": {

     }
    }
   ],
   "details": {
     "backlinks": [
       ],
     "createdDate": 1706467178,
     "creator": "_id_AB4FTuRMuPRtnXn71rTT8cYawi5S2PgZ9CYTGZj2WYCSFePP",
     "description": "",
     "featuredRelations": [
        "createdDate",
        "tag",
        "type",
        "backlinks"
       ],
     "id": "bafyreihebzhyelihmpt6n6v6f6bm24tdv52wpyqctwk6trqtd6tbkjsjue",
     "lastModifiedBy": "_id_AB4FTuRMuPRtnXn71rTT8cYawi5S2PgZ9CYTGZj2WYCSFePP",
     "lastModifiedDate": 1706467178,
     "layout": 0,
     "links": [
       ],
     "name": "Daily note",
     "oldAnytypeID": "bafyreieioqsapnfnsdwkaywnwbbgmqs6fepqer7r3efqar7bfxw7xn335a",
     "origin": 7,
     "restrictions": [
        5,
        7
       ],
     "snippet": "Morning\nIntentions, Gratitude, Self-care\n🌙 Evening",
     "sourceObject": "bafyreiactt66bryrlt3ndy6ifyrj6u4isywdehtesmqf7dk7mmb564eme4",
     "spaceId": "bafyreiebz7qevnalge74hay5yd7pgoj3b65eu3qgk3rtfwo7a2g7h4eqdi.1phy5wxbp5mvm",
     "targetObjectType": "bafyreifh6wnhdtvbrqsv6argxrlncn4tfz7ogfwnlsmu4qs74owhfgm7eu",
     "type": "bafyreibuhqfz5u24yac4rjmtf3gxaomrhv3ntaltzb4kxw2s7qpw3pjhka"
    },
   "objectTypes": [
    "ot-template",
    "ot-diaryEntry"
   ],
   "relationLinks": [
    {
     "key": "id",
     "format": "object"
    },
    {
     "key": "snippet"
    },
    {
     "key": "workspaceId",
     "format": "object"
    },
    {
     "key": "createdDate",
     "format": "date"
    },
    {
     "key": "creator",
     "format": "object"
    },
    {
     "key": "type",
     "format": "object"
    },
    {
     "key": "targetObjectType",
     "format": "object"
    },
    {
     "key": "internalFlags",
     "format": "number"
    },
    {
     "key": "name",
     "format": "shorttext"
    },
    {
     "key": "description"
    },
    {
     "key": "iconEmoji",
     "format": "emoji"
    },
    {
     "key": "iconImage",
     "format": "file"
    },
    {
     "key": "layout",
     "format": "number"
    },
    {
     "key": "layoutAlign",
     "format": "number"
    },
    {
     "key": "coverId",
     "format": "shorttext"
    },
    {
     "key": "coverScale",
     "format": "number"
    },
    {
     "key": "coverType",
     "format": "number"
    },
    {
     "key": "coverX",
     "format": "number"
    },
    {
     "key": "coverY",
     "format": "number"
    },
    {
     "key": "lastModifiedDate",
     "format": "date"
    },
    {
     "key": "lastModifiedBy",
     "format": "object"
    },
    {
     "key": "lastOpenedDate",
     "format": "date"
    },
    {
     "key": "featuredRelations",
     "format": "object"
    },
    {
     "key": "isFavorite",
     "format": "checkbox"
    },
    {
     "key": "links",
     "format": "object"
    },
    {
     "key": "restrictions",
     "format": "number"
    },
    {
     "key": "tag",
     "format": "tag"
    },
    {
     "key": "isArchived",
     "format": "checkbox"
    },
    {
     "key": "sourceFilePath"
    },
    {
     "key": "oldAnytypeID"
    },
    {
     "key": "sourceObject",
     "format": "object"
    },
    {
     "key": "backlinks",
     "format": "object"
    },
    {
     "key": "origin",
     "format": "number"
    },
    {
     "key": "spaceId",
     "format": "object"
    },
    {
     "key": "isReadonly",
     "format": "checkbox"
    }
   ]
  }
 }
}