{
 "sbType": "STType",
 "snapshot": {
  "data": {
   "blocks": [
    {
     "id": "bafyreihfxnndrknwcqgwo6w5i5wvb63jucndv2gxafmxqq6zzeeotv7jdi",
     "restrictions": {

     },
     "childrenIds": [
      "header"
     ],
     "smartblock": {

     }
    },
    {
     "id": "header",
     "restrictions": {
      "edit": true,
      "remove": true,
      "drag": true,
      "dropOn": true
     },
     "childrenIds": [
      "title",
      "featuredRelations"
     ],
     "layout": {
      "style": "Header"
     }
    },
    {
     "id": "title",
     "fields": {
       "_detailsKey": [
          "name",
          "done"
         ]
      },
     "restrictions": {
      "remove": true,
      "drag": true,
      "dropOn": true
     },
     "text": {
      "style": "Title",
      "marks": {

      }
     }
    },
    {
     "id": "featuredRelations",
     "restrictions": {
      "remove": true,
      "drag": true,
      "dropOn": true
     },
     "featuredRelations": {

     }
    }
   ],
   "details": {
     "backlinks": [
       ],
     "createdDate": 1704452848,
     "creator": "_anytype_profile",
     "description": "Object that contains a relation option",
     "featuredRelations": [
        "backlinks",
        "type"
       ],
     "iconEmoji": "🥚",
     "id": "bafyreihfxnndrknwcqgwo6w5i5wvb63jucndv2gxafmxqq6zzeeotv7jdi",
     "internalFlags": [
       ],
     "isArchived": false,
     "isHidden": true,
     "isReadonly": true,
     "lastModifiedBy": "_id_AB4FTuRMuPRtnXn71rTT8cYawi5S2PgZ9CYTGZj2WYCSFePP",
     "lastModifiedDate": 1704452848,
     "lastUsedDate": 1706469218,
     "layout": 4,
     "links": [
       ],
     "name": "Relation option",
     "origin": 7,
     "recommendedLayout": 13,
     "recommendedRelations": [
        "bafyreib44s3k5vonuvuwsiaz63ubjp6ol74hwga6v7rzvqmxgu3c3vugta"
       ],
     "restrictions": [
        3,
        6,
        5,
        7,
        4,
        1
       ],
     "revision": 0,
     "smartblockTypes": [
        513
       ],
     "snippet": "",
     "sourceObject": "_otrelationOption",
     "spaceId": "bafyreiebz7qevnalge74hay5yd7pgoj3b65eu3qgk3rtfwo7a2g7h4eqdi.1phy5wxbp5mvm",
     "type": "bafyreigtp6uujaz65jl44dtqk2yxfrg4irhtu54afxtoyqitkv5xviaofq",
     "uniqueKey": "ot-relationOption",
     "workspaceId": "_anytype_marketplace"
    },
   "objectTypes": [
    "ot-objectType"
   ],
   "relationLinks": [
    {
     "key": "spaceId",
     "format": "object"
    },
    {
     "key": "description"
    },
    {
     "key": "recommendedRelations",
     "format": "object"
    },
    {
     "key": "recommendedLayout",
     "format": "number"
    },
    {
     "key": "layout",
     "format": "number"
    },
    {
     "key": "sourceObject",
     "format": "object"
    },
    {
     "key": "origin",
     "format": "number"
    },
    {
     "key": "smartblockTypes",
     "format": "number"
    },
    {
     "key": "name",
     "format": "shorttext"
    },
    {
     "key": "internalFlags",
     "format": "number"
    },
    {
     "key": "featuredRelations",
     "format": "object"
    },
    {
     "key": "isHidden",
     "format": "checkbox"
    },
    {
     "key": "revision",
     "format": "number"
    },
    {
     "key": "iconEmoji",
     "format": "emoji"
    },
    {
     "key": "id",
     "format": "object"
    },
    {
     "key": "uniqueKey"
    },
    {
     "key": "isReadonly",
     "format": "checkbox"
    },
    {
     "key": "snippet"
    },
    {
     "key": "backlinks",
     "format": "object"
    },
    {
     "key": "iconImage",
     "format": "file"
    },
    {
     "key": "type",
     "format": "object"
    },
    {
     "key": "layoutAlign",
     "format": "number"
    },
    {
     "key": "coverId"
    },
    {
     "key": "coverScale",
     "format": "number"
    },
    {
     "key": "coverType",
     "format": "number"
    },
    {
     "key": "coverX",
     "format": "number"
    },
    {
     "key": "coverY",
     "format": "number"
    },
    {
     "key": "createdDate",
     "format": "date"
    },
    {
     "key": "creator",
     "format": "object"
    },
    {
     "key": "lastModifiedDate",
     "format": "date"
    },
    {
     "key": "lastModifiedBy",
     "format": "object"
    },
    {
     "key": "lastOpenedDate",
     "format": "date"
    },
    {
     "key": "isFavorite",
     "format": "checkbox"
    },
    {
     "key": "workspaceId",
     "format": "object"
    },
    {
     "key": "links",
     "format": "object"
    },
    {
     "key": "restrictions",
     "format": "number"
    },
    {
     "key": "lastUsedDate",
     "format": "date"
    },
    {
     "key": "isArchived",
     "format": "checkbox"
    }
   ],
   "key": "relationOption"
  }
 }
}