{
 "sbType": "Template",
 "snapshot": {
  "data": {
   "blocks": [
    {
     "id": "bafyreienaz5jeqiuucglalrjkgpgm4evyj4j5ksk3rcidh3vd255fcvwr4",
     "fields": {
       "analyticsOriginalId": "bafyreied5biwzt4jqshuhmhmknuu37kvsu4kafezcb5b5bcxf2jivdnntq"
      },
     "restrictions": {

     },
     "childrenIds": [
      "header",
      "div-60f5c8ab6cabea22ef364e96"
     ],
     "smartblock": {

     }
    },
    {
     "id": "header",
     "restrictions": {
      "edit": true,
      "remove": true,
      "drag": true,
      "dropOn": true
     },
     "childrenIds": [
      "title",
      "featuredRelations"
     ],
     "layout": {
      "style": "Header"
     }
    },
    {
     "id": "div-60f5c8ab6cabea22ef364e96",
     "childrenIds": [
      "60f09a0fd5877d31cde9f772",
      "60f09a0fd5877d31cde9f773",
      "60f09e74d5877d31cde9f7da",
      "60f09e74d5877d31cde9f7db",
      "60f09e74d5877d31cde9f7dc",
      "60f5c4786cabea22ef364e06",
      "60f5c47a6cabea22ef364e07"
     ],
     "layout": {
      "style": "Div"
     }
    },
    {
     "id": "title",
     "fields": {
       "_detailsKey": [
          "name",
          "done"
         ]
      },
     "restrictions": {
      "remove": true,
      "drag": true,
      "dropOn": true
     },
     "text": {
      "style": "Title",
      "marks": {

      }
     }
    },
    {
     "id": "featuredRelations",
     "restrictions": {
      "remove": true,
      "drag": true,
      "dropOn": true
     },
     "featuredRelations": {

     }
    },
    {
     "id": "60f09a0fd5877d31cde9f772",
     "fields": {
      },
     "text": {
      "text": "Describe your project…",
      "style": "Header2",
      "marks": {

      }
     }
    },
    {
     "id": "60f09a0fd5877d31cde9f773",
     "fields": {
      },
     "div": {

     }
    },
    {
     "id": "60f09e74d5877d31cde9f7da",
     "fields": {
      },
     "text": {
      "text": "What is it for…",
      "marks": {

      }
     }
    },
    {
     "id": "60f09e74d5877d31cde9f7db",
     "fields": {
      },
     "text": {
      "text": "Goals…",
      "marks": {

      }
     }
    },
    {
     "id": "60f09e74d5877d31cde9f7dc",
     "fields": {
      },
     "text": {
      "text": "Measure of success…",
      "marks": {

      }
     }
    },
    {
     "id": "60f5c4786cabea22ef364e06",
     "text": {
      "marks": {

      }
     }
    },
    {
     "id": "60f5c47a6cabea22ef364e07",
     "text": {
      "marks": {

      }
     }
    }
   ],
   "details": {
     "backlinks": [
       ],
     "createdDate": 1706467178,
     "creator": "_id_AB4FTuRMuPRtnXn71rTT8cYawi5S2PgZ9CYTGZj2WYCSFePP",
     "description": "",
     "featuredRelations": [
        "type",
        "backlinks"
       ],
     "id": "bafyreienaz5jeqiuucglalrjkgpgm4evyj4j5ksk3rcidh3vd255fcvwr4",
     "lastModifiedBy": "_id_AB4FTuRMuPRtnXn71rTT8cYawi5S2PgZ9CYTGZj2WYCSFePP",
     "lastModifiedDate": 1706467178,
     "layout": 0,
     "links": [
       ],
     "name": "Project",
     "oldAnytypeID": "bafyreied5biwzt4jqshuhmhmknuu37kvsu4kafezcb5b5bcxf2jivdnntq",
     "origin": 7,
     "restrictions": [
        5,
        7
       ],
     "snippet": "Describe your project…\nWhat is it for…\nGoals…\nMeasure of success…",
     "sourceObject": "bafyreidgk6nq7vbvbh5pwyj32vb3a5svs6wmmzjzyygd2i2jiyhl35tmn4",
     "spaceId": "bafyreiebz7qevnalge74hay5yd7pgoj3b65eu3qgk3rtfwo7a2g7h4eqdi.1phy5wxbp5mvm",
     "targetObjectType": "bafyreiff2liutxzjpbvp4dlykwsnssmanvbrbghzazj35nc6wwxfvg7epy",
     "type": "bafyreibuhqfz5u24yac4rjmtf3gxaomrhv3ntaltzb4kxw2s7qpw3pjhka"
    },
   "objectTypes": [
    "ot-template",
    "ot-project"
   ],
   "relationLinks": [
    {
     "key": "createdDate",
     "format": "date"
    },
    {
     "key": "creator",
     "format": "object"
    },
    {
     "key": "layout",
     "format": "number"
    },
    {
     "key": "targetObjectType",
     "format": "object"
    },
    {
     "key": "type",
     "format": "object"
    },
    {
     "key": "id",
     "format": "object"
    },
    {
     "key": "name",
     "format": "shorttext"
    },
    {
     "key": "description"
    },
    {
     "key": "iconEmoji",
     "format": "emoji"
    },
    {
     "key": "iconImage",
     "format": "file"
    },
    {
     "key": "layoutAlign",
     "format": "number"
    },
    {
     "key": "coverId",
     "format": "shorttext"
    },
    {
     "key": "coverScale",
     "format": "number"
    },
    {
     "key": "coverType",
     "format": "number"
    },
    {
     "key": "coverX",
     "format": "number"
    },
    {
     "key": "coverY",
     "format": "number"
    },
    {
     "key": "lastModifiedDate",
     "format": "date"
    },
    {
     "key": "lastModifiedBy",
     "format": "object"
    },
    {
     "key": "lastOpenedDate",
     "format": "date"
    },
    {
     "key": "featuredRelations",
     "format": "object"
    },
    {
     "key": "isHidden",
     "format": "checkbox"
    },
    {
     "key": "isArchived",
     "format": "checkbox"
    },
    {
     "key": "snippet"
    },
    {
     "key": "isFavorite",
     "format": "checkbox"
    },
    {
     "key": "sourceObject",
     "format": "object"
    },
    {
     "key": "workspaceId",
     "format": "object"
    },
    {
     "key": "links",
     "format": "object"
    },
    {
     "key": "internalFlags",
     "format": "number"
    },
    {
     "key": "restrictions",
     "format": "number"
    },
    {
     "key": "sourceFilePath"
    },
    {
     "key": "oldAnytypeID"
    },
    {
     "key": "backlinks",
     "format": "object"
    },
    {
     "key": "origin",
     "format": "number"
    },
    {
     "key": "templateIsBundled",
     "format": "checkbox"
    },
    {
     "key": "spaceId",
     "format": "object"
    },
    {
     "key": "isReadonly",
     "format": "checkbox"
    }
   ]
  }
 }
}