{
 "sbType": "Page",
 "snapshot": {
  "data": {
   "blocks": [
    {
     "id": "bafyreihgjka7mf6cqor3qynp5a75t3aieimjs6sbts2ja46acha237lmaa",
     "restrictions": {

     },
     "childrenIds": [
      "header",
      "65b6a4900b0aa0196f7f11be",
      "65b6a4e30b0aa0196f7f11c1",
      "65b6a4750b0aa0196f7f11bb",
      "65b6a4750b0aa0196f7f11bc",
      "65b6a4760b0aa0196f7f11bd",
      "65b6a2670b0aa0196f7f11ae",
      "65b6a2a40b0aa0196f7f11b1",
      "65b6a2cd0b0aa0196f7f11b4",
      "65b6a3bc0b0aa0196f7f11b7"
     ],
     "smartblock": {

     }
    },
    {
     "id": "header",
     "restrictions": {
      "edit": true,
      "remove": true,
      "drag": true,
      "dropOn": true
     },
     "childrenIds": [
      "title",
      "featuredRelations"
     ],
     "layout": {
      "style": "Header"
     }
    },
    {
     "id": "65b6a4900b0aa0196f7f11be",
     "relation": {
      "key": "tag"
     }
    },
    {
     "id": "65b6a4e30b0aa0196f7f11c1",
     "relation": {
      "key": "createdDate"
     }
    },
    {
     "id": "65b6a4750b0aa0196f7f11bb",
     "text": {
      "marks": {

      }
     }
    },
    {
     "id": "65b6a4750b0aa0196f7f11bc",
     "text": {
      "marks": {

      }
     }
    },
    {
     "id": "65b6a4760b0aa0196f7f11bd",
     "text": {
      "marks": {

      }
     }
    },
    {
     "id": "65b6a2670b0aa0196f7f11ae",
     "relation": {
      "key": "65b6a2800b0aa0196f7f11af"
     }
    },
    {
     "id": "65b6a2a40b0aa0196f7f11b1",
     "relation": {
      "key": "65b6a2bf0b0aa0196f7f11b2"
     }
    },
    {
     "id": "65b6a2cd0b0aa0196f7f11b4",
     "relation": {
      "key": "65b6a2e40b0aa0196f7f11b5"
     }
    },
    {
     "id": "65b6a3bc0b0aa0196f7f11b7",
     "relation": {
      "key": "65b6a3c90b0aa0196f7f11b8"
     }
    },
    {
     "id": "title",
     "fields": {
       "_detailsKey": [
          "name",
          "done"
         ]
      },
     "restrictions": {
      "remove": true,
      "drag": true,
      "dropOn": true
     },
     "text": {
      "style": "Title",
      "marks": {

      }
     }
    },
    {
     "id": "featuredRelations",
     "restrictions": {
      "remove": true,
      "drag": true,
      "dropOn": true
     },
     "featuredRelations": {

     }
    }
   ],
   "details": {
     "65b6a2bf0b0aa0196f7f11b2": true,
     "65b6a2e40b0aa0196f7f11b5": true,
     "backlinks": [
       ],
     "coverId": "bafybeiff4bzuvuiz54zvvkmshafahtdonj3wuaumwfbmlo7xqelicnxznq",
     "coverScale": 0,
     "coverType": 5,
     "coverX": 0,
     "coverY": -0.25,
     "createdDate": 1706467934,
     "creator": "_id_AB4FTuRMuPRtnXn71rTT8cYawi5S2PgZ9CYTGZj2WYCSFePP",
     "done": false,
     "featuredRelations": [
        "type",
        "backlinks"
       ],
     "iconEmoji": "🦁",
     "iconImage": "",
     "id": "bafyreihgjka7mf6cqor3qynp5a75t3aieimjs6sbts2ja46acha237lmaa",
     "lastModifiedBy": "_id_AB4FTuRMuPRtnXn71rTT8cYawi5S2PgZ9CYTGZj2WYCSFePP",
     "lastModifiedDate": 1706469067,
     "lastOpenedDate": 1706468694,
     "layout": 0,
     "layoutAlign": 0,
     "links": [
       ],
     "name": "Habit Tracking",
     "restrictions": [
       ],
     "snippet": "",
     "spaceId": "bafyreiebz7qevnalge74hay5yd7pgoj3b65eu3qgk3rtfwo7a2g7h4eqdi.1phy5wxbp5mvm",
     "tag": [
        "bafyreif3ueexdbr727yc2krruig5fxkeyngwmgq2vog3xvb3spbucn5kri"
       ],
     "type": "bafyreiaoor4spo3kjebhraum4ttuck7mbne53iun3gj6viulsviiwtvfgq"
    },
   "objectTypes": [
    "ot-note"
   ],
   "relationLinks": [
    {
     "key": "id",
     "format": "object"
    },
    {
     "key": "name",
     "format": "shorttext"
    },
    {
     "key": "description"
    },
    {
     "key": "snippet"
    },
    {
     "key": "iconEmoji",
     "format": "emoji"
    },
    {
     "key": "iconImage",
     "format": "file"
    },
    {
     "key": "type",
     "format": "object"
    },
    {
     "key": "layout",
     "format": "number"
    },
    {
     "key": "layoutAlign",
     "format": "number"
    },
    {
     "key": "coverId"
    },
    {
     "key": "coverScale",
     "format": "number"
    },
    {
     "key": "coverType",
     "format": "number"
    },
    {
     "key": "coverX",
     "format": "number"
    },
    {
     "key": "coverY",
     "format": "number"
    },
    {
     "key": "createdDate",
     "format": "date"
    },
    {
     "key": "creator",
     "format": "object"
    },
    {
     "key": "lastModifiedDate",
     "format": "date"
    },
    {
     "key": "lastModifiedBy",
     "format": "object"
    },
    {
     "key": "lastOpenedDate",
     "format": "date"
    },
    {
     "key": "featuredRelations",
     "format": "object"
    },
    {
     "key": "isFavorite",
     "format": "checkbox"
    },
    {
     "key": "workspaceId",
     "format": "object"
    },
    {
     "key": "spaceId",
     "format": "object"
    },
    {
     "key": "links",
     "format": "object"
    },
    {
     "key": "internalFlags",
     "format": "number"
    },
    {
     "key": "restrictions",
     "format": "number"
    },
    {
     "key": "backlinks",
     "format": "object"
    },
    {
     "key": "65b6a2800b0aa0196f7f11af",
     "format": "checkbox"
    },
    {
     "key": "65b6a2bf0b0aa0196f7f11b2",
     "format": "checkbox"
    },
    {
     "key": "65b6a2e40b0aa0196f7f11b5",
     "format": "checkbox"
    },
    {
     "key": "65b6a3c90b0aa0196f7f11b8",
     "format": "checkbox"
    },
    {
     "key": "done",
     "format": "checkbox"
    },
    {
     "key": "tag",
     "format": "tag"
    }
   ]
  },
  "fileKeys": [
   {
    "hash": "bafybeiff4bzuvuiz54zvvkmshafahtdonj3wuaumwfbmlo7xqelicnxznq",
    "keys": {
     "/0/exif/": "bavibbnjhafys634tqej6oumrfigyziiqfgut5vhvvqgpwepflgla",
     "/0/large/": "b5tc2ji3cntmp3mxlaj65nebeyulbuzb7uziac57whagxcwemdraa",
     "/0/original/": "b5tc2ji3cntmp3mxlaj65nebeyulbuzb7uziac57whagxcwemdraa",
     "/0/small/": "b2mrzmhps2ss2vld5sckv7hr34bdbwfgy7hdtjbm2mnvywolvqi7q",
     "/0/thumb/": "bnghbq2le3ph4di4ngwso2y7hnuptkj354imzc72d2rsjgkeuud2a"
    }
   }
  ]
 }
}