{
 "sbType": "STRelationOption",
 "snapshot": {
  "data": {
   "blocks": [
    {
     "id": "bafyreibwvfyplzagb6zvhdoxx7jicyhaluwcjuj7ck6a3n77u4zzu3sz3a",
     "restrictions": {

     },
     "childrenIds": [
      "header",
      "63454af7c493f68e301890dd"
     ],
     "smartblock": {

     }
    },
    {
     "id": "header",
     "restrictions": {
      "edit": true,
      "remove": true,
      "drag": true,
      "dropOn": true
     },
     "childrenIds": [
      "title",
      "featuredRelations"
     ],
     "layout": {
      "style": "Header"
     }
    },
    {
     "id": "63454af7c493f68e301890dd",
     "fields": {
       "analyticsContext": "empty",
       "analyticsOriginalId": "63454af7c493f68e301890dd"
      },
     "restrictions": {
      "edit": true,
      "remove": true,
      "drag": true,
      "dropOn": true
     },
     "childrenIds": [
      "dataview"
     ]
    },
    {
     "id": "title",
     "fields": {
       "_detailsKey": [
          "name",
          "done"
         ]
      },
     "restrictions": {
      "edit": true,
      "remove": true,
      "drag": true,
      "dropOn": true
     },
     "text": {
      "style": "Title",
      "marks": {

      }
     }
    },
    {
     "id": "featuredRelations",
     "restrictions": {
      "remove": true,
      "drag": true,
      "dropOn": true
     },
     "featuredRelations": {

     }
    },
    {
     "id": "dataview",
     "restrictions": {
      "edit": true,
      "remove": true,
      "drag": true,
      "dropOn": true
     },
     "dataview": {
      "source": [
       "status"
      ],
      "views": [
       {
        "id": "1",
        "name": "All",
        "sorts": [
         {
          "RelationKey": "name"
         }
        ],
        "filters": [
         {
          "RelationKey": "status",
          "condition": "In",
          "value": [
             "bafyreibwvfyplzagb6zvhdoxx7jicyhaluwcjuj7ck6a3n77u4zzu3sz3a"
            ]
         }
        ]
       }
      ]
     }
    }
   ],
   "details": {
     "addedDate": 1706467178,
     "backlinks": [
       ],
     "createdDate": 1706467178,
     "creator": "_id_AB4FTuRMuPRtnXn71rTT8cYawi5S2PgZ9CYTGZj2WYCSFePP",
     "featuredRelations": [
        "description",
        "type",
        "sourceObject"
       ],
     "id": "bafyreibwvfyplzagb6zvhdoxx7jicyhaluwcjuj7ck6a3n77u4zzu3sz3a",
     "lastModifiedBy": "_id_AB4FTuRMuPRtnXn71rTT8cYawi5S2PgZ9CYTGZj2WYCSFePP",
     "lastModifiedDate": 1706470000,
     "layout": 13,
     "links": [
       ],
     "name": "Done",
     "oldAnytypeID": "63454af7c493f68e301890dd",
     "origin": 6,
     "relationKey": "status",
     "relationOptionColor": "lime",
     "restrictions": [
       ],
     "snippet": "",
     "sourceFilePath": "pb:/Users/darshan/Library/Application Support/anytype/data/tmp/tmp.20240129.000938.05.zip/63454af7c493f68e301890dd.pb",
     "spaceId": "bafyreiebz7qevnalge74hay5yd7pgoj3b65eu3qgk3rtfwo7a2g7h4eqdi.1phy5wxbp5mvm",
     "type": "bafyreihfxnndrknwcqgwo6w5i5wvb63jucndv2gxafmxqq6zzeeotv7jdi",
     "uniqueKey": "opt-63454af7c493f68e301890dd"
    },
   "objectTypes": [
    "ot-relationOption"
   ],
   "relationLinks": [
    {
     "key": "id",
     "format": "object"
    },
    {
     "key": "snippet"
    },
    {
     "key": "name",
     "format": "shorttext"
    },
    {
     "key": "relationOptionColor"
    },
    {
     "key": "type",
     "format": "object"
    },
    {
     "key": "featuredRelations",
     "format": "object"
    },
    {
     "key": "createdDate",
     "format": "date"
    },
    {
     "key": "layout",
     "format": "number"
    },
    {
     "key": "relationKey"
    },
    {
     "key": "oldAnytypeID"
    },
    {
     "key": "sourceFilePath"
    },
    {
     "key": "lastModifiedBy",
     "format": "object"
    },
    {
     "key": "creator",
     "format": "object"
    },
    {
     "key": "lastModifiedDate",
     "format": "date"
    },
    {
     "key": "lastOpenedDate",
     "format": "date"
    },
    {
     "key": "workspaceId",
     "format": "object"
    },
    {
     "key": "origin",
     "format": "number"
    },
    {
     "key": "addedDate",
     "format": "date"
    },
    {
     "key": "spaceId",
     "format": "object"
    },
    {
     "key": "uniqueKey"
    },
    {
     "key": "backlinks",
     "format": "object"
    },
    {
     "key": "description"
    },
    {
     "key": "iconEmoji",
     "format": "emoji"
    },
    {
     "key": "iconImage",
     "format": "file"
    },
    {
     "key": "layoutAlign",
     "format": "number"
    },
    {
     "key": "coverId"
    },
    {
     "key": "coverScale",
     "format": "number"
    },
    {
     "key": "coverType",
     "format": "number"
    },
    {
     "key": "coverX",
     "format": "number"
    },
    {
     "key": "coverY",
     "format": "number"
    },
    {
     "key": "isFavorite",
     "format": "checkbox"
    },
    {
     "key": "links",
     "format": "object"
    },
    {
     "key": "internalFlags",
     "format": "number"
    },
    {
     "key": "restrictions",
     "format": "number"
    }
   ],
   "key": "63454af7c493f68e301890dd"
  }
 }
}