{
 "sbType": "Page",
 "snapshot": {
  "data": {
   "blocks": [
    {
     "id": "bafyreieu4aj4rhwsd5i53is6fsekt2jt3to2qax6hvbyqoewt7zffoe2be",
     "fields": {
       "analyticsContext": "empty",
       "analyticsOriginalId": "bafyecg4cy5ekhumdbjtdnrxi3fw4645ank3yjgcfibb6fqw3r6hah6hr"
      },
     "restrictions": {
      "edit": true,
      "remove": true,
      "drag": true,
      "dropOn": true
     },
     "childrenIds": [
      "header",
      "dataview"
     ],
     "smartblock": {

     }
    },
    {
     "id": "header",
     "restrictions": {
      "edit": true,
      "remove": true,
      "drag": true,
      "dropOn": true
     },
     "childrenIds": [
      "title",
      "description",
      "featuredRelations"
     ],
     "layout": {
      "style": "Header"
     }
    },
    {
     "id": "dataview",
     "restrictions": {

     },
     "dataview": {
      "source": [
       "ot-bookmark"
      ],
      "views": [
       {
        "id": "62ac60420d5471da7ccb54e3",
        "type": "List",
        "name": "All",
        "sorts": [
         {
          "id": "63db97200e01101ff536a75e",
          "RelationKey": "createdDate",
          "type": "Desc",
          "format": "date"
         }
        ],
        "relations": [
         {
          "key": "name",
          "isVisible": true,
          "width": 268
         },
         {
          "key": "description",
          "width": 192
         },
         {
          "key": "createdDate",
          "width": 192
         },
         {
          "key": "lastModifiedBy",
          "width": 192
         },
         {
          "key": "lastModifiedDate",
          "width": 192
         },
         {
          "key": "lastOpenedDate",
          "width": 192
         },
         {
          "key": "source",
          "isVisible": true,
          "width": 364
         },
         {
          "key": "tag",
          "width": 192
         },
         {
          "key": "picture",
          "width": 192
         },
         {
          "key": "notes",
          "width": 192
         },
         {
          "key": "quote",
          "width": 192
         },
         {
          "key": "done"
         }
        ]
       },
       {
        "id": "c9e117ea-f101-491c-9622-524ec2a4d529",
        "type": "Gallery",
        "name": "Videos",
        "sorts": [
         {
          "id": "63db97200e01101ff536a75f",
          "RelationKey": "createdDate",
          "type": "Desc",
          "format": "date"
         }
        ],
        "filters": [
         {
          "id": "63d24bed257d7bad62f58c7b",
          "RelationKey": "source",
          "condition": "Like",
          "value": "youtu.be",
          "format": "url"
         }
        ],
        "relations": [
         {
          "key": "picture",
          "width": 192
         },
         {
          "key": "source",
          "isVisible": true
         },
         {
          "key": "name",
          "isVisible": true,
          "width": 500
         },
         {
          "key": "id",
          "width": 192
         },
         {
          "key": "description",
          "width": 192
         },
         {
          "key": "type",
          "width": 192
         },
         {
          "key": "creator",
          "width": 192
         },
         {
          "key": "createdDate",
          "width": 192
         },
         {
          "key": "layout",
          "width": 192
         },
         {
          "key": "lastModifiedBy",
          "width": 192
         },
         {
          "key": "iconImage",
          "width": 192
         },
         {
          "key": "iconEmoji",
          "width": 192
         },
         {
          "key": "coverId",
          "width": 500
         },
         {
          "key": "lastModifiedDate",
          "width": 192
         },
         {
          "key": "lastOpenedDate",
          "width": 192
         },
         {
          "key": "coverX",
          "width": 192
         },
         {
          "key": "coverY",
          "width": 192
         },
         {
          "key": "coverScale",
          "width": 192
         },
         {
          "key": "featuredRelations",
          "width": 192
         },
         {
          "key": "coverType",
          "width": 192
         },
         {
          "key": "layoutAlign",
          "width": 192
         },
         {
          "key": "isHidden",
          "width": 192
         },
         {
          "key": "isArchived",
          "width": 192
         },
         {
          "key": "tag",
          "width": 192
         },
         {
          "key": "isFavorite",
          "width": 192
         },
         {
          "key": "workspaceId",
          "width": 192
         },
         {
          "key": "notes",
          "width": 192
         },
         {
          "key": "quote",
          "width": 192
         },
         {
          "key": "done",
          "width": 192
         }
        ]
       }
      ],
      "relationLinks": [
       {
        "key": "name",
        "format": "shorttext"
       },
       {
        "key": "id",
        "format": "object"
       },
       {
        "key": "description"
       },
       {
        "key": "type",
        "format": "object"
       },
       {
        "key": "creator",
        "format": "object"
       },
       {
        "key": "createdDate",
        "format": "date"
       },
       {
        "key": "layout",
        "format": "number"
       },
       {
        "key": "lastModifiedBy",
        "format": "object"
       },
       {
        "key": "iconImage",
        "format": "file"
       },
       {
        "key": "iconEmoji",
        "format": "emoji"
       },
       {
        "key": "coverId",
        "format": "shorttext"
       },
       {
        "key": "lastModifiedDate",
        "format": "date"
       },
       {
        "key": "lastOpenedDate",
        "format": "date"
       },
       {
        "key": "coverX",
        "format": "number"
       },
       {
        "key": "coverY",
        "format": "number"
       },
       {
        "key": "coverScale",
        "format": "number"
       },
       {
        "key": "featuredRelations",
        "format": "object"
       },
       {
        "key": "coverType",
        "format": "number"
       },
       {
        "key": "layoutAlign",
        "format": "number"
       },
       {
        "key": "isHidden",
        "format": "checkbox"
       },
       {
        "key": "isArchived",
        "format": "checkbox"
       },
       {
        "key": "tag",
        "format": "tag"
       },
       {
        "key": "isFavorite",
        "format": "checkbox"
       },
       {
        "key": "workspaceId",
        "format": "object"
       },
       {
        "key": "source",
        "format": "url"
       },
       {
        "key": "picture",
        "format": "file"
       },
       {
        "key": "notes"
       },
       {
        "key": "quote"
       },
       {
        "key": "done",
        "format": "checkbox"
       }
      ]
     }
    },
    {
     "id": "title",
     "fields": {
       "_detailsKey": [
          "name",
          "done"
         ]
      },
     "restrictions": {
      "remove": true,
      "drag": true,
      "dropOn": true
     },
     "text": {
      "style": "Title",
      "marks": {

      }
     }
    },
    {
     "id": "description",
     "fields": {
       "_detailsKey": "description"
      },
     "restrictions": {
      "remove": true,
      "drag": true,
      "dropOn": true
     },
     "text": {
      "style": "Description",
      "marks": {

      }
     }
    },
    {
     "id": "featuredRelations",
     "restrictions": {
      "remove": true,
      "drag": true,
      "dropOn": true
     },
     "featuredRelations": {

     }
    }
   ],
   "details": {
     "addedDate": 1706467178,
     "backlinks": [
       ],
     "coverId": "",
     "coverScale": 0,
     "coverType": 0,
     "coverX": 0,
     "coverY": 0,
     "createdDate": 1706467178,
     "creator": "_id_AB4FTuRMuPRtnXn71rTT8cYawi5S2PgZ9CYTGZj2WYCSFePP",
     "description": "All my Bookmarks",
     "featuredRelations": [
        "description",
        "type",
        "setOf",
        "backlinks"
       ],
     "iconEmoji": "🔖",
     "iconImage": "",
     "id": "bafyreieu4aj4rhwsd5i53is6fsekt2jt3to2qax6hvbyqoewt7zffoe2be",
     "lastModifiedBy": "_id_AB4FTuRMuPRtnXn71rTT8cYawi5S2PgZ9CYTGZj2WYCSFePP",
     "lastModifiedDate": 1706467178,
     "lastOpenedDate": 1706468885,
     "layout": 3,
     "links": [
       ],
     "name": "Bookmarks",
     "oldAnytypeID": "bafyreifsnzzkqhe2ecnzebo4c3j6as7gc24ylkppslgi5ryb7ig36dsgjm",
     "origin": 6,
     "restrictions": [
        3,
        6,
        5,
        7
       ],
     "setOf": [
        "bafyreib6nfa6rm3wonb5vktix4h42cp6qxtzj6hbemtaxjq3cjxrzbmzdq"
       ],
     "snippet": "",
     "sourceFilePath": "pb:/Users/darshan/Library/Application Support/anytype/data/tmp/tmp.20240129.000938.05.zip/bafyreifsnzzkqhe2ecnzebo4c3j6as7gc24ylkppslgi5ryb7ig36dsgjm.pb",
     "spaceId": "bafyreiebz7qevnalge74hay5yd7pgoj3b65eu3qgk3rtfwo7a2g7h4eqdi.1phy5wxbp5mvm",
     "type": "bafyreibxd3giyd7bfy27snmeeikm2447nhzlil72t3qa4ul6ezest5gd4u"
    },
   "objectTypes": [
    "ot-set"
   ],
   "relationLinks": [
    {
     "key": "id",
     "format": "object"
    },
    {
     "key": "snippet"
    },
    {
     "key": "workspaceId",
     "format": "object"
    },
    {
     "key": "creator",
     "format": "object"
    },
    {
     "key": "createdDate",
     "format": "date"
    },
    {
     "key": "type",
     "format": "object"
    },
    {
     "key": "layout",
     "format": "number"
    },
    {
     "key": "featuredRelations",
     "format": "object"
    },
    {
     "key": "lastModifiedDate",
     "format": "date"
    },
    {
     "key": "lastModifiedBy",
     "format": "object"
    },
    {
     "key": "name",
     "format": "shorttext"
    },
    {
     "key": "iconEmoji",
     "format": "emoji"
    },
    {
     "key": "description"
    },
    {
     "key": "iconImage",
     "format": "file"
    },
    {
     "key": "layoutAlign",
     "format": "number"
    },
    {
     "key": "coverId",
     "format": "shorttext"
    },
    {
     "key": "coverScale",
     "format": "number"
    },
    {
     "key": "coverType",
     "format": "number"
    },
    {
     "key": "coverX",
     "format": "number"
    },
    {
     "key": "coverY",
     "format": "number"
    },
    {
     "key": "lastOpenedDate",
     "format": "date"
    },
    {
     "key": "isHidden",
     "format": "checkbox"
    },
    {
     "key": "isArchived",
     "format": "checkbox"
    },
    {
     "key": "isFavorite",
     "format": "checkbox"
    },
    {
     "key": "links",
     "format": "object"
    },
    {
     "key": "setOf",
     "format": "object"
    },
    {
     "key": "restrictions",
     "format": "number"
    },
    {
     "key": "internalFlags",
     "format": "number"
    },
    {
     "key": "sourceFilePath"
    },
    {
     "key": "oldAnytypeID"
    },
    {
     "key": "backlinks",
     "format": "object"
    },
    {
     "key": "origin",
     "format": "number"
    },
    {
     "key": "addedDate",
     "format": "date"
    },
    {
     "key": "spaceId",
     "format": "object"
    }
   ]
  }
 }
}