{
 "sbType": "Page",
 "snapshot": {
  "data": {
   "blocks": [
    {
     "id": "bafyreid246ocfuwkdvs4hadpzrq2eq2sy6b463xricvta5hw4npozyhe44",
     "fields": {
       "analyticsContext": "empty",
       "analyticsOriginalId": "bafyedc3afby3wegtbkoi7ejge7ovwj5tcavifqhwsmt5uu2uxuyhf66s"
      },
     "restrictions": {
      "edit": true,
      "remove": true,
      "drag": true,
      "dropOn": true
     },
     "childrenIds": [
      "header",
      "dataview"
     ],
     "smartblock": {

     }
    },
    {
     "id": "header",
     "restrictions": {
      "edit": true,
      "remove": true,
      "drag": true,
      "dropOn": true
     },
     "childrenIds": [
      "title",
      "description",
      "featuredRelations"
     ],
     "layout": {
      "style": "Header"
     }
    },
    {
     "id": "dataview",
     "restrictions": {

     },
     "dataview": {
      "source": [
       "ot-note"
      ],
      "views": [
       {
        "id": "62ac63be0d5471da7ccb54ed",
        "name": "All",
        "sorts": [
         {
          "id": "63db97200e01101ff536a767",
          "RelationKey": "createdDate",
          "type": "Desc",
          "format": "date"
         }
        ],
        "relations": [
         {
          "key": "65b6a2800b0aa0196f7f11af",
          "isVisible": true,
          "width": 93
         },
         {
          "key": "65b6a2bf0b0aa0196f7f11b2",
          "isVisible": true,
          "width": 124
         },
         {
          "key": "65b6a2e40b0aa0196f7f11b5",
          "isVisible": true,
          "width": 112
         },
         {
          "key": "65b6a3c90b0aa0196f7f11b8",
          "isVisible": true,
          "width": 107
         },
         {
          "key": "name",
          "isVisible": true,
          "width": 165
         },
         {
          "key": "createdDate",
          "isVisible": true,
          "width": 192
         },
         {
          "key": "lastOpenedDate",
          "isVisible": true,
          "width": 112
         }
        ]
       },
       {
        "id": "cba6e92b-418c-4e46-86ab-0642fdaf1ed4",
        "name": "Grid",
        "sorts": [
         {
          "id": "65b6a5a20b0aa0196f7f11c3",
          "RelationKey": "lastModifiedDate",
          "type": "Desc"
         }
        ],
        "relations": [
         {
          "key": "name",
          "isVisible": true,
          "width": 246
         },
         {
          "key": "description",
          "width": 192
         },
         {
          "key": "type",
          "width": 192
         },
         {
          "key": "createdDate",
          "width": 192
         },
         {
          "key": "lastModifiedBy",
          "width": 192
         },
         {
          "key": "lastModifiedDate",
          "width": 192
         },
         {
          "key": "lastOpenedDate",
          "width": 192
         },
         {
          "key": "tag",
          "width": 192
         }
        ],
        "cardSize": "Medium",
        "groupRelationKey": "tag",
        "defaultTemplateId": "bafyreiewuvgqw2rgraxv5ih7af3ktgcrf44btr6kxmdtg3d7xejdoxirwm"
       }
      ],
      "relationLinks": [
       {
        "key": "name",
        "format": "shorttext"
       },
       {
        "key": "id",
        "format": "object"
       },
       {
        "key": "description"
       },
       {
        "key": "type",
        "format": "object"
       },
       {
        "key": "creator",
        "format": "object"
       },
       {
        "key": "createdDate",
        "format": "date"
       },
       {
        "key": "layout",
        "format": "number"
       },
       {
        "key": "lastModifiedBy",
        "format": "object"
       },
       {
        "key": "iconImage",
        "format": "file"
       },
       {
        "key": "iconEmoji",
        "format": "emoji"
       },
       {
        "key": "coverId",
        "format": "shorttext"
       },
       {
        "key": "lastModifiedDate",
        "format": "date"
       },
       {
        "key": "lastOpenedDate",
        "format": "date"
       },
       {
        "key": "coverX",
        "format": "number"
       },
       {
        "key": "coverY",
        "format": "number"
       },
       {
        "key": "coverScale",
        "format": "number"
       },
       {
        "key": "featuredRelations",
        "format": "object"
       },
       {
        "key": "coverType",
        "format": "number"
       },
       {
        "key": "layoutAlign",
        "format": "number"
       },
       {
        "key": "isHidden",
        "format": "checkbox"
       },
       {
        "key": "isArchived",
        "format": "checkbox"
       },
       {
        "key": "tag",
        "format": "tag"
       },
       {
        "key": "isFavorite",
        "format": "checkbox"
       },
       {
        "key": "workspaceId",
        "format": "object"
       },
       {
        "key": "internalFlags",
        "format": "number"
       },
       {
        "key": "done",
        "format": "checkbox"
       },
       {
        "key": "65b6a2800b0aa0196f7f11af",
        "format": "checkbox"
       },
       {
        "key": "65b6a2bf0b0aa0196f7f11b2",
        "format": "checkbox"
       },
       {
        "key": "65b6a2e40b0aa0196f7f11b5",
        "format": "checkbox"
       },
       {
        "key": "65b6a3c90b0aa0196f7f11b8",
        "format": "checkbox"
       }
      ]
     }
    },
    {
     "id": "title",
     "fields": {
       "_detailsKey": [
          "name",
          "done"
         ]
      },
     "restrictions": {
      "remove": true,
      "drag": true,
      "dropOn": true
     },
     "text": {
      "style": "Title",
      "marks": {

      }
     }
    },
    {
     "id": "description",
     "fields": {
       "_detailsKey": "description"
      },
     "restrictions": {
      "remove": true,
      "drag": true,
      "dropOn": true
     },
     "text": {
      "style": "Description",
      "marks": {

      }
     }
    },
    {
     "id": "featuredRelations",
     "restrictions": {
      "remove": true,
      "drag": true,
      "dropOn": true
     },
     "featuredRelations": {

     }
    }
   ],
   "details": {
     "addedDate": 1706467178,
     "backlinks": [
        "bafyreigvre2glt4razc6kbzjn77iuicnib66iaam53yygadmhjy64hdtum",
        "bafyreih77pqxr3dtl2uo27s3ivifkw35o7mickc4sxsqbqw42y4itt3ho4"
       ],
     "coverId": "",
     "coverScale": 0,
     "coverType": 0,
     "coverX": 0,
     "coverY": 0,
     "createdDate": 1706467178,
     "creator": "_id_AB4FTuRMuPRtnXn71rTT8cYawi5S2PgZ9CYTGZj2WYCSFePP",
     "description": "Quick notes for everyday use ",
     "featuredRelations": [
        "description",
        "type",
        "setOf",
        "backlinks"
       ],
     "iconEmoji": "📝",
     "iconImage": "",
     "id": "bafyreid246ocfuwkdvs4hadpzrq2eq2sy6b463xricvta5hw4npozyhe44",
     "isFavorite": true,
     "lastModifiedBy": "_id_AB4FTuRMuPRtnXn71rTT8cYawi5S2PgZ9CYTGZj2WYCSFePP",
     "lastModifiedDate": 1706469352,
     "lastOpenedDate": 1706470083,
     "layout": 3,
     "links": [
       ],
     "name": "Habit Tracking List ",
     "oldAnytypeID": "bafyreignt4iidebdxh5ydjohhp75yrffebcqhgo4wjonzc3thobitdari4",
     "origin": 6,
     "restrictions": [
        3,
        6,
        5,
        7
       ],
     "setOf": [
        "bafyreiaoor4spo3kjebhraum4ttuck7mbne53iun3gj6viulsviiwtvfgq"
       ],
     "snippet": "",
     "sourceFilePath": "pb:/Users/darshan/Library/Application Support/anytype/data/tmp/tmp.20240129.000938.05.zip/bafyreignt4iidebdxh5ydjohhp75yrffebcqhgo4wjonzc3thobitdari4.pb",
     "spaceId": "bafyreiebz7qevnalge74hay5yd7pgoj3b65eu3qgk3rtfwo7a2g7h4eqdi.1phy5wxbp5mvm",
     "type": "bafyreibxd3giyd7bfy27snmeeikm2447nhzlil72t3qa4ul6ezest5gd4u"
    },
   "objectTypes": [
    "ot-set"
   ],
   "relationLinks": [
    {
     "key": "id",
     "format": "object"
    },
    {
     "key": "snippet"
    },
    {
     "key": "workspaceId",
     "format": "object"
    },
    {
     "key": "creator",
     "format": "object"
    },
    {
     "key": "createdDate",
     "format": "date"
    },
    {
     "key": "type",
     "format": "object"
    },
    {
     "key": "layout",
     "format": "number"
    },
    {
     "key": "featuredRelations",
     "format": "object"
    },
    {
     "key": "lastModifiedDate",
     "format": "date"
    },
    {
     "key": "lastModifiedBy",
     "format": "object"
    },
    {
     "key": "name",
     "format": "shorttext"
    },
    {
     "key": "iconEmoji",
     "format": "emoji"
    },
    {
     "key": "description"
    },
    {
     "key": "iconImage",
     "format": "file"
    },
    {
     "key": "layoutAlign",
     "format": "number"
    },
    {
     "key": "coverId",
     "format": "shorttext"
    },
    {
     "key": "coverScale",
     "format": "number"
    },
    {
     "key": "coverType",
     "format": "number"
    },
    {
     "key": "coverX",
     "format": "number"
    },
    {
     "key": "coverY",
     "format": "number"
    },
    {
     "key": "lastOpenedDate",
     "format": "date"
    },
    {
     "key": "isHidden",
     "format": "checkbox"
    },
    {
     "key": "isArchived",
     "format": "checkbox"
    },
    {
     "key": "isFavorite",
     "format": "checkbox"
    },
    {
     "key": "links",
     "format": "object"
    },
    {
     "key": "setOf",
     "format": "object"
    },
    {
     "key": "restrictions",
     "format": "number"
    },
    {
     "key": "internalFlags",
     "format": "number"
    },
    {
     "key": "oldAnytypeID"
    },
    {
     "key": "sourceFilePath"
    },
    {
     "key": "backlinks",
     "format": "object"
    },
    {
     "key": "origin",
     "format": "number"
    },
    {
     "key": "addedDate",
     "format": "date"
    },
    {
     "key": "spaceId",
     "format": "object"
    }
   ]
  }
 }
}