{
 "sbType": "STType",
 "snapshot": {
  "data": {
   "blocks": [
    {
     "id": "bafyreidth2idkekkbg37keqsoxd4khzneqlcmywn24322qabs7jn36gnge",
     "restrictions": {

     },
     "childrenIds": [
      "header"
     ],
     "smartblock": {

     }
    },
    {
     "id": "header",
     "restrictions": {
      "edit": true,
      "remove": true,
      "drag": true,
      "dropOn": true
     },
     "childrenIds": [
      "title",
      "featuredRelations"
     ],
     "layout": {
      "style": "Header"
     }
    },
    {
     "id": "title",
     "fields": {
       "_detailsKey": [
          "name",
          "done"
         ]
      },
     "restrictions": {
      "remove": true,
      "drag": true,
      "dropOn": true
     },
     "text": {
      "style": "Title",
      "marks": {

      }
     }
    },
    {
     "id": "featuredRelations",
     "restrictions": {
      "remove": true,
      "drag": true,
      "dropOn": true
     },
     "featuredRelations": {

     }
    }
   ],
   "details": {
     "backlinks": [
       ],
     "createdDate": 1704452848,
     "creator": "_anytype_profile",
     "description": "Auto-generated object from .wav, .mp3, .ogg files added to Anytype. Sound when recorded, with ability to reproduce",
     "featuredRelations": [
        "backlinks",
        "type"
       ],
     "iconEmoji": "🎵",
     "id": "bafyreidth2idkekkbg37keqsoxd4khzneqlcmywn24322qabs7jn36gnge",
     "internalFlags": [
       ],
     "isArchived": false,
     "isHidden": false,
     "isReadonly": true,
     "lastModifiedBy": "_id_AB4FTuRMuPRtnXn71rTT8cYawi5S2PgZ9CYTGZj2WYCSFePP",
     "lastModifiedDate": 1704452848,
     "lastUsedDate": 1706467177,
     "layout": 4,
     "links": [
       ],
     "name": "Audio",
     "origin": 7,
     "recommendedLayout": 6,
     "recommendedRelations": [
        "bafyreihf33fpllaoac52oxu2lyernm4lvilc6q35h5xilh2gkkbrff47by",
        "bafyreihn34e5vhlamavozzazooemdgutjscnzf3ltj5qp2z2jcjyye53dq",
        "bafyreih7qsjt5qmtojfr2panxliqcdeajys6prqbupg7xydaprtkodsq64",
        "bafyreiack3o7f4bo6r6z4uto2ggi5ltscbrgg3pthgw37tijtvydzdexia",
        "bafyreihvpj6zoms52r2ewf2tepcwhuufonlddy4n22xrmsv3jlo6xycdqi",
        "bafyreib34i4kznxp2tl5yi7pcv2enmcb4r5dbchmurd4x26yybb3y76kpi",
        "bafyreideu2yew7m5mhyoakf23vkldx6zzkc3h33x6ytcu76xeucc526ezm",
        "bafyreiez66iyhre3nmmccfruavfi2v7nxzjuxmzqsgnirfgs7txdnijmy4",
        "bafyreifumbk47yqit4hjqbroihvx4ji6cmcozokia7yuwlshar53eskczq",
        "bafyreieckbatskxq2bwlwbr5heowcdo4fy6hdojzmvegmfxrfobbh7iuwa",
        "bafyreid2o5krbck67ocobu56o2djtkqbuqdgqdmet6a7ahvmdmzrpdluj4",
        "bafyreie464u4xe7m5ta42svci2lmxe7ufxic3gxbkfr4aya477f2hm433i",
        "bafyreihbvqc4zzavgyprnghdq56j24egtoj5gxcjeabrf6lw6kmcvbk5ve",
        "bafyreib44s3k5vonuvuwsiaz63ubjp6ol74hwga6v7rzvqmxgu3c3vugta"
       ],
     "restrictions": [
        3,
        6,
        5,
        7,
        4,
        1
       ],
     "revision": 0,
     "smartblockTypes": [
        256
       ],
     "snippet": "",
     "sourceObject": "_otaudio",
     "spaceId": "bafyreiebz7qevnalge74hay5yd7pgoj3b65eu3qgk3rtfwo7a2g7h4eqdi.1phy5wxbp5mvm",
     "type": "bafyreigtp6uujaz65jl44dtqk2yxfrg4irhtu54afxtoyqitkv5xviaofq",
     "uniqueKey": "ot-audio",
     "workspaceId": "_anytype_marketplace"
    },
   "objectTypes": [
    "ot-objectType"
   ],
   "relationLinks": [
    {
     "key": "spaceId",
     "format": "object"
    },
    {
     "key": "description"
    },
    {
     "key": "name",
     "format": "shorttext"
    },
    {
     "key": "layout",
     "format": "number"
    },
    {
     "key": "iconEmoji",
     "format": "emoji"
    },
    {
     "key": "internalFlags",
     "format": "number"
    },
    {
     "key": "recommendedRelations",
     "format": "object"
    },
    {
     "key": "smartblockTypes",
     "format": "number"
    },
    {
     "key": "isHidden",
     "format": "checkbox"
    },
    {
     "key": "origin",
     "format": "number"
    },
    {
     "key": "featuredRelations",
     "format": "object"
    },
    {
     "key": "sourceObject",
     "format": "object"
    },
    {
     "key": "revision",
     "format": "number"
    },
    {
     "key": "recommendedLayout",
     "format": "number"
    },
    {
     "key": "id",
     "format": "object"
    },
    {
     "key": "uniqueKey"
    },
    {
     "key": "isReadonly",
     "format": "checkbox"
    },
    {
     "key": "snippet"
    },
    {
     "key": "backlinks",
     "format": "object"
    },
    {
     "key": "iconImage",
     "format": "file"
    },
    {
     "key": "type",
     "format": "object"
    },
    {
     "key": "layoutAlign",
     "format": "number"
    },
    {
     "key": "coverId"
    },
    {
     "key": "coverScale",
     "format": "number"
    },
    {
     "key": "coverType",
     "format": "number"
    },
    {
     "key": "coverX",
     "format": "number"
    },
    {
     "key": "coverY",
     "format": "number"
    },
    {
     "key": "createdDate",
     "format": "date"
    },
    {
     "key": "creator",
     "format": "object"
    },
    {
     "key": "lastModifiedDate",
     "format": "date"
    },
    {
     "key": "lastModifiedBy",
     "format": "object"
    },
    {
     "key": "lastOpenedDate",
     "format": "date"
    },
    {
     "key": "isFavorite",
     "format": "checkbox"
    },
    {
     "key": "workspaceId",
     "format": "object"
    },
    {
     "key": "links",
     "format": "object"
    },
    {
     "key": "restrictions",
     "format": "number"
    },
    {
     "key": "isArchived",
     "format": "checkbox"
    },
    {
     "key": "lastUsedDate",
     "format": "date"
    }
   ],
   "key": "audio"
  }
 }
}