{
 "sbType": "Page",
 "snapshot": {
  "data": {
   "blocks": [
    {
     "id": "bafyreigvre2glt4razc6kbzjn77iuicnib66iaam53yygadmhjy64hdtum",
     "fields": {
       "analyticsContext": "empty",
       "analyticsOriginalId": "bafyreif32uxgjtobyt6nqqfkfchiabvdobp4aqmi5nlyzy7pa5ukgxfawq"
      },
     "restrictions": {

     },
     "childrenIds": [
      "header",
      "65b6a03d0b0aa0196f7f1195",
      "65b6a74e0b0aa0196f7f11c7",
      "65b6a03e0b0aa0196f7f1196",
      "65b6a1ab0b0aa0196f7f11a6",
      "65b6a0bb0b0aa0196f7f11a5",
      "65b6a1d10b0aa0196f7f11a8",
      "65b6a1d20b0aa0196f7f11a9",
      "65b6a7ac0b0aa0196f7f11c9",
      "65b6a7ac0b0aa0196f7f11ca",
      "65b6a7ac0b0aa0196f7f11cb",
      "65b6a7ad0b0aa0196f7f11cc",
      "65b6a7db0b0aa0196f7f11cd",
      "65b6a85b0b0aa0196f7f11cf"
     ],
     "smartblock": {

     }
    },
    {
     "id": "header",
     "restrictions": {
      "edit": true,
      "remove": true,
      "drag": true,
      "dropOn": true
     },
     "childrenIds": [
      "title",
      "description",
      "featuredRelations"
     ],
     "layout": {
      "style": "Header"
     }
    },
    {
     "id": "65b6a03d0b0aa0196f7f1195",
     "restrictions": {

     },
     "text": {
      "text": "\n\nMake 4 Relations coressponding to the tasks",
      "style": "Header1",
      "marks": {

      }
     }
    },
    {
     "id": "65b6a74e0b0aa0196f7f11c7",
     "restrictions": {

     },
     "relation": {
      "key": "tag"
     }
    },
    {
     "id": "65b6a03e0b0aa0196f7f1196",
     "text": {
      "text": "\n\nFor Example - \n\n\nRelation 1   -  Meditation \nRelation 2  -  Gym\nRelation 3  -  Studying 4 hr\nRelation 4  -  Practice Coding \n\nAdd a date field and a checkmark field also\n\nThen create a Set so that it will look like as shown below - \n\n\n\n",
      "marks": {

      }
     }
    },
    {
     "id": "65b6a1ab0b0aa0196f7f11a6",
     "file": {
      "hash": "bafybeibaoeauy3qv2qrzdxgpjxqdcglzbjpflf4bt5pmopb6yk27i65hs4",
      "name": "Screenshot 2024-01-29 at 12.06.56 AM.png",
      "type": "Image",
      "mime": "image/png",
      "size": "179310",
      "state": "Done",
      "style": "Embed"
     }
    },
    {
     "id": "65b6a0bb0b0aa0196f7f11a5",
     "text": {
      "marks": {

      }
     }
    },
    {
     "id": "65b6a1d10b0aa0196f7f11a8",
     "text": {
      "marks": {

      }
     }
    },
    {
     "id": "65b6a1d20b0aa0196f7f11a9",
     "restrictions": {

     },
     "text": {
      "text": "Here in above image you can look at routine set - all you have to do is tick if you have completed the task for that day.",
      "marks": {

      }
     }
    },
    {
     "id": "65b6a7ac0b0aa0196f7f11c9",
     "restrictions": {

     },
     "text": {
      "marks": {

      }
     }
    },
    {
     "id": "65b6a7ac0b0aa0196f7f11ca",
     "restrictions": {

     },
     "text": {
      "marks": {

      }
     }
    },
    {
     "id": "65b6a7ac0b0aa0196f7f11cb",
     "restrictions": {

     },
     "text": {
      "marks": {

      }
     }
    },
    {
     "id": "65b6a7ad0b0aa0196f7f11cc",
     "restrictions": {

     },
     "text": {
      "text": "To see the one I created in this workspace - \n\n",
      "marks": {

      }
     }
    },
    {
     "id": "65b6a7db0b0aa0196f7f11cd",
     "link": {
      "targetBlockId": "bafyreid246ocfuwkdvs4hadpzrq2eq2sy6b463xricvta5hw4npozyhe44",
      "iconSize": "SizeSmall"
     }
    },
    {
     "id": "65b6a85b0b0aa0196f7f11cf",
     "restrictions": {

     },
     "text": {
      "marks": {

      }
     }
    },
    {
     "id": "title",
     "fields": {
       "_detailsKey": [
          "name",
          "done"
         ]
      },
     "restrictions": {
      "remove": true,
      "drag": true,
      "dropOn": true
     },
     "text": {
      "style": "Title",
      "marks": {

      }
     }
    },
    {
     "id": "description",
     "fields": {
       "_detailsKey": "description"
      },
     "restrictions": {
      "remove": true,
      "drag": true,
      "dropOn": true
     },
     "text": {
      "style": "Description",
      "marks": {

      }
     }
    },
    {
     "id": "featuredRelations",
     "restrictions": {
      "remove": true,
      "drag": true,
      "dropOn": true
     },
     "featuredRelations": {

     }
    }
   ],
   "details": {
     "addedDate": 1706467178,
     "backlinks": [
        "bafyreih77pqxr3dtl2uo27s3ivifkw35o7mickc4sxsqbqw42y4itt3ho4"
       ],
     "createdDate": 1706467178,
     "creator": "_id_AB4FTuRMuPRtnXn71rTT8cYawi5S2PgZ9CYTGZj2WYCSFePP",
     "description": "Read me file for Habit Ticker",
     "featuredRelations": [
        "type",
        "description",
        "backlinks"
       ],
     "iconEmoji": "📄",
     "iconImage": "",
     "id": "bafyreigvre2glt4razc6kbzjn77iuicnib66iaam53yygadmhjy64hdtum",
     "isFavorite": true,
     "lastModifiedBy": "_id_AB4FTuRMuPRtnXn71rTT8cYawi5S2PgZ9CYTGZj2WYCSFePP",
     "lastModifiedDate": 1706470073,
     "lastOpenedDate": 1706469364,
     "layout": 0,
     "links": [
        "bafyreid246ocfuwkdvs4hadpzrq2eq2sy6b463xricvta5hw4npozyhe44"
       ],
     "name": "Habit Tracker - ReadMe First ",
     "oldAnytypeID": "bafyreif32uxgjtobyt6nqqfkfchiabvdobp4aqmi5nlyzy7pa5ukgxfawq",
     "origin": 6,
     "restrictions": [
       ],
     "snippet": "Make 4 Relations coressponding to the tasks\nFor Example - \n\n\nRelation 1   -  Meditation \nRelation 2  -  Gym\nRelation 3  -  Studying 4 hr\nRelation 4  -  Practice Coding \n\nAdd a date field and a checkmark field also\n\nThen create a Set so that it will look like as shown below -",
     "sourceFilePath": "pb:/Users/darshan/Library/Application Support/anytype/data/tmp/tmp.20240129.000938.05.zip/bafyreif32uxgjtobyt6nqqfkfchiabvdobp4aqmi5nlyzy7pa5ukgxfawq.pb",
     "spaceId": "bafyreiebz7qevnalge74hay5yd7pgoj3b65eu3qgk3rtfwo7a2g7h4eqdi.1phy5wxbp5mvm",
     "tag": [
        "bafyreiex5jocdqaqcxsiknozoz43n7nnqxrfsjh23mqtycadv7p4l3u6jq"
       ],
     "type": "bafyreiaxu47un4ymxofktdzxtcuirxqywk232wx5gj6362fmuwsyzi6e5q"
    },
   "objectTypes": [
    "ot-page"
   ],
   "relationLinks": [
    {
     "key": "spaceId",
     "format": "object"
    },
    {
     "key": "internalFlags",
     "format": "number"
    },
    {
     "key": "type",
     "format": "object"
    },
    {
     "key": "backlinks",
     "format": "object"
    },
    {
     "key": "creator",
     "format": "object"
    },
    {
     "key": "createdDate",
     "format": "date"
    },
    {
     "key": "id",
     "format": "object"
    },
    {
     "key": "snippet"
    },
    {
     "key": "layout",
     "format": "number"
    },
    {
     "key": "name",
     "format": "shorttext"
    },
    {
     "key": "description"
    },
    {
     "key": "iconEmoji",
     "format": "emoji"
    },
    {
     "key": "iconImage",
     "format": "file"
    },
    {
     "key": "layoutAlign",
     "format": "number"
    },
    {
     "key": "coverId"
    },
    {
     "key": "coverScale",
     "format": "number"
    },
    {
     "key": "coverType",
     "format": "number"
    },
    {
     "key": "coverX",
     "format": "number"
    },
    {
     "key": "coverY",
     "format": "number"
    },
    {
     "key": "lastModifiedDate",
     "format": "date"
    },
    {
     "key": "lastModifiedBy",
     "format": "object"
    },
    {
     "key": "lastOpenedDate",
     "format": "date"
    },
    {
     "key": "featuredRelations",
     "format": "object"
    },
    {
     "key": "isFavorite",
     "format": "checkbox"
    },
    {
     "key": "workspaceId",
     "format": "object"
    },
    {
     "key": "links",
     "format": "object"
    },
    {
     "key": "restrictions",
     "format": "number"
    },
    {
     "key": "sourceFilePath"
    },
    {
     "key": "oldAnytypeID"
    },
    {
     "key": "origin",
     "format": "number"
    },
    {
     "key": "addedDate",
     "format": "date"
    },
    {
     "key": "tag",
     "format": "tag"
    }
   ]
  },
  "fileKeys": [
   {
    "hash": "bafybeibaoeauy3qv2qrzdxgpjxqdcglzbjpflf4bt5pmopb6yk27i65hs4",
    "keys": {
     "/0/exif/": "bwzojgscpzaij2h32dwfquxp2zxd36gngaau5ag7xll6a3nelcjpq",
     "/0/large/": "bh4calo7w5jo4uvfktrg4xzmsbfzmm2rilyp4mdblkzhujsccpaqa",
     "/0/original/": "bh4calo7w5jo4uvfktrg4xzmsbfzmm2rilyp4mdblkzhujsccpaqa",
     "/0/small/": "bf5pltr766cvs5pxexlhsossumrk7dgympdoke3qoxuj3w4eoz3aa",
     "/0/thumb/": "b4pcvt2ahzpiophei3g2xmbf4ejurkcnwh2wkjnsheuarb6xdxbwa"
    }
   }
  ]
 }
}