{
 "sbType": "Widget",
 "snapshot": {
  "data": {
   "blocks": [
    {
     "id": "bafyreida4nlq2ish27sfy7x2vfpiqtts2k7tiqu4hnvb4ctyi7ynu3tq7e",
     "restrictions": {

     },
     "childrenIds": [
      "65b69f6a0b0aa0196f7f118f",
      "65b69f6a0b0aa0196f7f1191",
      "65b69f6a0b0aa0196f7f1193"
     ],
     "smartblock": {

     }
    },
    {
     "id": "65b69f6a0b0aa0196f7f118f",
     "childrenIds": [
      "65b69f6a0b0aa0196f7f118e"
     ],
     "widget": {
      "layout": "CompactList"
     }
    },
    {
     "id": "65b69f6a0b0aa0196f7f1191",
     "childrenIds": [
      "65b69f6a0b0aa0196f7f1190"
     ],
     "widget": {
      "layout": "CompactList"
     }
    },
    {
     "id": "65b69f6a0b0aa0196f7f1193",
     "childrenIds": [
      "65b69f6a0b0aa0196f7f1192"
     ],
     "widget": {
      "layout": "CompactList"
     }
    },
    {
     "id": "65b69f6a0b0aa0196f7f118e",
     "link": {
      "targetBlockId": "favorite",
      "cardStyle": "Inline"
     }
    },
    {
     "id": "65b69f6a0b0aa0196f7f1190",
     "link": {
      "targetBlockId": "set",
      "cardStyle": "Inline"
     }
    },
    {
     "id": "65b69f6a0b0aa0196f7f1192",
     "link": {
      "targetBlockId": "recent",
      "cardStyle": "Inline"
     }
    }
   ],
   "details": {
     "backlinks": [
       ],
     "createdDate": 1706467177,
     "id": "bafyreida4nlq2ish27sfy7x2vfpiqtts2k7tiqu4hnvb4ctyi7ynu3tq7e",
     "isHidden": true,
     "lastModifiedBy": "_id_AB4FTuRMuPRtnXn71rTT8cYawi5S2PgZ9CYTGZj2WYCSFePP",
     "lastModifiedDate": 1706467178,
     "lastOpenedDate": 1706468902,
     "layout": 7,
     "links": [
        "favorite",
        "set",
        "recent"
       ],
     "restrictions": [
        2,
        4,
        1,
        6,
        5,
        7,
        8
       ],
     "snippet": "",
     "spaceId": "bafyreiebz7qevnalge74hay5yd7pgoj3b65eu3qgk3rtfwo7a2g7h4eqdi.1phy5wxbp5mvm",
     "type": "bafyreidn32umzw7q3u2exqpbnyinsmdemquaymen7ql6vdmchvhso4gryu"
    },
   "objectTypes": [
    "ot-dashboard"
   ],
   "relationLinks": [
    {
     "key": "id",
     "format": "object"
    },
    {
     "key": "spaceId",
     "format": "object"
    },
    {
     "key": "snippet"
    },
    {
     "key": "backlinks",
     "format": "object"
    },
    {
     "key": "layout",
     "format": "number"
    },
    {
     "key": "isHidden",
     "format": "checkbox"
    },
    {
     "key": "type",
     "format": "object"
    }
   ]
  }
 }
}