{
 "sbType": "STRelation",
 "snapshot": {
  "data": {
   "blocks": [
    {
     "id": "bafyreiak3idkmydsegn4nlqisni6i5ozewd3pnhwmintsjuajbpzldq33a",
     "restrictions": {

     },
     "childrenIds": [
      "header"
     ],
     "smartblock": {

     }
    },
    {
     "id": "header",
     "restrictions": {
      "edit": true,
      "remove": true,
      "drag": true,
      "dropOn": true
     },
     "childrenIds": [
      "title",
      "featuredRelations"
     ],
     "layout": {
      "style": "Header"
     }
    },
    {
     "id": "title",
     "fields": {
       "_detailsKey": [
          "name",
          "done"
         ]
      },
     "restrictions": {
      "remove": true,
      "drag": true,
      "dropOn": true
     },
     "text": {
      "style": "Title",
      "marks": {

      }
     }
    },
    {
     "id": "featuredRelations",
     "restrictions": {
      "remove": true,
      "drag": true,
      "dropOn": true
     },
     "featuredRelations": {

     }
    }
   ],
   "details": {
     "backlinks": [
       ],
     "createdDate": 1704452848,
     "creator": "_anytype_profile",
     "description": "Object restrictions list",
     "featuredRelations": [
        "backlinks",
        "type"
       ],
     "id": "bafyreiak3idkmydsegn4nlqisni6i5ozewd3pnhwmintsjuajbpzldq33a",
     "internalFlags": [
       ],
     "isHidden": true,
     "isReadonly": true,
     "lastModifiedBy": "_id_AB4FTuRMuPRtnXn71rTT8cYawi5S2PgZ9CYTGZj2WYCSFePP",
     "lastModifiedDate": 1704452848,
     "layout": 5,
     "links": [
       ],
     "name": "Object restrictions",
     "origin": 7,
     "relationDefaultValue": null,
     "relationFormat": 2,
     "relationFormatObjectTypes": [
       ],
     "relationKey": "restrictions",
     "relationMaxCount": 1,
     "relationReadonlyValue": true,
     "restrictions": [
        3,
        6,
        5,
        7,
        1,
        2,
        4
       ],
     "revision": 0,
     "scope": 1,
     "snippet": "",
     "sourceObject": "_brrestrictions",
     "spaceId": "bafyreiebz7qevnalge74hay5yd7pgoj3b65eu3qgk3rtfwo7a2g7h4eqdi.1phy5wxbp5mvm",
     "type": "bafyreiblbgghovf7f66evjmo3zff243xuz6ku6wcsewz6rinka5hs2k6hm",
     "uniqueKey": "rel-restrictions",
     "workspaceId": "_anytype_marketplace"
    },
   "objectTypes": [
    "ot-relation"
   ],
   "relationLinks": [
    {
     "key": "spaceId",
     "format": "object"
    },
    {
     "key": "lastModifiedDate",
     "format": "date"
    },
    {
     "key": "layout",
     "format": "number"
    },
    {
     "key": "description"
    },
    {
     "key": "creator",
     "format": "object"
    },
    {
     "key": "relationMaxCount",
     "format": "number"
    },
    {
     "key": "workspaceId",
     "format": "object"
    },
    {
     "key": "links",
     "format": "object"
    },
    {
     "key": "relationFormatObjectTypes",
     "format": "object"
    },
    {
     "key": "snippet"
    },
    {
     "key": "name",
     "format": "shorttext"
    },
    {
     "key": "relationFormat",
     "format": "number"
    },
    {
     "key": "id",
     "format": "object"
    },
    {
     "key": "relationDefaultValue"
    },
    {
     "key": "lastModifiedBy",
     "format": "object"
    },
    {
     "key": "type",
     "format": "object"
    },
    {
     "key": "createdDate",
     "format": "date"
    },
    {
     "key": "featuredRelations",
     "format": "object"
    },
    {
     "key": "internalFlags",
     "format": "number"
    },
    {
     "key": "revision",
     "format": "number"
    },
    {
     "key": "relationKey"
    },
    {
     "key": "sourceObject",
     "format": "object"
    },
    {
     "key": "origin",
     "format": "number"
    },
    {
     "key": "relationReadonlyValue",
     "format": "checkbox"
    },
    {
     "key": "scope"
    },
    {
     "key": "isHidden",
     "format": "checkbox"
    },
    {
     "key": "uniqueKey"
    },
    {
     "key": "isReadonly",
     "format": "checkbox"
    },
    {
     "key": "backlinks",
     "format": "object"
    },
    {
     "key": "iconEmoji",
     "format": "emoji"
    },
    {
     "key": "iconImage",
     "format": "file"
    },
    {
     "key": "layoutAlign",
     "format": "number"
    },
    {
     "key": "coverId"
    },
    {
     "key": "coverScale",
     "format": "number"
    },
    {
     "key": "coverType",
     "format": "number"
    },
    {
     "key": "coverX",
     "format": "number"
    },
    {
     "key": "coverY",
     "format": "number"
    },
    {
     "key": "lastOpenedDate",
     "format": "date"
    },
    {
     "key": "isFavorite",
     "format": "checkbox"
    },
    {
     "key": "restrictions",
     "format": "number"
    }
   ],
   "key": "restrictions"
  }
 }
}