{
 "sbType": "Workspace",
 "snapshot": {
  "data": {
   "blocks": [
    {
     "id": "bafyreid2typt6bb5aovwj7kk4mntwmr2pn5oiwjtuxj73an2ju7uaa5kt4",
     "restrictions": {

     },
     "childrenIds": [
      "header"
     ],
     "smartblock": {

     }
    },
    {
     "id": "header",
     "restrictions": {
      "edit": true,
      "remove": true,
      "drag": true,
      "dropOn": true
     },
     "childrenIds": [
      "title",
      "featuredRelations"
     ],
     "layout": {
      "style": "Header"
     }
    },
    {
     "id": "title",
     "fields": {
       "_detailsKey": [
          "name",
          "done"
         ]
      },
     "restrictions": {
      "remove": true,
      "drag": true,
      "dropOn": true
     },
     "text": {
      "style": "Title",
      "marks": {

      }
     }
    },
    {
     "id": "featuredRelations",
     "restrictions": {
      "remove": true,
      "drag": true,
      "dropOn": true
     },
     "featuredRelations": {

     }
    }
   ],
   "details": {
     "backlinks": [
       ],
     "createdDate": 1706467177,
     "creator": "_id_AB4FTuRMuPRtnXn71rTT8cYawi5S2PgZ9CYTGZj2WYCSFePP",
     "featuredRelations": [
        "type",
        "creator"
       ],
     "iconOption": 6,
     "id": "bafyreid2typt6bb5aovwj7kk4mntwmr2pn5oiwjtuxj73an2ju7uaa5kt4",
     "isHidden": true,
     "lastModifiedBy": "_id_AB4FTuRMuPRtnXn71rTT8cYawi5S2PgZ9CYTGZj2WYCSFePP",
     "lastModifiedDate": 1706470069,
     "layout": 10,
     "links": [
       ],
     "name": "Habit Tracker",
     "restrictions": [
        3,
        2,
        1,
        6,
        5,
        7,
        8
       ],
     "snippet": "",
     "spaceAccessibility": 0,
     "spaceDashboardId": "bafyreid246ocfuwkdvs4hadpzrq2eq2sy6b463xricvta5hw4npozyhe44",
     "spaceId": "bafyreiebz7qevnalge74hay5yd7pgoj3b65eu3qgk3rtfwo7a2g7h4eqdi.1phy5wxbp5mvm",
     "type": "bafyreidx2ra5f5g7zphvdyxr62xbf66rlqqxylrfwtk5ieyqfqpuebdjpq"
    },
   "objectTypes": [
    "ot-space"
   ],
   "collections": {
     "settings": {
        "analyticsID": "493664c5-3b9c-491f-a3cc-39876b7cbefc"
       }
    },
   "relationLinks": [
    {
     "key": "id",
     "format": "object"
    },
    {
     "key": "spaceId",
     "format": "object"
    },
    {
     "key": "snippet"
    },
    {
     "key": "backlinks",
     "format": "object"
    },
    {
     "key": "isHidden",
     "format": "checkbox"
    },
    {
     "key": "spaceAccessibility",
     "format": "number"
    },
    {
     "key": "layout",
     "format": "number"
    },
    {
     "key": "featuredRelations",
     "format": "object"
    },
    {
     "key": "type",
     "format": "object"
    },
    {
     "key": "iconOption",
     "format": "number"
    },
    {
     "key": "name",
     "format": "shorttext"
    },
    {
     "key": "spaceDashboardId",
     "format": "object"
    },
    {
     "key": "creator",
     "format": "object"
    },
    {
     "key": "lastModifiedDate",
     "format": "date"
    },
    {
     "key": "lastModifiedBy",
     "format": "object"
    },
    {
     "key": "restrictions",
     "format": "number"
    },
    {
     "key": "links",
     "format": "object"
    },
    {
     "key": "createdDate",
     "format": "date"
    }
   ]
  }
 }
}