{
 "sbType": "STType",
 "snapshot": {
  "data": {
   "blocks": [
    {
     "id": "bafyreiecmoffq3syxllcttsefrdcysz6fh53y52hd2dp2mphykur5dtbo4",
     "restrictions": {

     },
     "childrenIds": [
      "header"
     ],
     "smartblock": {

     }
    },
    {
     "id": "header",
     "restrictions": {
      "edit": true,
      "remove": true,
      "drag": true,
      "dropOn": true
     },
     "childrenIds": [
      "title",
      "featuredRelations"
     ],
     "layout": {
      "style": "Header"
     }
    },
    {
     "id": "title",
     "fields": {
       "_detailsKey": [
          "name",
          "done"
         ]
      },
     "restrictions": {
      "remove": true,
      "drag": true,
      "dropOn": true
     },
     "text": {
      "style": "Title",
      "marks": {

      }
     }
    },
    {
     "id": "featuredRelations",
     "restrictions": {
      "remove": true,
      "drag": true,
      "dropOn": true
     },
     "featuredRelations": {

     }
    }
   ],
   "details": {
     "backlinks": [
       ],
     "createdDate": 1704452848,
     "creator": "_anytype_profile",
     "description": "Auto-generated object from .jpg \u0026 .png files added to Anytype. A representation of the external form of a person or thing in art",
     "featuredRelations": [
        "backlinks",
        "type"
       ],
     "iconEmoji": "🏞",
     "id": "bafyreiecmoffq3syxllcttsefrdcysz6fh53y52hd2dp2mphykur5dtbo4",
     "internalFlags": [
       ],
     "isArchived": false,
     "isHidden": false,
     "isReadonly": true,
     "lastModifiedBy": "_id_AB4FTuRMuPRtnXn71rTT8cYawi5S2PgZ9CYTGZj2WYCSFePP",
     "lastModifiedDate": 1704452848,
     "lastUsedDate": 1706467177,
     "layout": 4,
     "links": [
       ],
     "name": "Image",
     "origin": 7,
     "recommendedLayout": 8,
     "recommendedRelations": [
        "bafyreifumbk47yqit4hjqbroihvx4ji6cmcozokia7yuwlshar53eskczq",
        "bafyreigud5i66ywyndy7zdzqvbf42xpkocht3uvijnuolqvai7h3wvvk4y",
        "bafyreiejhkzodpeo4btmbrb7xavdto2sepxr6qrwkvsnatogv6zp465nwm",
        "bafyreibcrt4n5hkx6omo2eg2vb64yp6die3qj4kprjfnn2iz3qfuxficba",
        "bafyreiez66iyhre3nmmccfruavfi2v7nxzjuxmzqsgnirfgs7txdnijmy4",
        "bafyreih47hsy2waosj2llxnhmejt4w2iat5jsg56nffqrf6zivswqhd27e",
        "bafyreiavprn3lu4nldaf64yakioxxseb3gf36kpy6x6nkaiz2dfmtppppq",
        "bafyreiezomjhvcllmtfpaklers2gwgudbcogfqo4tbmc5jspwdtyt7x6u4",
        "bafyreieckbatskxq2bwlwbr5heowcdo4fy6hdojzmvegmfxrfobbh7iuwa",
        "bafyreifm22rn4pwe66oiqahxzfskhzou6mkt2u7q3qlcfjnzglaen6wprm",
        "bafyreid2o5krbck67ocobu56o2djtkqbuqdgqdmet6a7ahvmdmzrpdluj4",
        "bafyreib44s3k5vonuvuwsiaz63ubjp6ol74hwga6v7rzvqmxgu3c3vugta"
       ],
     "restrictions": [
        3,
        6,
        5,
        7,
        4,
        1
       ],
     "revision": 0,
     "smartblockTypes": [
        256
       ],
     "snippet": "",
     "sourceObject": "_otimage",
     "spaceId": "bafyreiebz7qevnalge74hay5yd7pgoj3b65eu3qgk3rtfwo7a2g7h4eqdi.1phy5wxbp5mvm",
     "type": "bafyreigtp6uujaz65jl44dtqk2yxfrg4irhtu54afxtoyqitkv5xviaofq",
     "uniqueKey": "ot-image",
     "workspaceId": "_anytype_marketplace"
    },
   "objectTypes": [
    "ot-objectType"
   ],
   "relationLinks": [
    {
     "key": "spaceId",
     "format": "object"
    },
    {
     "key": "description"
    },
    {
     "key": "recommendedLayout",
     "format": "number"
    },
    {
     "key": "iconEmoji",
     "format": "emoji"
    },
    {
     "key": "internalFlags",
     "format": "number"
    },
    {
     "key": "smartblockTypes",
     "format": "number"
    },
    {
     "key": "revision",
     "format": "number"
    },
    {
     "key": "featuredRelations",
     "format": "object"
    },
    {
     "key": "layout",
     "format": "number"
    },
    {
     "key": "recommendedRelations",
     "format": "object"
    },
    {
     "key": "isHidden",
     "format": "checkbox"
    },
    {
     "key": "name",
     "format": "shorttext"
    },
    {
     "key": "sourceObject",
     "format": "object"
    },
    {
     "key": "origin",
     "format": "number"
    },
    {
     "key": "id",
     "format": "object"
    },
    {
     "key": "uniqueKey"
    },
    {
     "key": "isReadonly",
     "format": "checkbox"
    },
    {
     "key": "snippet"
    },
    {
     "key": "backlinks",
     "format": "object"
    },
    {
     "key": "iconImage",
     "format": "file"
    },
    {
     "key": "type",
     "format": "object"
    },
    {
     "key": "layoutAlign",
     "format": "number"
    },
    {
     "key": "coverId"
    },
    {
     "key": "coverScale",
     "format": "number"
    },
    {
     "key": "coverType",
     "format": "number"
    },
    {
     "key": "coverX",
     "format": "number"
    },
    {
     "key": "coverY",
     "format": "number"
    },
    {
     "key": "createdDate",
     "format": "date"
    },
    {
     "key": "creator",
     "format": "object"
    },
    {
     "key": "lastModifiedDate",
     "format": "date"
    },
    {
     "key": "lastModifiedBy",
     "format": "object"
    },
    {
     "key": "lastOpenedDate",
     "format": "date"
    },
    {
     "key": "isFavorite",
     "format": "checkbox"
    },
    {
     "key": "workspaceId",
     "format": "object"
    },
    {
     "key": "links",
     "format": "object"
    },
    {
     "key": "restrictions",
     "format": "number"
    },
    {
     "key": "lastUsedDate",
     "format": "date"
    },
    {
     "key": "isArchived",
     "format": "checkbox"
    }
   ],
   "key": "image"
  }
 }
}