{
 "sbType": "Page",
 "snapshot": {
  "data": {
   "blocks": [
    {
     "id": "bafyreifqcrlf6z46fkdfhi7glqe3t5upnhkyf3btiptr7jujd3n36mrfga",
     "fields": {
       "analyticsContext": "empty",
       "analyticsOriginalId": "bafyecg4gkleug3ixc3j5zc5enn5zmlz7u6u334sn5glf4kxvxlknz33s"
      },
     "restrictions": {
      "edit": true,
      "remove": true,
      "drag": true,
      "dropOn": true
     },
     "childrenIds": [
      "header",
      "dataview"
     ],
     "smartblock": {

     }
    },
    {
     "id": "header",
     "restrictions": {
      "edit": true,
      "remove": true,
      "drag": true,
      "dropOn": true
     },
     "childrenIds": [
      "title",
      "description",
      "featuredRelations"
     ],
     "layout": {
      "style": "Header"
     }
    },
    {
     "id": "dataview",
     "restrictions": {

     },
     "dataview": {
      "source": [
       "rel-lastModifiedDate"
      ],
      "views": [
       {
        "id": "63c59da2c54d2d6c985c2b6b",
        "name": "All",
        "sorts": [
         {
          "id": "63db97200e01101ff536a754",
          "RelationKey": "type"
         },
         {
          "id": "63db97200e01101ff536a755",
          "RelationKey": "lastModifiedDate",
          "type": "Desc"
         }
        ],
        "filters": [
         {
          "id": "63d24bef257d7bad62f58c7d",
          "RelationKey": "type",
          "condition": "NotIn",
          "value": [
             "bafyreidx2ra5f5g7zphvdyxr62xbf66rlqqxylrfwtk5ieyqfqpuebdjpq",
             "bafyreibuhqfz5u24yac4rjmtf3gxaomrhv3ntaltzb4kxw2s7qpw3pjhka",
             "bafyreigtp6uujaz65jl44dtqk2yxfrg4irhtu54afxtoyqitkv5xviaofq",
             "bafyreiblbgghovf7f66evjmo3zff243xuz6ku6wcsewz6rinka5hs2k6hm",
             "bafyreidyomk75kxtvpuehywlfp3btajz5bjgzso7hvgh5d347whxc2vpu4",
             "bafyreigu4wznbmouykapt2fysotcelduezk55meol7oycrebxafk2d6pmu",
             "bafyreidn32umzw7q3u2exqpbnyinsmdemquaymen7ql6vdmchvhso4gryu",
             "bafyreidth2idkekkbg37keqsoxd4khzneqlcmywn24322qabs7jn36gnge",
             "bafyreiecmoffq3syxllcttsefrdcysz6fh53y52hd2dp2mphykur5dtbo4",
             "bafyreihfxnndrknwcqgwo6w5i5wvb63jucndv2gxafmxqq6zzeeotv7jdi",
             "bafyreignwnfuwbnuclndcg346m445jsyhmusa4uhsmv5hn55rbrda7pawy"
            ],
          "format": "object"
         },
         {
          "id": "63d24bef257d7bad62f58c7e",
          "RelationKey": "name",
          "value": ""
         }
        ],
        "relations": [
         {
          "key": "name",
          "isVisible": true,
          "width": 500
         },
         {
          "key": "type",
          "isVisible": true,
          "width": 192
         },
         {
          "key": "lastModifiedDate",
          "width": 178
         },
         {
          "key": "description",
          "width": 192
         },
         {
          "key": "createdDate",
          "width": 192
         },
         {
          "key": "lastModifiedBy",
          "width": 192
         },
         {
          "key": "lastOpenedDate",
          "width": 192
         },
         {
          "key": "done"
         }
        ]
       },
       {
        "id": "e83e70ab-0601-4ab7-abd9-d4dc09b9e703",
        "type": "Gallery",
        "name": "Media",
        "sorts": [
         {
          "id": "63db97200e01101ff536a758",
          "RelationKey": "type"
         },
         {
          "id": "63db97200e01101ff536a759",
          "RelationKey": "name"
         }
        ],
        "filters": [
         {
          "id": "63d24bef257d7bad62f58c81",
          "RelationKey": "type",
          "condition": "In",
          "value": [
             "bafyreidth2idkekkbg37keqsoxd4khzneqlcmywn24322qabs7jn36gnge",
             "bafyreidyomk75kxtvpuehywlfp3btajz5bjgzso7hvgh5d347whxc2vpu4",
             "bafyreiecmoffq3syxllcttsefrdcysz6fh53y52hd2dp2mphykur5dtbo4",
             "bafyreignwnfuwbnuclndcg346m445jsyhmusa4uhsmv5hn55rbrda7pawy"
            ]
         }
        ],
        "relations": [
         {
          "key": "name",
          "isVisible": true,
          "width": 500
         },
         {
          "key": "type",
          "width": 192
         },
         {
          "key": "createdDate",
          "width": 192
         },
         {
          "key": "description",
          "width": 192
         },
         {
          "key": "lastModifiedDate",
          "width": 192
         },
         {
          "key": "lastModifiedBy",
          "width": 192
         },
         {
          "key": "lastOpenedDate",
          "width": 192
         },
         {
          "key": "done"
         }
        ],
        "coverRelationKey": "iconImage",
        "groupRelationKey": "done"
       }
      ],
      "relationLinks": [
       {
        "key": "name",
        "format": "shorttext"
       },
       {
        "key": "type",
        "format": "object"
       },
       {
        "key": "lastModifiedDate",
        "format": "date"
       },
       {
        "key": "description"
       },
       {
        "key": "createdDate",
        "format": "date"
       },
       {
        "key": "lastModifiedBy",
        "format": "object"
       },
       {
        "key": "lastOpenedDate",
        "format": "date"
       },
       {
        "key": "done",
        "format": "checkbox"
       },
       {
        "key": "tag",
        "format": "tag"
       }
      ]
     }
    },
    {
     "id": "title",
     "fields": {
       "_detailsKey": [
          "name",
          "done"
         ]
      },
     "restrictions": {
      "remove": true,
      "drag": true,
      "dropOn": true
     },
     "text": {
      "style": "Title",
      "marks": {

      }
     }
    },
    {
     "id": "description",
     "fields": {
       "_detailsKey": "description"
      },
     "restrictions": {
      "remove": true,
      "drag": true,
      "dropOn": true
     },
     "text": {
      "style": "Description",
      "marks": {

      }
     }
    },
    {
     "id": "featuredRelations",
     "restrictions": {
      "remove": true,
      "drag": true,
      "dropOn": true
     },
     "featuredRelations": {

     }
    }
   ],
   "details": {
     "addedDate": 1706467178,
     "backlinks": [
       ],
     "createdDate": 1706467178,
     "creator": "_id_AB4FTuRMuPRtnXn71rTT8cYawi5S2PgZ9CYTGZj2WYCSFePP",
     "description": "All my objects in one place",
     "featuredRelations": [
        "description",
        "type",
        "setOf",
        "backlinks"
       ],
     "iconEmoji": "🌐",
     "iconImage": "",
     "id": "bafyreifqcrlf6z46fkdfhi7glqe3t5upnhkyf3btiptr7jujd3n36mrfga",
     "lastModifiedBy": "_id_AB4FTuRMuPRtnXn71rTT8cYawi5S2PgZ9CYTGZj2WYCSFePP",
     "lastModifiedDate": 1706467178,
     "lastOpenedDate": 1706468887,
     "layout": 3,
     "links": [
       ],
     "name": "All Objects",
     "oldAnytypeID": "bafyreihu3ktvo3tkdovzslpax7mputbssx7qteq4tgqlvqmenfhk4g6q2y",
     "origin": 6,
     "restrictions": [
        3,
        6,
        5,
        7
       ],
     "setOf": [
        "bafyreiabp5zuy2z424dfcy3t2syx4f5q5ymyl63seyr2qpk5o6tbzm62na"
       ],
     "snippet": "",
     "sourceFilePath": "pb:/Users/darshan/Library/Application Support/anytype/data/tmp/tmp.20240129.000938.05.zip/bafyreihu3ktvo3tkdovzslpax7mputbssx7qteq4tgqlvqmenfhk4g6q2y.pb",
     "spaceId": "bafyreiebz7qevnalge74hay5yd7pgoj3b65eu3qgk3rtfwo7a2g7h4eqdi.1phy5wxbp5mvm",
     "type": "bafyreibxd3giyd7bfy27snmeeikm2447nhzlil72t3qa4ul6ezest5gd4u"
    },
   "objectTypes": [
    "ot-set"
   ],
   "relationLinks": [
    {
     "key": "id",
     "format": "object"
    },
    {
     "key": "snippet"
    },
    {
     "key": "workspaceId",
     "format": "object"
    },
    {
     "key": "creator",
     "format": "object"
    },
    {
     "key": "createdDate",
     "format": "date"
    },
    {
     "key": "type",
     "format": "object"
    },
    {
     "key": "layout",
     "format": "number"
    },
    {
     "key": "featuredRelations",
     "format": "object"
    },
    {
     "key": "lastModifiedDate",
     "format": "date"
    },
    {
     "key": "lastModifiedBy",
     "format": "object"
    },
    {
     "key": "name",
     "format": "shorttext"
    },
    {
     "key": "iconEmoji",
     "format": "emoji"
    },
    {
     "key": "description"
    },
    {
     "key": "iconImage",
     "format": "file"
    },
    {
     "key": "layoutAlign",
     "format": "number"
    },
    {
     "key": "coverId",
     "format": "shorttext"
    },
    {
     "key": "coverScale",
     "format": "number"
    },
    {
     "key": "coverType",
     "format": "number"
    },
    {
     "key": "coverX",
     "format": "number"
    },
    {
     "key": "coverY",
     "format": "number"
    },
    {
     "key": "lastOpenedDate",
     "format": "date"
    },
    {
     "key": "isHidden",
     "format": "checkbox"
    },
    {
     "key": "isArchived",
     "format": "checkbox"
    },
    {
     "key": "isFavorite",
     "format": "checkbox"
    },
    {
     "key": "links",
     "format": "object"
    },
    {
     "key": "internalFlags",
     "format": "number"
    },
    {
     "key": "setOf",
     "format": "object"
    },
    {
     "key": "restrictions",
     "format": "number"
    },
    {
     "key": "sourceFilePath"
    },
    {
     "key": "oldAnytypeID"
    },
    {
     "key": "backlinks",
     "format": "object"
    },
    {
     "key": "origin",
     "format": "number"
    },
    {
     "key": "addedDate",
     "format": "date"
    },
    {
     "key": "spaceId",
     "format": "object"
    }
   ]
  }
 }
}