{
 "sbType": "Page",
 "snapshot": {
  "data": {
   "blocks": [
    {
     "id": "bafyreib6fblnlx6uwlth3dx6sk36xwdlbldew2nrjcqiftmm7c4xv7ufei",
     "fields": {
       "analyticsContext": "empty",
       "analyticsOriginalId": "bafyedezxwt4fd63tuibolbaxkp224z74rz2jvuvf26ayry4wzem4an7v"
      },
     "restrictions": {
      "edit": true,
      "remove": true,
      "drag": true,
      "dropOn": true
     },
     "childrenIds": [
      "header",
      "dataview"
     ],
     "smartblock": {

     }
    },
    {
     "id": "header",
     "restrictions": {
      "edit": true,
      "remove": true,
      "drag": true,
      "dropOn": true
     },
     "childrenIds": [
      "title",
      "description",
      "featuredRelations"
     ],
     "layout": {
      "style": "Header"
     }
    },
    {
     "id": "dataview",
     "restrictions": {

     },
     "dataview": {
      "source": [
       "ot-task"
      ],
      "views": [
       {
        "id": "6182a74fcae0300221f9f207",
        "name": "Today",
        "sorts": [
         {
          "id": "64945284ccba0aa8fffe8057",
          "RelationKey": "name"
         }
        ],
        "filters": [
         {
          "id": "653651061b0852aa7b3beeec",
          "RelationKey": "createdDate",
          "condition": "Equal",
          "value": null,
          "quickOption": "Today"
         },
         {
          "id": "6501cfeb4228b0dac5eb5416",
          "RelationKey": "dueDate",
          "condition": "LessOrEqual",
          "value": null,
          "quickOption": "Today"
         },
         {
          "id": "6501d0cd4228b0dac5eb5418",
          "RelationKey": "done",
          "condition": "Equal",
          "value": false,
          "format": "checkbox"
         }
        ],
        "relations": [
         {
          "key": "name",
          "isVisible": true,
          "width": 345
         },
         {
          "key": "description",
          "width": 192
         },
         {
          "key": "dueDate",
          "isVisible": true,
          "width": 192
         },
         {
          "key": "priority",
          "isVisible": true,
          "width": 192
         },
         {
          "key": "createdDate",
          "width": 192
         },
         {
          "key": "linkedProjects",
          "isVisible": true,
          "width": 192
         },
         {
          "key": "status",
          "width": 159
         },
         {
          "key": "lastModifiedBy",
          "width": 192
         },
         {
          "key": "lastModifiedDate",
          "width": 192
         },
         {
          "key": "lastOpenedDate",
          "width": 192
         },
         {
          "key": "tag",
          "width": 98
         },
         {
          "key": "assignee",
          "width": 192
         },
         {
          "key": "dueDate",
          "width": 121
         },
         {
          "key": "attachments",
          "width": 192
         },
         {
          "key": "tasks",
          "width": 192
         }
        ]
       },
       {
        "id": "4a179fd0-8031-4d85-8d64-90af04463f8a",
        "name": "Scheduled",
        "sorts": [
         {
          "id": "649452d2ccba0aa8fffe8059",
          "RelationKey": "name"
         }
        ],
        "filters": [
         {
          "id": "6501cfeb4228b0dac5eb5416",
          "RelationKey": "dueDate",
          "condition": "Greater",
          "value": null,
          "quickOption": "Today"
         },
         {
          "id": "6501d0cd4228b0dac5eb5418",
          "RelationKey": "done",
          "condition": "Equal",
          "value": false
         }
        ],
        "relations": [
         {
          "key": "name",
          "isVisible": true,
          "width": 354
         },
         {
          "key": "tag",
          "isVisible": true,
          "width": 98
         },
         {
          "key": "dueDate",
          "isVisible": true,
          "width": 121
         },
         {
          "key": "priority",
          "isVisible": true,
          "width": 192
         },
         {
          "key": "linkedProjects",
          "isVisible": true,
          "width": 192
         },
         {
          "key": "id"
         },
         {
          "key": "description"
         },
         {
          "key": "type"
         },
         {
          "key": "creator"
         },
         {
          "key": "createdDate",
          "width": 192
         },
         {
          "key": "layout"
         },
         {
          "key": "lastModifiedBy"
         },
         {
          "key": "iconImage"
         },
         {
          "key": "iconEmoji"
         },
         {
          "key": "coverId"
         },
         {
          "key": "lastModifiedDate"
         },
         {
          "key": "lastOpenedDate"
         },
         {
          "key": "coverX"
         },
         {
          "key": "coverY"
         },
         {
          "key": "coverScale"
         },
         {
          "key": "featuredRelations"
         },
         {
          "key": "coverType"
         },
         {
          "key": "layoutAlign"
         },
         {
          "key": "isHidden"
         },
         {
          "key": "isArchived"
         },
         {
          "key": "isFavorite"
         },
         {
          "key": "assignee"
         },
         {
          "key": "attachments"
         },
         {
          "key": "status"
         },
         {
          "key": "done"
         },
         {
          "key": "tasks"
         },
         {
          "key": "workspaceId"
         }
        ],
        "cardSize": "Medium",
        "groupRelationKey": "status"
       },
       {
        "id": "6edeb228-2073-416e-9096-eef56c49da36",
        "name": "Completed",
        "sorts": [
         {
          "id": "64945321ccba0aa8fffe805b",
          "RelationKey": "lastModifiedDate"
         }
        ],
        "filters": [
         {
          "id": "6501d1f14228b0dac5eb541a",
          "RelationKey": "done",
          "condition": "Equal",
          "value": true,
          "format": "checkbox"
         }
        ],
        "relations": [
         {
          "key": "name",
          "isVisible": true,
          "width": 345
         },
         {
          "key": "lastModifiedDate",
          "isVisible": true,
          "width": 192
         },
         {
          "key": "tag",
          "isVisible": true,
          "width": 192
         },
         {
          "key": "priority",
          "isVisible": true,
          "width": 192
         },
         {
          "key": "linkedProjects",
          "isVisible": true,
          "width": 192
         },
         {
          "key": "description",
          "width": 192
         },
         {
          "key": "createdDate",
          "width": 192
         },
         {
          "key": "lastModifiedBy",
          "width": 192
         },
         {
          "key": "lastOpenedDate",
          "width": 192
         },
         {
          "key": "assignee",
          "width": 192
         },
         {
          "key": "dueDate",
          "width": 192
         },
         {
          "key": "attachments",
          "width": 192
         },
         {
          "key": "status",
          "width": 192
         },
         {
          "key": "tasks",
          "width": 192
         },
         {
          "key": "done",
          "width": 192
         },
         {
          "key": "id",
          "width": 192
         },
         {
          "key": "type",
          "width": 192
         },
         {
          "key": "creator",
          "width": 192
         },
         {
          "key": "layout",
          "width": 192
         },
         {
          "key": "iconImage",
          "width": 192
         },
         {
          "key": "iconEmoji",
          "width": 192
         },
         {
          "key": "coverId",
          "width": 500
         },
         {
          "key": "coverX",
          "width": 192
         },
         {
          "key": "coverY",
          "width": 192
         },
         {
          "key": "coverScale",
          "width": 192
         },
         {
          "key": "featuredRelations",
          "width": 192
         },
         {
          "key": "coverType",
          "width": 192
         },
         {
          "key": "layoutAlign",
          "width": 192
         },
         {
          "key": "isHidden",
          "width": 192
         },
         {
          "key": "isArchived",
          "width": 192
         },
         {
          "key": "isFavorite",
          "width": 192
         },
         {
          "key": "workspaceId",
          "width": 192
         }
        ],
        "hideIcon": true,
        "cardSize": "Medium",
        "groupRelationKey": "status"
       },
       {
        "id": "f984ddde-eb13-497e-809a-2b9a96fd3503",
        "name": "All",
        "sorts": [
         {
          "id": "64945380ccba0aa8fffe805c",
          "RelationKey": "name"
         },
         {
          "id": "63db97200e01101ff536a75d",
          "RelationKey": "createdDate",
          "type": "Desc",
          "format": "date"
         }
        ],
        "filters": [
         {
          "id": "6501d1f14228b0dac5eb541a",
          "RelationKey": "done",
          "condition": "Equal",
          "value": false,
          "format": "checkbox"
         }
        ],
        "relations": [
         {
          "key": "name",
          "isVisible": true,
          "width": 345
         },
         {
          "key": "createdDate",
          "isVisible": true,
          "width": 192
         },
         {
          "key": "tag",
          "isVisible": true,
          "width": 192
         },
         {
          "key": "description",
          "width": 192
         },
         {
          "key": "priority",
          "isVisible": true,
          "width": 120
         },
         {
          "key": "lastModifiedBy",
          "width": 192
         },
         {
          "key": "lastModifiedDate",
          "width": 192
         },
         {
          "key": "lastOpenedDate",
          "width": 192
         },
         {
          "key": "assignee",
          "width": 192
         },
         {
          "key": "dueDate",
          "width": 192
         },
         {
          "key": "attachments",
          "width": 192
         },
         {
          "key": "status",
          "width": 192
         },
         {
          "key": "tasks",
          "width": 192
         },
         {
          "key": "linkedProjects",
          "isVisible": true,
          "width": 192
         }
        ]
       }
      ],
      "groupOrders": [
       {
        "viewId": "6edeb228-2073-416e-9096-eef56c49da36",
        "viewGroups": [
         {

         },
         {
          "index": 1,
          "backgroundColor": "ice"
         },
         {
          "index": 2,
          "backgroundColor": "orange"
         },
         {
          "index": 3,
          "backgroundColor": "lime"
         }
        ]
       }
      ],
      "objectOrders": [
       {
        "viewId": "6edeb228-2073-416e-9096-eef56c49da36",
        "groupId": "63454ad0c493f68e301890db"
       },
       {
        "viewId": "6edeb228-2073-416e-9096-eef56c49da36",
        "groupId": "63454af7c493f68e301890dd"
       }
      ],
      "relationLinks": [
       {
        "key": "name",
        "format": "shorttext"
       },
       {
        "key": "id",
        "format": "object"
       },
       {
        "key": "description"
       },
       {
        "key": "type",
        "format": "object"
       },
       {
        "key": "creator",
        "format": "object"
       },
       {
        "key": "createdDate",
        "format": "date"
       },
       {
        "key": "layout",
        "format": "number"
       },
       {
        "key": "lastModifiedBy",
        "format": "object"
       },
       {
        "key": "iconImage",
        "format": "file"
       },
       {
        "key": "iconEmoji",
        "format": "emoji"
       },
       {
        "key": "coverId",
        "format": "shorttext"
       },
       {
        "key": "lastModifiedDate",
        "format": "date"
       },
       {
        "key": "lastOpenedDate",
        "format": "date"
       },
       {
        "key": "coverX",
        "format": "number"
       },
       {
        "key": "coverY",
        "format": "number"
       },
       {
        "key": "coverScale",
        "format": "number"
       },
       {
        "key": "featuredRelations",
        "format": "object"
       },
       {
        "key": "coverType",
        "format": "number"
       },
       {
        "key": "layoutAlign",
        "format": "number"
       },
       {
        "key": "isHidden",
        "format": "checkbox"
       },
       {
        "key": "isArchived",
        "format": "checkbox"
       },
       {
        "key": "tag",
        "format": "tag"
       },
       {
        "key": "isFavorite",
        "format": "checkbox"
       },
       {
        "key": "assignee",
        "format": "object"
       },
       {
        "key": "dueDate",
        "format": "date"
       },
       {
        "key": "attachments",
        "format": "file"
       },
       {
        "key": "status",
        "format": "status"
       },
       {
        "key": "done",
        "format": "checkbox"
       },
       {
        "key": "priority",
        "format": "number"
       },
       {
        "key": "tasks",
        "format": "object"
       },
       {
        "key": "linkedProjects",
        "format": "object"
       },
       {
        "key": "workspaceId",
        "format": "object"
       }
      ]
     }
    },
    {
     "id": "title",
     "fields": {
       "_detailsKey": [
          "name",
          "done"
         ]
      },
     "restrictions": {
      "remove": true,
      "drag": true,
      "dropOn": true
     },
     "text": {
      "style": "Title",
      "marks": {

      }
     }
    },
    {
     "id": "description",
     "fields": {
       "_detailsKey": "description"
      },
     "restrictions": {
      "remove": true,
      "drag": true,
      "dropOn": true
     },
     "text": {
      "style": "Description",
      "marks": {

      }
     }
    },
    {
     "id": "featuredRelations",
     "restrictions": {
      "remove": true,
      "drag": true,
      "dropOn": true
     },
     "featuredRelations": {

     }
    }
   ],
   "details": {
     "addedDate": 1706467178,
     "backlinks": [
       ],
     "coverId": "",
     "coverScale": 0,
     "coverType": 0,
     "coverX": 0,
     "coverY": 0,
     "createdDate": 1706467178,
     "creator": "_id_AB4FTuRMuPRtnXn71rTT8cYawi5S2PgZ9CYTGZj2WYCSFePP",
     "description": "Tasks collected from everywhere in Anytype",
     "featuredRelations": [
        "description",
        "type",
        "setOf",
        "backlinks"
       ],
     "iconEmoji": "📮",
     "id": "bafyreib6fblnlx6uwlth3dx6sk36xwdlbldew2nrjcqiftmm7c4xv7ufei",
     "lastModifiedBy": "_id_AB4FTuRMuPRtnXn71rTT8cYawi5S2PgZ9CYTGZj2WYCSFePP",
     "lastModifiedDate": 1706467178,
     "lastOpenedDate": 1706467266,
     "layout": 3,
     "links": [
       ],
     "name": "Tasks",
     "oldAnytypeID": "bafyreighzavahzdk3ewvlcftwfid6uebirl4asymohgikhpanwbzmfdaq4",
     "origin": 6,
     "restrictions": [
        3,
        6,
        5,
        7
       ],
     "setOf": [
        "bafyreifx4hqzamanekkb7jju3baq5ytdcay4ax2sdmll6ioneabx32xheq"
       ],
     "snippet": "",
     "sourceFilePath": "pb:/Users/darshan/Library/Application Support/anytype/data/tmp/tmp.20240129.000938.05.zip/bafyreighzavahzdk3ewvlcftwfid6uebirl4asymohgikhpanwbzmfdaq4.pb",
     "spaceId": "bafyreiebz7qevnalge74hay5yd7pgoj3b65eu3qgk3rtfwo7a2g7h4eqdi.1phy5wxbp5mvm",
     "type": "bafyreibxd3giyd7bfy27snmeeikm2447nhzlil72t3qa4ul6ezest5gd4u"
    },
   "objectTypes": [
    "ot-set"
   ],
   "relationLinks": [
    {
     "key": "id",
     "format": "object"
    },
    {
     "key": "snippet"
    },
    {
     "key": "createdDate",
     "format": "date"
    },
    {
     "key": "creator",
     "format": "object"
    },
    {
     "key": "type",
     "format": "object"
    },
    {
     "key": "layout",
     "format": "number"
    },
    {
     "key": "featuredRelations",
     "format": "object"
    },
    {
     "key": "lastModifiedDate",
     "format": "date"
    },
    {
     "key": "lastModifiedBy",
     "format": "object"
    },
    {
     "key": "name",
     "format": "shorttext"
    },
    {
     "key": "iconEmoji",
     "format": "emoji"
    },
    {
     "key": "description"
    },
    {
     "key": "iconImage",
     "format": "file"
    },
    {
     "key": "layoutAlign",
     "format": "number"
    },
    {
     "key": "coverId",
     "format": "shorttext"
    },
    {
     "key": "coverScale",
     "format": "number"
    },
    {
     "key": "coverType",
     "format": "number"
    },
    {
     "key": "coverX",
     "format": "number"
    },
    {
     "key": "coverY",
     "format": "number"
    },
    {
     "key": "lastOpenedDate",
     "format": "date"
    },
    {
     "key": "isHidden",
     "format": "checkbox"
    },
    {
     "key": "isArchived",
     "format": "checkbox"
    },
    {
     "key": "isFavorite",
     "format": "checkbox"
    },
    {
     "key": "setOf",
     "format": "object"
    },
    {
     "key": "workspaceId",
     "format": "object"
    },
    {
     "key": "links",
     "format": "object"
    },
    {
     "key": "restrictions",
     "format": "number"
    },
    {
     "key": "internalFlags",
     "format": "number"
    },
    {
     "key": "sourceFilePath"
    },
    {
     "key": "oldAnytypeID"
    },
    {
     "key": "backlinks",
     "format": "object"
    },
    {
     "key": "origin",
     "format": "number"
    },
    {
     "key": "addedDate",
     "format": "date"
    },
    {
     "key": "spaceId",
     "format": "object"
    }
   ]
  }
 }
}