{
 "sbType": "Template",
 "snapshot": {
  "data": {
   "blocks": [
    {
     "id": "bafyreidxms4b2lvsrbmlhhocwt3kdkp5ritsaoli3mqqaqcse7kmm2f5eu",
     "fields": {
       "analyticsOriginalId": "bafyreihytre5togio6ppycia2zpnipe4y7ykdhepc22hgjoepajqiup7ca"
      },
     "restrictions": {

     },
     "childrenIds": [
      "header",
      "6463c8e23d9390bc1a7fb167",
      "60c211b0ab98c307f7993b72",
      "60c21270ab98c307f7993b81",
      "60c2127dab98c307f7993b82",
      "6463c8d03d9390bc1a7fb166",
      "60f09673d5877d31cde9f726",
      "60f5c41b6cabea22ef364dff",
      "60f5c41c6cabea22ef364e00",
      "60f5c41d6cabea22ef364e01"
     ],
     "smartblock": {

     }
    },
    {
     "id": "header",
     "restrictions": {
      "edit": true,
      "remove": true,
      "drag": true,
      "dropOn": true
     },
     "childrenIds": [
      "title",
      "description",
      "featuredRelations"
     ],
     "layout": {
      "style": "Header"
     }
    },
    {
     "id": "6463c8e23d9390bc1a7fb167",
     "relation": {
      "key": "createdDate"
     }
    },
    {
     "id": "60c211b0ab98c307f7993b72",
     "relation": {
      "key": "dueDate"
     }
    },
    {
     "id": "60c21270ab98c307f7993b81",
     "relation": {
      "key": "status"
     }
    },
    {
     "id": "60c2127dab98c307f7993b82",
     "text": {
      "style": "Header2",
      "marks": {

      }
     }
    },
    {
     "id": "6463c8d03d9390bc1a7fb166",
     "text": {
      "text": "Details ",
      "style": "Header2",
      "marks": {

      }
     }
    },
    {
     "id": "60f09673d5877d31cde9f726",
     "div": {

     }
    },
    {
     "id": "60f5c41b6cabea22ef364dff",
     "text": {
      "marks": {

      }
     }
    },
    {
     "id": "60f5c41c6cabea22ef364e00",
     "text": {
      "marks": {

      }
     }
    },
    {
     "id": "60f5c41d6cabea22ef364e01",
     "text": {
      "marks": {

      }
     }
    },
    {
     "id": "title",
     "fields": {
       "_detailsKey": [
          "name",
          "done"
         ]
      },
     "restrictions": {
      "remove": true,
      "drag": true,
      "dropOn": true
     },
     "text": {
      "style": "Title",
      "marks": {

      }
     }
    },
    {
     "id": "description",
     "fields": {
       "_detailsKey": "description"
      },
     "restrictions": {
      "remove": true,
      "drag": true,
      "dropOn": true
     },
     "text": {
      "style": "Description",
      "marks": {

      }
     }
    },
    {
     "id": "featuredRelations",
     "restrictions": {
      "remove": true,
      "drag": true,
      "dropOn": true
     },
     "featuredRelations": {

     }
    }
   ],
   "details": {
     "backlinks": [
       ],
     "createdDate": 1703215893,
     "creator": "_id_A8DMi22aG2JeS6SqxmXaBUJ6e8wMUq18HuXkXtKHNg1GaCcd",
     "description": "",
     "featuredRelations": [
        "type",
        "tag",
        "description"
       ],
     "id": "bafyreidxms4b2lvsrbmlhhocwt3kdkp5ritsaoli3mqqaqcse7kmm2f5eu",
     "lastModifiedBy": "_id_A8DMi22aG2JeS6SqxmXaBUJ6e8wMUq18HuXkXtKHNg1GaCcd",
     "lastModifiedDate": 1703215893,
     "layout": 2,
     "links": [
       ],
     "name": "Task",
     "oldAnytypeID": "bafyreihytre5togio6ppycia2zpnipe4y7ykdhepc22hgjoepajqiup7ca",
     "restrictions": [
        7
       ],
     "snippet": "Details",
     "sourceObject": "bafyreidfbrrjbntlbveh6ftogaxikxfjuo3eyybhnyh54wgvm7fqglsjhe",
     "spaceId": "bafyreihufw6v4yalsf45xskfur2ahsdyb4nkucawuuh63q6elgamxzw3ni.22bhbjeon72hw",
     "targetObjectType": "bafyreienjtzltho2zg44ecwlaflftv66iweqj47drxwzossvwhf5ijlkwe",
     "type": "bafyreifti3xtyh3qpjfcttdnxgt24pdllhogehlvafcpbqbrqrkrve56ou"
    },
   "objectTypes": [
    "ot-template",
    "ot-task"
   ],
   "relationLinks": [
    {
     "key": "type",
     "format": "object"
    },
    {
     "key": "layout",
     "format": "number"
    },
    {
     "key": "targetObjectType",
     "format": "object"
    },
    {
     "key": "id",
     "format": "object"
    },
    {
     "key": "name",
     "format": "shorttext"
    },
    {
     "key": "description"
    },
    {
     "key": "iconEmoji",
     "format": "emoji"
    },
    {
     "key": "iconImage",
     "format": "file"
    },
    {
     "key": "createdDate",
     "format": "date"
    },
    {
     "key": "creator",
     "format": "object"
    },
    {
     "key": "lastModifiedDate",
     "format": "date"
    },
    {
     "key": "lastModifiedBy",
     "format": "object"
    },
    {
     "key": "lastOpenedDate",
     "format": "date"
    },
    {
     "key": "featuredRelations",
     "format": "object"
    },
    {
     "key": "isHidden",
     "format": "checkbox"
    },
    {
     "key": "isArchived",
     "format": "checkbox"
    },
    {
     "key": "layoutAlign",
     "format": "number"
    },
    {
     "key": "coverId",
     "format": "shorttext"
    },
    {
     "key": "coverScale",
     "format": "number"
    },
    {
     "key": "coverType",
     "format": "number"
    },
    {
     "key": "coverX",
     "format": "number"
    },
    {
     "key": "coverY",
     "format": "number"
    },
    {
     "key": "snippet"
    },
    {
     "key": "dueDate",
     "format": "date"
    },
    {
     "key": "status",
     "format": "status"
    },
    {
     "key": "assignee",
     "format": "object"
    },
    {
     "key": "isFavorite",
     "format": "checkbox"
    },
    {
     "key": "sourceObject",
     "format": "object"
    },
    {
     "key": "workspaceId",
     "format": "object"
    },
    {
     "key": "links",
     "format": "object"
    },
    {
     "key": "internalFlags",
     "format": "number"
    },
    {
     "key": "restrictions",
     "format": "number"
    },
    {
     "key": "done",
     "format": "checkbox"
    },
    {
     "key": "sourceFilePath"
    },
    {
     "key": "oldAnytypeID"
    },
    {
     "key": "tag",
     "format": "tag"
    },
    {
     "key": "isReadonly",
     "format": "checkbox"
    },
    {
     "key": "templateIsBundled",
     "format": "checkbox"
    },
    {
     "key": "backlinks",
     "format": "object"
    },
    {
     "key": "spaceId",
     "format": "object"
    }
   ]
  }
 }
}