{
 "sbType": "Page",
 "snapshot": {
  "data": {
   "blocks": [
    {
     "id": "bafyreiazyqkiqxez7pes343gay2ejio6skb7smz2mcybdywuscjth4jucu",
     "restrictions": {

     },
     "childrenIds": [
      "header",
      "dataview"
     ],
     "smartblock": {

     }
    },
    {
     "id": "header",
     "restrictions": {
      "edit": true,
      "remove": true,
      "drag": true,
      "dropOn": true
     },
     "childrenIds": [
      "title",
      "description",
      "featuredRelations"
     ],
     "layout": {
      "style": "Header"
     }
    },
    {
     "id": "dataview",
     "dataview": {
      "views": [
       {
        "id": "6585040aaf24c10bcdd59f12",
        "type": "Kanban",
        "name": "All",
        "sorts": [
         {
          "id": "6585040aaf24c10bcdd59f13",
          "RelationKey": "lastModifiedDate",
          "type": "Desc"
         }
        ],
        "relations": [
         {
          "key": "name",
          "isVisible": true
         },
         {
          "key": "description"
         },
         {
          "key": "type"
         },
         {
          "key": "createdDate"
         },
         {
          "key": "lastModifiedDate"
         },
         {
          "key": "lastModifiedBy"
         },
         {
          "key": "lastOpenedDate"
         },
         {
          "key": "tag"
         }
        ],
        "groupRelationKey": "65858879af24c113579c91dd",
        "groupBackgroundColors": true
       },
       {
        "id": "56801f5a-a8b8-4e56-b4cc-a541b75bc93f",
        "name": "Grid",
        "sorts": [
         {
          "id": "658588abaf24c113579c91de",
          "RelationKey": "lastModifiedDate",
          "type": "Desc"
         }
        ],
        "relations": [
         {
          "key": "name",
          "isVisible": true,
          "width": 500
         },
         {
          "key": "description",
          "width": 192
         },
         {
          "key": "type",
          "width": 192
         },
         {
          "key": "createdDate",
          "width": 192
         },
         {
          "key": "lastModifiedDate",
          "width": 192
         },
         {
          "key": "lastModifiedBy",
          "width": 192
         },
         {
          "key": "lastOpenedDate",
          "width": 192
         },
         {
          "key": "tag",
          "width": 192
         },
         {
          "key": "65858879af24c113579c91dd",
          "isVisible": true,
          "width": 192
         }
        ],
        "cardSize": "Medium",
        "groupRelationKey": "65858879af24c113579c91dd"
       }
      ],
      "groupOrders": [
       {
        "viewId": "6585040aaf24c10bcdd59f12",
        "viewGroups": [
         {
          "groupId": "empty"
         },
         {
          "groupId": "bafyreigaimwy6bt3rpk24oj2j6uyiw7swxsyykxgleldovpagj6u3kx6pa",
          "index": 1,
          "backgroundColor": "lime"
         },
         {
          "groupId": "bafyreievt47wzuhkc2uw7hkv66sef4qax5kk6zi3eo2uczzzjfjj7uyy6u",
          "index": 2,
          "backgroundColor": "grey"
         },
         {
          "groupId": "bafyreiaz5h4hiz2ljcgdexgqglkzkl42zuvgxj5yvv4sryvmx67eadh2oe",
          "index": 3,
          "backgroundColor": "grey"
         },
         {
          "groupId": "bafyreialvjgf5szcn5rslf4kuex7uptf54clkpeyq22mwcmcdqfi5y5ya4",
          "index": 4,
          "backgroundColor": "grey"
         }
        ]
       }
      ],
      "objectOrders": [
       {
        "viewId": "6585040aaf24c10bcdd59f12",
        "groupId": "empty"
       },
       {
        "viewId": "6585040aaf24c10bcdd59f12",
        "groupId": "bafyreigaimwy6bt3rpk24oj2j6uyiw7swxsyykxgleldovpagj6u3kx6pa",
        "objectIds": [
         "bafyreiarususpgcmyv2htpp3ahfdrf6if7kgmkqqvnxvz6pnnqcnqjbmli"
        ]
       }
      ],
      "relationLinks": [
       {
        "key": "name",
        "format": "shorttext"
       },
       {
        "key": "description"
       },
       {
        "key": "type",
        "format": "object"
       },
       {
        "key": "createdDate",
        "format": "date"
       },
       {
        "key": "lastModifiedDate",
        "format": "date"
       },
       {
        "key": "lastModifiedBy",
        "format": "object"
       },
       {
        "key": "lastOpenedDate",
        "format": "date"
       },
       {
        "key": "tag",
        "format": "tag"
       },
       {
        "key": "65858879af24c113579c91dd",
        "format": "status"
       }
      ]
     }
    },
    {
     "id": "title",
     "fields": {
       "_detailsKey": [
          "name",
          "done"
         ]
      },
     "restrictions": {
      "remove": true,
      "drag": true,
      "dropOn": true
     },
     "text": {
      "style": "Title",
      "marks": {

      }
     }
    },
    {
     "id": "description",
     "fields": {
       "_detailsKey": "description"
      },
     "restrictions": {
      "remove": true,
      "drag": true,
      "dropOn": true
     },
     "text": {
      "style": "Description",
      "marks": {

      }
     }
    },
    {
     "id": "featuredRelations",
     "restrictions": {
      "remove": true,
      "drag": true,
      "dropOn": true
     },
     "featuredRelations": {

     }
    }
   ],
   "details": {
     "backlinks": [
        "bafyreibzjzsmtsphmtq3giatnrutzunpdda476ik3jm5klw7gpuzrxugee",
        "bafyreico2szadaxeuz7rzzwfansf4keg3ztccuio5yx3tsvfzdnudo4egu"
       ],
     "createdDate": 1703216138,
     "creator": "_id_A8DMi22aG2JeS6SqxmXaBUJ6e8wMUq18HuXkXtKHNg1GaCcd",
     "description": "What you want to achieve",
     "featuredRelations": [
        "description",
        "type",
        "setOf"
       ],
     "iconEmoji": "",
     "iconImage": "bafybeigbjnnzgtxrvg57lujxy7fnye6b2b3rwrpk5vafu4m23fncxygaei",
     "id": "bafyreiazyqkiqxez7pes343gay2ejio6skb7smz2mcybdywuscjth4jucu",
     "lastModifiedBy": "_id_A8DMi22aG2JeS6SqxmXaBUJ6e8wMUq18HuXkXtKHNg1GaCcd",
     "lastModifiedDate": 1703254774,
     "lastOpenedDate": 1703255034,
     "layout": 3,
     "links": [
       ],
     "name": "Goals",
     "restrictions": [
        3,
        6,
        5,
        7
       ],
     "setOf": [
        "bafyreiejwxnkvmtimy4rdez4vdizs42t3qfx5izhzwlznxgeu4jdjzeij4"
       ],
     "snippet": "",
     "spaceId": "bafyreihufw6v4yalsf45xskfur2ahsdyb4nkucawuuh63q6elgamxzw3ni.22bhbjeon72hw",
     "type": "bafyreihdczqk5hfpd4paki6puktkzqu3eoyve5mwo7m2ly6dyoj6paccvu"
    },
   "objectTypes": [
    "ot-set"
   ],
   "relationLinks": [
    {
     "key": "id",
     "format": "object"
    },
    {
     "key": "name",
     "format": "shorttext"
    },
    {
     "key": "description"
    },
    {
     "key": "snippet"
    },
    {
     "key": "iconEmoji",
     "format": "emoji"
    },
    {
     "key": "iconImage",
     "format": "file"
    },
    {
     "key": "type",
     "format": "object"
    },
    {
     "key": "layout",
     "format": "number"
    },
    {
     "key": "layoutAlign",
     "format": "number"
    },
    {
     "key": "coverId"
    },
    {
     "key": "coverScale",
     "format": "number"
    },
    {
     "key": "coverType",
     "format": "number"
    },
    {
     "key": "coverX",
     "format": "number"
    },
    {
     "key": "coverY",
     "format": "number"
    },
    {
     "key": "createdDate",
     "format": "date"
    },
    {
     "key": "creator",
     "format": "object"
    },
    {
     "key": "lastModifiedDate",
     "format": "date"
    },
    {
     "key": "lastModifiedBy",
     "format": "object"
    },
    {
     "key": "lastOpenedDate",
     "format": "date"
    },
    {
     "key": "featuredRelations",
     "format": "object"
    },
    {
     "key": "isFavorite",
     "format": "checkbox"
    },
    {
     "key": "workspaceId",
     "format": "object"
    },
    {
     "key": "spaceId",
     "format": "object"
    },
    {
     "key": "links",
     "format": "object"
    },
    {
     "key": "internalFlags",
     "format": "number"
    },
    {
     "key": "restrictions",
     "format": "number"
    },
    {
     "key": "backlinks",
     "format": "object"
    },
    {
     "key": "setOf",
     "format": "object"
    }
   ]
  },
  "fileKeys": [
   {
    "hash": "bafybeigbjnnzgtxrvg57lujxy7fnye6b2b3rwrpk5vafu4m23fncxygaei",
    "keys": {
     "/0/exif/": "bark366z6vnem5jpfaff4h7sqjuwxx65lv2ltfpcmhbnve7euylma",
     "/0/large/": "b3uzazjby6lnuq42rdrbrrj5yppqx6tf7igqcidkbiizrzp54qjxq",
     "/0/original/": "b3uzazjby6lnuq42rdrbrrj5yppqx6tf7igqcidkbiizrzp54qjxq",
     "/0/small/": "b3uzazjby6lnuq42rdrbrrj5yppqx6tf7igqcidkbiizrzp54qjxq",
     "/0/thumb/": "b3uzazjby6lnuq42rdrbrrj5yppqx6tf7igqcidkbiizrzp54qjxq"
    }
   }
  ]
 }
}