{
 "sbType": "STRelationOption",
 "snapshot": {
  "data": {
   "blocks": [
    {
     "id": "bafyreif473n7khzs6lhqz4r44lj7xegaxzuoegpqwy6nas3tz7uzrrczxm",
     "restrictions": {

     },
     "childrenIds": [
      "header",
      "63454ad0c493f68e301890db"
     ],
     "smartblock": {

     }
    },
    {
     "id": "header",
     "restrictions": {
      "edit": true,
      "remove": true,
      "drag": true,
      "dropOn": true
     },
     "childrenIds": [
      "title",
      "description",
      "featuredRelations"
     ],
     "layout": {
      "style": "Header"
     }
    },
    {
     "id": "63454ad0c493f68e301890db",
     "fields": {
       "analyticsContext": "empty",
       "analyticsOriginalId": "63454ad0c493f68e301890db"
      },
     "restrictions": {
      "edit": true,
      "remove": true,
      "drag": true,
      "dropOn": true
     },
     "childrenIds": [
      "dataview"
     ]
    },
    {
     "id": "title",
     "fields": {
       "_detailsKey": [
          "name",
          "done"
         ]
      },
     "restrictions": {
      "edit": true,
      "remove": true,
      "drag": true,
      "dropOn": true
     },
     "text": {
      "style": "Title",
      "marks": {

      }
     }
    },
    {
     "id": "description",
     "fields": {
       "_detailsKey": "description"
      },
     "restrictions": {
      "remove": true,
      "drag": true,
      "dropOn": true
     },
     "text": {
      "style": "Description",
      "marks": {

      }
     }
    },
    {
     "id": "featuredRelations",
     "restrictions": {
      "remove": true,
      "drag": true,
      "dropOn": true
     },
     "featuredRelations": {

     }
    },
    {
     "id": "dataview",
     "restrictions": {
      "edit": true,
      "remove": true,
      "drag": true,
      "dropOn": true
     },
     "dataview": {
      "source": [
       "status"
      ],
      "views": [
       {
        "id": "1",
        "name": "All",
        "sorts": [
         {
          "RelationKey": "name"
         }
        ],
        "filters": [
         {
          "RelationKey": "status",
          "condition": "In",
          "value": [
             "bafyreif473n7khzs6lhqz4r44lj7xegaxzuoegpqwy6nas3tz7uzrrczxm"
            ]
         }
        ]
       }
      ]
     }
    }
   ],
   "details": {
     "addedDate": 1703215893,
     "backlinks": [
       ],
     "createdDate": 1703215893,
     "creator": "_id_A8DMi22aG2JeS6SqxmXaBUJ6e8wMUq18HuXkXtKHNg1GaCcd",
     "description": "",
     "featuredRelations": [
        "description",
        "type",
        "sourceObject"
       ],
     "id": "bafyreif473n7khzs6lhqz4r44lj7xegaxzuoegpqwy6nas3tz7uzrrczxm",
     "lastModifiedBy": "_id_A8DMi22aG2JeS6SqxmXaBUJ6e8wMUq18HuXkXtKHNg1GaCcd",
     "lastModifiedDate": 1703250579,
     "layout": 13,
     "links": [
       ],
     "name": "To Do",
     "oldAnytypeID": "63454ad0c493f68e301890db",
     "origin": 6,
     "relationKey": "status",
     "relationOptionColor": "ice",
     "restrictions": [
       ],
     "snippet": "",
     "sourceFilePath": "pb:/home/saif/.config/anytype/data/tmp/tmp.20231222.053133.89.zip/63454ad0c493f68e301890db.pb",
     "spaceId": "bafyreihufw6v4yalsf45xskfur2ahsdyb4nkucawuuh63q6elgamxzw3ni.22bhbjeon72hw",
     "type": "bafyreihzqsmifmu7jmbs2q2pu2u7uxytisdquoldcqgaqeoz5ai34vm7ba",
     "uniqueKey": "opt-63454ad0c493f68e301890db"
    },
   "objectTypes": [
    "ot-relationOption"
   ],
   "relationLinks": [
    {
     "key": "id",
     "format": "object"
    },
    {
     "key": "snippet"
    },
    {
     "key": "layout",
     "format": "number"
    },
    {
     "key": "lastModifiedBy",
     "format": "object"
    },
    {
     "key": "name",
     "format": "shorttext"
    },
    {
     "key": "oldAnytypeID"
    },
    {
     "key": "relationKey"
    },
    {
     "key": "relationOptionColor"
    },
    {
     "key": "type",
     "format": "object"
    },
    {
     "key": "createdDate",
     "format": "date"
    },
    {
     "key": "featuredRelations",
     "format": "object"
    },
    {
     "key": "sourceFilePath"
    },
    {
     "key": "creator",
     "format": "object"
    },
    {
     "key": "lastModifiedDate",
     "format": "date"
    },
    {
     "key": "lastOpenedDate",
     "format": "date"
    },
    {
     "key": "workspaceId",
     "format": "object"
    },
    {
     "key": "origin",
     "format": "number"
    },
    {
     "key": "backlinks",
     "format": "object"
    },
    {
     "key": "addedDate",
     "format": "date"
    },
    {
     "key": "spaceId",
     "format": "object"
    },
    {
     "key": "uniqueKey"
    },
    {
     "key": "description"
    },
    {
     "key": "iconEmoji",
     "format": "emoji"
    },
    {
     "key": "iconImage",
     "format": "file"
    },
    {
     "key": "layoutAlign",
     "format": "number"
    },
    {
     "key": "coverId"
    },
    {
     "key": "coverScale",
     "format": "number"
    },
    {
     "key": "coverType",
     "format": "number"
    },
    {
     "key": "coverX",
     "format": "number"
    },
    {
     "key": "coverY",
     "format": "number"
    },
    {
     "key": "isFavorite",
     "format": "checkbox"
    },
    {
     "key": "links",
     "format": "object"
    },
    {
     "key": "internalFlags",
     "format": "number"
    },
    {
     "key": "restrictions",
     "format": "number"
    }
   ],
   "key": "63454ad0c493f68e301890db"
  }
 }
}