{
 "sbType": "STType",
 "snapshot": {
  "data": {
   "blocks": [
    {
     "id": "bafyreidvmjrghttx3gedq6cg3i4hqlzn3dvy7pxawxyld7jjn36vuzeb4e",
     "restrictions": {

     },
     "childrenIds": [
      "header"
     ],
     "smartblock": {

     }
    },
    {
     "id": "header",
     "restrictions": {
      "edit": true,
      "remove": true,
      "drag": true,
      "dropOn": true
     },
     "childrenIds": [
      "title",
      "description",
      "featuredRelations"
     ],
     "layout": {
      "style": "Header"
     }
    },
    {
     "id": "title",
     "fields": {
       "_detailsKey": [
          "name",
          "done"
         ]
      },
     "restrictions": {
      "remove": true,
      "drag": true,
      "dropOn": true
     },
     "text": {
      "style": "Title",
      "marks": {

      }
     }
    },
    {
     "id": "description",
     "fields": {
       "_detailsKey": "description"
      },
     "restrictions": {
      "remove": true,
      "drag": true,
      "dropOn": true
     },
     "text": {
      "style": "Description",
      "marks": {

      }
     }
    },
    {
     "id": "featuredRelations",
     "restrictions": {
      "remove": true,
      "drag": true,
      "dropOn": true
     },
     "featuredRelations": {

     }
    }
   ],
   "details": {
     "backlinks": [
       ],
     "createdDate": 1703188378,
     "creator": "_anytype_profile",
     "description": "Auto-generated object from .mpeg-4 files added to Anytype. The recording of moving visual images",
     "featuredRelations": [
        "description",
        "type"
       ],
     "iconEmoji": "📽",
     "id": "bafyreidvmjrghttx3gedq6cg3i4hqlzn3dvy7pxawxyld7jjn36vuzeb4e",
     "internalFlags": [
       ],
     "isArchived": false,
     "isHidden": false,
     "isReadonly": true,
     "lastModifiedBy": "_id_A8DMi22aG2JeS6SqxmXaBUJ6e8wMUq18HuXkXtKHNg1GaCcd",
     "lastModifiedDate": 1703188378,
     "layout": 4,
     "links": [
       ],
     "name": "Video",
     "origin": 7,
     "recommendedLayout": 6,
     "recommendedRelations": [
        "bafyreibhclt2mgwyxijrl5jxkp5cvncextfrzyg6jjhumxd66rmrz5wslu",
        "bafyreia26cxwcookohvmticlyxvkome4xkrmw2mdw72zlfdodhipq3dyci",
        "bafyreicm5kspk7ni4wdcpno4jkutzq3de6fspdptudue5whu6fszyuf4vq",
        "bafyreid4jrnrl3jpc3f3k4qqijke5kqgzmin7q6wxgdizia5qldgbx6vbe",
        "bafyreicltmey5pluj53qar25eg4k6bwyvsh25tqmsvsefham3exrpkc6se",
        "bafyreide2t5vezd6vriynq7pzvbqzy7vg6tqcxl34o5zapkovvamimuw6q",
        "bafyreie3apqdt6qdomcpon55gt5qd75xnfrnutrgx6g22dcvsuyl4wqfge",
        "bafyreigubntk5qgfsprgcd7boynbf3r3a6tvkqp57m6z5jrwzghkfikpxi",
        "bafyreibkvweanblydm42bavstu6bqpr2d6n6kln2r35gu6jnxa2tvdz7wq",
        "bafyreihw4dwfbfkc4zhfzwdauapxtvit7jymmrws57g7tccijrr45fibky",
        "bafyreib3nhkzmcxzfyy7tl7vg3vxyvw474a4q5fl4ql73vqxbm7v3j7q54",
        "bafyreid6i5ezga3ntboxh5lslkhl45m4odaxhznwua2tsqduqfduktffou"
       ],
     "restrictions": [
        3,
        6,
        5,
        7,
        4,
        1
       ],
     "smartblockTypes": [
        256
       ],
     "snippet": "",
     "sourceObject": "_otvideo",
     "spaceId": "bafyreihufw6v4yalsf45xskfur2ahsdyb4nkucawuuh63q6elgamxzw3ni.22bhbjeon72hw",
     "type": "bafyreidw36e2v5xgpnctsiqvmji27ja4uva6enmtbdoc5u6uuwzsfhd77m",
     "uniqueKey": "ot-video"
    },
   "objectTypes": [
    "ot-objectType"
   ],
   "relationLinks": [
    {
     "key": "spaceId",
     "format": "object"
    },
    {
     "key": "description"
    },
    {
     "key": "isHidden",
     "format": "checkbox"
    },
    {
     "key": "name",
     "format": "shorttext"
    },
    {
     "key": "recommendedRelations",
     "format": "object"
    },
    {
     "key": "origin",
     "format": "number"
    },
    {
     "key": "recommendedLayout",
     "format": "number"
    },
    {
     "key": "smartblockTypes",
     "format": "number"
    },
    {
     "key": "iconEmoji",
     "format": "emoji"
    },
    {
     "key": "internalFlags",
     "format": "number"
    },
    {
     "key": "sourceObject",
     "format": "object"
    },
    {
     "key": "layout",
     "format": "number"
    },
    {
     "key": "id",
     "format": "object"
    },
    {
     "key": "uniqueKey"
    },
    {
     "key": "isReadonly",
     "format": "checkbox"
    },
    {
     "key": "snippet"
    },
    {
     "key": "iconImage",
     "format": "file"
    },
    {
     "key": "type",
     "format": "object"
    },
    {
     "key": "layoutAlign",
     "format": "number"
    },
    {
     "key": "coverId"
    },
    {
     "key": "coverScale",
     "format": "number"
    },
    {
     "key": "coverType",
     "format": "number"
    },
    {
     "key": "coverX",
     "format": "number"
    },
    {
     "key": "coverY",
     "format": "number"
    },
    {
     "key": "createdDate",
     "format": "date"
    },
    {
     "key": "creator",
     "format": "object"
    },
    {
     "key": "lastModifiedDate",
     "format": "date"
    },
    {
     "key": "lastModifiedBy",
     "format": "object"
    },
    {
     "key": "lastOpenedDate",
     "format": "date"
    },
    {
     "key": "featuredRelations",
     "format": "object"
    },
    {
     "key": "isFavorite",
     "format": "checkbox"
    },
    {
     "key": "workspaceId",
     "format": "object"
    },
    {
     "key": "links",
     "format": "object"
    },
    {
     "key": "restrictions",
     "format": "number"
    },
    {
     "key": "isArchived",
     "format": "checkbox"
    },
    {
     "key": "backlinks",
     "format": "object"
    }
   ],
   "key": "video"
  }
 }
}