{
 "sbType": "Template",
 "snapshot": {
  "data": {
   "blocks": [
    {
     "id": "bafyreid7mfjuia4uj2xor2ygtg7brmpobmmouqt5cs6xbobos4gap6kf44",
     "fields": {
       "analyticsOriginalId": "bafyreied5biwzt4jqshuhmhmknuu37kvsu4kafezcb5b5bcxf2jivdnntq"
      },
     "restrictions": {

     },
     "childrenIds": [
      "header",
      "div-60f5c8ab6cabea22ef364e96"
     ],
     "smartblock": {

     }
    },
    {
     "id": "header",
     "restrictions": {
      "edit": true,
      "remove": true,
      "drag": true,
      "dropOn": true
     },
     "childrenIds": [
      "title",
      "description",
      "featuredRelations"
     ],
     "layout": {
      "style": "Header"
     }
    },
    {
     "id": "div-60f5c8ab6cabea22ef364e96",
     "childrenIds": [
      "60f09a0fd5877d31cde9f772",
      "60f09a0fd5877d31cde9f773",
      "60f09e74d5877d31cde9f7da",
      "60f09e74d5877d31cde9f7db",
      "60f09e74d5877d31cde9f7dc",
      "60f5c4786cabea22ef364e06",
      "60f5c47a6cabea22ef364e07"
     ],
     "layout": {
      "style": "Div"
     }
    },
    {
     "id": "title",
     "fields": {
       "_detailsKey": [
          "name",
          "done"
         ]
      },
     "restrictions": {
      "remove": true,
      "drag": true,
      "dropOn": true
     },
     "text": {
      "style": "Title",
      "marks": {

      }
     }
    },
    {
     "id": "description",
     "fields": {
       "_detailsKey": "description"
      },
     "restrictions": {
      "remove": true,
      "drag": true,
      "dropOn": true
     },
     "text": {
      "style": "Description",
      "marks": {

      }
     }
    },
    {
     "id": "featuredRelations",
     "restrictions": {
      "remove": true,
      "drag": true,
      "dropOn": true
     },
     "featuredRelations": {

     }
    },
    {
     "id": "60f09a0fd5877d31cde9f772",
     "fields": {
      },
     "text": {
      "text": "Describe your project…",
      "style": "Header2",
      "marks": {

      }
     }
    },
    {
     "id": "60f09a0fd5877d31cde9f773",
     "fields": {
      },
     "div": {

     }
    },
    {
     "id": "60f09e74d5877d31cde9f7da",
     "fields": {
      },
     "text": {
      "text": "What is it for…",
      "marks": {

      }
     }
    },
    {
     "id": "60f09e74d5877d31cde9f7db",
     "fields": {
      },
     "text": {
      "text": "Goals…",
      "marks": {

      }
     }
    },
    {
     "id": "60f09e74d5877d31cde9f7dc",
     "fields": {
      },
     "text": {
      "text": "Measure of success…",
      "marks": {

      }
     }
    },
    {
     "id": "60f5c4786cabea22ef364e06",
     "text": {
      "marks": {

      }
     }
    },
    {
     "id": "60f5c47a6cabea22ef364e07",
     "text": {
      "marks": {

      }
     }
    }
   ],
   "details": {
     "backlinks": [
       ],
     "createdDate": 1703215894,
     "creator": "_id_A8DMi22aG2JeS6SqxmXaBUJ6e8wMUq18HuXkXtKHNg1GaCcd",
     "description": "",
     "featuredRelations": [
        "type",
        "description"
       ],
     "iconEmoji": "🔨",
     "iconImage": "",
     "id": "bafyreid7mfjuia4uj2xor2ygtg7brmpobmmouqt5cs6xbobos4gap6kf44",
     "lastModifiedBy": "_id_A8DMi22aG2JeS6SqxmXaBUJ6e8wMUq18HuXkXtKHNg1GaCcd",
     "lastModifiedDate": 1703246162,
     "layout": 0,
     "links": [
       ],
     "name": "Project",
     "oldAnytypeID": "bafyreied5biwzt4jqshuhmhmknuu37kvsu4kafezcb5b5bcxf2jivdnntq",
     "restrictions": [
        7
       ],
     "snippet": "Describe your project…\nWhat is it for…\nGoals…\nMeasure of success…",
     "sourceObject": "bafyreidgk6nq7vbvbh5pwyj32vb3a5svs6wmmzjzyygd2i2jiyhl35tmn4",
     "spaceId": "bafyreihufw6v4yalsf45xskfur2ahsdyb4nkucawuuh63q6elgamxzw3ni.22bhbjeon72hw",
     "targetObjectType": "bafyreiaqsejfck2xul4iv42btrdh6f3ibshhlehypxbot64xuxy5e4uwdu",
     "type": "bafyreifti3xtyh3qpjfcttdnxgt24pdllhogehlvafcpbqbrqrkrve56ou"
    },
   "objectTypes": [
    "ot-template",
    "ot-project"
   ],
   "relationLinks": [
    {
     "key": "createdDate",
     "format": "date"
    },
    {
     "key": "creator",
     "format": "object"
    },
    {
     "key": "layout",
     "format": "number"
    },
    {
     "key": "targetObjectType",
     "format": "object"
    },
    {
     "key": "type",
     "format": "object"
    },
    {
     "key": "id",
     "format": "object"
    },
    {
     "key": "name",
     "format": "shorttext"
    },
    {
     "key": "description"
    },
    {
     "key": "iconEmoji",
     "format": "emoji"
    },
    {
     "key": "iconImage",
     "format": "file"
    },
    {
     "key": "layoutAlign",
     "format": "number"
    },
    {
     "key": "coverId",
     "format": "shorttext"
    },
    {
     "key": "coverScale",
     "format": "number"
    },
    {
     "key": "coverType",
     "format": "number"
    },
    {
     "key": "coverX",
     "format": "number"
    },
    {
     "key": "coverY",
     "format": "number"
    },
    {
     "key": "lastModifiedDate",
     "format": "date"
    },
    {
     "key": "lastModifiedBy",
     "format": "object"
    },
    {
     "key": "lastOpenedDate",
     "format": "date"
    },
    {
     "key": "featuredRelations",
     "format": "object"
    },
    {
     "key": "isHidden",
     "format": "checkbox"
    },
    {
     "key": "isArchived",
     "format": "checkbox"
    },
    {
     "key": "snippet"
    },
    {
     "key": "isFavorite",
     "format": "checkbox"
    },
    {
     "key": "sourceObject",
     "format": "object"
    },
    {
     "key": "workspaceId",
     "format": "object"
    },
    {
     "key": "links",
     "format": "object"
    },
    {
     "key": "internalFlags",
     "format": "number"
    },
    {
     "key": "restrictions",
     "format": "number"
    },
    {
     "key": "sourceFilePath"
    },
    {
     "key": "oldAnytypeID"
    },
    {
     "key": "isReadonly",
     "format": "checkbox"
    },
    {
     "key": "templateIsBundled",
     "format": "checkbox"
    },
    {
     "key": "spaceId",
     "format": "object"
    },
    {
     "key": "backlinks",
     "format": "object"
    }
   ]
  }
 }
}