{
 "sbType": "Page",
 "snapshot": {
  "data": {
   "blocks": [
    {
     "id": "bafyreiac5v3bkkt4z5vu7p4mxuugoqdsqo47ntvc7j6zfldxdghsldftie",
     "restrictions": {

     },
     "childrenIds": [
      "header",
      "65857a3baf24c113579c9172"
     ],
     "smartblock": {

     }
    },
    {
     "id": "header",
     "restrictions": {
      "edit": true,
      "remove": true,
      "drag": true,
      "dropOn": true
     },
     "childrenIds": [
      "title",
      "description",
      "featuredRelations"
     ],
     "layout": {
      "style": "Header"
     }
    },
    {
     "id": "65857a3baf24c113579c9172",
     "text": {
      "marks": {

      }
     }
    },
    {
     "id": "title",
     "fields": {
       "_detailsKey": [
          "name",
          "done"
         ]
      },
     "restrictions": {
      "remove": true,
      "drag": true,
      "dropOn": true
     },
     "text": {
      "style": "Title",
      "marks": {

      }
     }
    },
    {
     "id": "description",
     "fields": {
       "_detailsKey": "description"
      },
     "restrictions": {
      "remove": true,
      "drag": true,
      "dropOn": true
     },
     "text": {
      "style": "Description",
      "marks": {

      }
     }
    },
    {
     "id": "featuredRelations",
     "restrictions": {
      "remove": true,
      "drag": true,
      "dropOn": true
     },
     "featuredRelations": {

     }
    }
   ],
   "details": {
     "backlinks": [
        "bafyreialodh23ktismzrpe4iqyuyech3ngehcifqfbtcglqmgaioemrwua",
        "bafyreiaqsjwjfxrwu7l6esmwzjm25wic6e4gd3wfp7bpf2reansgxrrt3i",
        "bafyreic6udziph6jwy2fwrntjeabllhtpvewjepwyl3stg2ezt5ixldiy4",
        "bafyreig4bdmga4mfnjlqacpknvvw6hx3jbhhwzr5rb4tzpgrqnvatbva4m",
        "bafyreiglzjhfhw2yszs7fybqatj5gmvlnd2w2lvdsotdybzxb3jiqka4pq",
        "bafyreihb2ruifpbbnjjcke4l32aykiopjsnklolmexjjxk4q3ubxtnl2hm"
       ],
     "createdDate": 1703248858,
     "creator": "_id_A8DMi22aG2JeS6SqxmXaBUJ6e8wMUq18HuXkXtKHNg1GaCcd",
     "description": "",
     "featuredRelations": [
        "type",
        "description"
       ],
     "iconEmoji": "🔳",
     "iconImage": "",
     "id": "bafyreiac5v3bkkt4z5vu7p4mxuugoqdsqo47ntvc7j6zfldxdghsldftie",
     "internalFlags": [
        2
       ],
     "lastModifiedBy": "_id_A8DMi22aG2JeS6SqxmXaBUJ6e8wMUq18HuXkXtKHNg1GaCcd",
     "lastModifiedDate": 1703248858,
     "layout": 0,
     "links": [
       ],
     "name": "Example area",
     "restrictions": [
       ],
     "snippet": "",
     "sourceObject": "bafyreiec7nimkikxm4hld6ctso3sz7jxer2oi6n4wn74a4lztbofyscg5u",
     "spaceId": "bafyreihufw6v4yalsf45xskfur2ahsdyb4nkucawuuh63q6elgamxzw3ni.22bhbjeon72hw",
     "type": "bafyreiatptpcxjz5dae3smwqetpq62xnugo3dybjsnzr5dr2i72a27vjii"
    },
   "objectTypes": [
    "ot-658579b0af24c113579c916c"
   ],
   "relationLinks": [
    {
     "key": "id",
     "format": "object"
    },
    {
     "key": "name",
     "format": "shorttext"
    },
    {
     "key": "description"
    },
    {
     "key": "snippet"
    },
    {
     "key": "iconEmoji",
     "format": "emoji"
    },
    {
     "key": "iconImage",
     "format": "file"
    },
    {
     "key": "type",
     "format": "object"
    },
    {
     "key": "layout",
     "format": "number"
    },
    {
     "key": "layoutAlign",
     "format": "number"
    },
    {
     "key": "coverId"
    },
    {
     "key": "coverScale",
     "format": "number"
    },
    {
     "key": "coverType",
     "format": "number"
    },
    {
     "key": "coverX",
     "format": "number"
    },
    {
     "key": "coverY",
     "format": "number"
    },
    {
     "key": "createdDate",
     "format": "date"
    },
    {
     "key": "creator",
     "format": "object"
    },
    {
     "key": "lastModifiedDate",
     "format": "date"
    },
    {
     "key": "lastModifiedBy",
     "format": "object"
    },
    {
     "key": "lastOpenedDate",
     "format": "date"
    },
    {
     "key": "featuredRelations",
     "format": "object"
    },
    {
     "key": "isFavorite",
     "format": "checkbox"
    },
    {
     "key": "workspaceId",
     "format": "object"
    },
    {
     "key": "spaceId",
     "format": "object"
    },
    {
     "key": "links",
     "format": "object"
    },
    {
     "key": "internalFlags",
     "format": "number"
    },
    {
     "key": "restrictions",
     "format": "number"
    },
    {
     "key": "targetObjectType",
     "format": "object"
    },
    {
     "key": "backlinks",
     "format": "object"
    },
    {
     "key": "sourceObject",
     "format": "object"
    }
   ]
  }
 }
}