{
 "sbType": "STType",
 "snapshot": {
  "data": {
   "blocks": [
    {
     "id": "bafyreienjtzltho2zg44ecwlaflftv66iweqj47drxwzossvwhf5ijlkwe",
     "restrictions": {

     },
     "childrenIds": [
      "header"
     ],
     "smartblock": {

     }
    },
    {
     "id": "header",
     "restrictions": {
      "edit": true,
      "remove": true,
      "drag": true,
      "dropOn": true
     },
     "childrenIds": [
      "title",
      "description",
      "featuredRelations"
     ],
     "layout": {
      "style": "Header"
     }
    },
    {
     "id": "title",
     "fields": {
       "_detailsKey": [
          "name",
          "done"
         ]
      },
     "restrictions": {
      "remove": true,
      "drag": true,
      "dropOn": true
     },
     "text": {
      "style": "Title",
      "marks": {

      }
     }
    },
    {
     "id": "description",
     "fields": {
       "_detailsKey": "description"
      },
     "restrictions": {
      "remove": true,
      "drag": true,
      "dropOn": true
     },
     "text": {
      "style": "Description",
      "marks": {

      }
     }
    },
    {
     "id": "featuredRelations",
     "restrictions": {
      "remove": true,
      "drag": true,
      "dropOn": true
     },
     "featuredRelations": {

     }
    }
   ],
   "details": {
     "backlinks": [
       ],
     "createdDate": 1703188378,
     "creator": "_anytype_profile",
     "description": "A piece of work to be done or undertaken",
     "featuredRelations": [
        "description",
        "type"
       ],
     "iconEmoji": "✅",
     "id": "bafyreienjtzltho2zg44ecwlaflftv66iweqj47drxwzossvwhf5ijlkwe",
     "internalFlags": [
       ],
     "isArchived": false,
     "isHidden": false,
     "isReadonly": true,
     "lastModifiedBy": "_id_A8DMi22aG2JeS6SqxmXaBUJ6e8wMUq18HuXkXtKHNg1GaCcd",
     "lastModifiedDate": 1703188378,
     "layout": 4,
     "links": [
       ],
     "name": "Task",
     "origin": 7,
     "recommendedLayout": 2,
     "recommendedRelations": [
        "bafyreifts7zrvd6ygmk24h57tm6jbwa2vras3raqwhb3rygwwiqp5rgfoe",
        "bafyreibivpuvg3hoy2ap53mjotgnn5g266jwlyjrkeleoc3babbyiqhn6y",
        "bafyreiek4mou74xndajvdhhkmmpbfhunlcurj4psv256s6le7xwklravcu",
        "bafyreigztrf3h6j3grea2waz36tasrjdfsc5faj3qtk2awjv3b3qdy5ape",
        "bafyreihsqtbggi7orat45dfd2m3evqbbdlozf5b5mtbdhbrqevsxeypnba",
        "bafyreifuotqpjr5wrdv4cckomw6johmp2famzeei6k6dfdk7syc23kslx4",
        "bafyreib25uun4l2begysavqcoxighrirolqgwlcsjpv5nudbxvfk6iv6pi",
        "bafyreicopzeiskcu6gcs7hprex2woaqacuw33fvh3bhuto5lxfwec5hote",
        "bafyreieiflzp37pl6j53sj3re6xqefsp4eai47mwsvqpky5aeca777qhyy",
        "bafyreid6i5ezga3ntboxh5lslkhl45m4odaxhznwua2tsqduqfduktffou"
       ],
     "restrictions": [
        3,
        6,
        5,
        7,
        4,
        1
       ],
     "smartblockTypes": [
        16
       ],
     "snippet": "",
     "sourceObject": "_ottask",
     "spaceId": "bafyreihufw6v4yalsf45xskfur2ahsdyb4nkucawuuh63q6elgamxzw3ni.22bhbjeon72hw",
     "type": "bafyreidw36e2v5xgpnctsiqvmji27ja4uva6enmtbdoc5u6uuwzsfhd77m",
     "uniqueKey": "ot-task"
    },
   "objectTypes": [
    "ot-objectType"
   ],
   "relationLinks": [
    {
     "key": "spaceId",
     "format": "object"
    },
    {
     "key": "description"
    },
    {
     "key": "recommendedRelations",
     "format": "object"
    },
    {
     "key": "recommendedLayout",
     "format": "number"
    },
    {
     "key": "isHidden",
     "format": "checkbox"
    },
    {
     "key": "internalFlags",
     "format": "number"
    },
    {
     "key": "iconEmoji",
     "format": "emoji"
    },
    {
     "key": "origin",
     "format": "number"
    },
    {
     "key": "layout",
     "format": "number"
    },
    {
     "key": "name",
     "format": "shorttext"
    },
    {
     "key": "smartblockTypes",
     "format": "number"
    },
    {
     "key": "sourceObject",
     "format": "object"
    },
    {
     "key": "id",
     "format": "object"
    },
    {
     "key": "uniqueKey"
    },
    {
     "key": "isReadonly",
     "format": "checkbox"
    },
    {
     "key": "snippet"
    },
    {
     "key": "iconImage",
     "format": "file"
    },
    {
     "key": "type",
     "format": "object"
    },
    {
     "key": "layoutAlign",
     "format": "number"
    },
    {
     "key": "coverId"
    },
    {
     "key": "coverScale",
     "format": "number"
    },
    {
     "key": "coverType",
     "format": "number"
    },
    {
     "key": "coverX",
     "format": "number"
    },
    {
     "key": "coverY",
     "format": "number"
    },
    {
     "key": "createdDate",
     "format": "date"
    },
    {
     "key": "creator",
     "format": "object"
    },
    {
     "key": "lastModifiedDate",
     "format": "date"
    },
    {
     "key": "lastModifiedBy",
     "format": "object"
    },
    {
     "key": "lastOpenedDate",
     "format": "date"
    },
    {
     "key": "featuredRelations",
     "format": "object"
    },
    {
     "key": "isFavorite",
     "format": "checkbox"
    },
    {
     "key": "workspaceId",
     "format": "object"
    },
    {
     "key": "links",
     "format": "object"
    },
    {
     "key": "restrictions",
     "format": "number"
    },
    {
     "key": "isArchived",
     "format": "checkbox"
    },
    {
     "key": "backlinks",
     "format": "object"
    }
   ],
   "key": "task"
  }
 }
}