{
 "sbType": "Page",
 "snapshot": {
  "data": {
   "blocks": [
    {
     "id": "bafyreiem4spa4cz3w3cffv6qp7jbgzd3dbpn5dbghsxbtacrka3w3poci4",
     "restrictions": {

     },
     "childrenIds": [
      "header",
      "dataview"
     ],
     "smartblock": {

     }
    },
    {
     "id": "header",
     "restrictions": {
      "edit": true,
      "remove": true,
      "drag": true,
      "dropOn": true
     },
     "childrenIds": [
      "title",
      "description",
      "featuredRelations"
     ],
     "layout": {
      "style": "Header"
     }
    },
    {
     "id": "dataview",
     "dataview": {
      "views": [
       {
        "id": "60503c48-c863-4234-bcb3-da6a8e225d40",
        "type": "Gallery",
        "name": "Gallery",
        "sorts": [
         {
          "id": "65858405af24c113579c91c3",
          "RelationKey": "65857c0faf24c113579c9184"
         },
         {
          "id": "65858555af24c113579c91c9",
          "RelationKey": "dueDate"
         }
        ],
        "filters": [
         {
          "id": "6585841eaf24c113579c91c4",
          "RelationKey": "658583f7af24c113579c91c2",
          "condition": "Equal",
          "value": false
         },
         {
          "id": "65858430af24c113579c91c6",
          "RelationKey": "65858358af24c113579c91bd",
          "condition": "NotIn",
          "value": [
             "bafyreieoysaggxzgjkj5zygz26f72fhwgxuqp7xer4bz6ttl3szftwdlfa"
            ]
         }
        ],
        "relations": [
         {
          "key": "name",
          "isVisible": true,
          "width": 264
         },
         {
          "key": "65858358af24c113579c91bd",
          "isVisible": true,
          "width": 192
         },
         {
          "key": "description",
          "isVisible": true,
          "width": 192
         },
         {
          "key": "65857d05af24c113579c918a",
          "isVisible": true,
          "width": 192
         },
         {
          "key": "65857c0faf24c113579c9184",
          "isVisible": true,
          "width": 192
         },
         {
          "key": "dueDate",
          "isVisible": true,
          "width": 192
         },
         {
          "key": "658583f7af24c113579c91c2",
          "isVisible": true,
          "width": 192
         },
         {
          "key": "type",
          "width": 192
         },
         {
          "key": "createdDate",
          "width": 192
         },
         {
          "key": "lastModifiedDate",
          "width": 192
         },
         {
          "key": "lastModifiedBy",
          "width": 192
         },
         {
          "key": "lastOpenedDate",
          "width": 192
         },
         {
          "key": "tag",
          "width": 192
         }
        ],
        "cardSize": "Medium",
        "groupRelationKey": "65858358af24c113579c91bd"
       },
       {
        "id": "08eb153a-c376-4efb-8048-2a2d2bc7cf5e",
        "name": "Active",
        "sorts": [
         {
          "id": "65858405af24c113579c91c3",
          "RelationKey": "65857c0faf24c113579c9184"
         },
         {
          "id": "6585853baf24c113579c91c8",
          "RelationKey": "dueDate"
         }
        ],
        "filters": [
         {
          "id": "6585841eaf24c113579c91c4",
          "RelationKey": "658583f7af24c113579c91c2",
          "condition": "Equal",
          "value": false
         },
         {
          "id": "65858430af24c113579c91c6",
          "RelationKey": "65858358af24c113579c91bd",
          "condition": "NotIn",
          "value": [
             "bafyreieoysaggxzgjkj5zygz26f72fhwgxuqp7xer4bz6ttl3szftwdlfa"
            ]
         }
        ],
        "relations": [
         {
          "key": "name",
          "isVisible": true,
          "width": 264
         },
         {
          "key": "65858358af24c113579c91bd",
          "isVisible": true,
          "width": 192
         },
         {
          "key": "description",
          "isVisible": true,
          "width": 192
         },
         {
          "key": "65857d05af24c113579c918a",
          "isVisible": true,
          "width": 192
         },
         {
          "key": "65857c0faf24c113579c9184",
          "isVisible": true,
          "width": 192
         },
         {
          "key": "dueDate",
          "isVisible": true,
          "width": 192
         },
         {
          "key": "658583f7af24c113579c91c2",
          "isVisible": true,
          "width": 192
         },
         {
          "key": "type",
          "width": 192
         },
         {
          "key": "createdDate",
          "width": 192
         },
         {
          "key": "lastModifiedDate",
          "width": 192
         },
         {
          "key": "lastModifiedBy",
          "width": 192
         },
         {
          "key": "lastOpenedDate",
          "width": 192
         },
         {
          "key": "tag",
          "width": 192
         }
        ],
        "cardSize": "Medium",
        "groupRelationKey": "65858358af24c113579c91bd"
       },
       {
        "id": "fcd4f1d1-0826-40b8-8c4b-ed45a3637319",
        "name": "Backlog",
        "sorts": [
         {
          "id": "65858405af24c113579c91c3",
          "RelationKey": "lastModifiedDate",
          "type": "Desc"
         }
        ],
        "filters": [
         {
          "id": "6585841eaf24c113579c91c4",
          "RelationKey": "658583f7af24c113579c91c2",
          "condition": "Equal",
          "value": false
         },
         {
          "id": "65858430af24c113579c91c6",
          "RelationKey": "65858358af24c113579c91bd",
          "condition": "In",
          "value": [
             "bafyreieoysaggxzgjkj5zygz26f72fhwgxuqp7xer4bz6ttl3szftwdlfa"
            ]
         }
        ],
        "relations": [
         {
          "key": "name",
          "isVisible": true,
          "width": 264
         },
         {
          "key": "65858358af24c113579c91bd",
          "isVisible": true,
          "width": 192
         },
         {
          "key": "description",
          "isVisible": true,
          "width": 192
         },
         {
          "key": "65857d05af24c113579c918a",
          "isVisible": true,
          "width": 192
         },
         {
          "key": "65857c0faf24c113579c9184",
          "isVisible": true,
          "width": 192
         },
         {
          "key": "dueDate",
          "isVisible": true,
          "width": 192
         },
         {
          "key": "658583f7af24c113579c91c2",
          "isVisible": true,
          "width": 192
         },
         {
          "key": "type",
          "width": 192
         },
         {
          "key": "createdDate",
          "width": 192
         },
         {
          "key": "lastModifiedDate",
          "width": 192
         },
         {
          "key": "lastModifiedBy",
          "width": 192
         },
         {
          "key": "lastOpenedDate",
          "width": 192
         },
         {
          "key": "tag",
          "width": 192
         }
        ],
        "cardSize": "Medium",
        "groupRelationKey": "65858358af24c113579c91bd"
       },
       {
        "id": "a0de062e-050f-4803-b098-5e9cbd2b9d97",
        "name": "Archive",
        "sorts": [
         {
          "id": "65858405af24c113579c91c3",
          "RelationKey": "lastModifiedDate",
          "type": "Desc"
         }
        ],
        "filters": [
         {
          "id": "6585841eaf24c113579c91c4",
          "RelationKey": "658583f7af24c113579c91c2",
          "condition": "Equal",
          "value": true
         }
        ],
        "relations": [
         {
          "key": "name",
          "isVisible": true,
          "width": 264
         },
         {
          "key": "65858358af24c113579c91bd",
          "isVisible": true,
          "width": 192
         },
         {
          "key": "description",
          "isVisible": true,
          "width": 192
         },
         {
          "key": "65857d05af24c113579c918a",
          "isVisible": true,
          "width": 192
         },
         {
          "key": "65857c0faf24c113579c9184",
          "isVisible": true,
          "width": 192
         },
         {
          "key": "dueDate",
          "isVisible": true,
          "width": 192
         },
         {
          "key": "658583f7af24c113579c91c2",
          "isVisible": true,
          "width": 192
         },
         {
          "key": "type",
          "width": 192
         },
         {
          "key": "createdDate",
          "width": 192
         },
         {
          "key": "lastModifiedDate",
          "width": 192
         },
         {
          "key": "lastModifiedBy",
          "width": 192
         },
         {
          "key": "lastOpenedDate",
          "width": 192
         },
         {
          "key": "tag",
          "width": 192
         }
        ],
        "cardSize": "Medium",
        "groupRelationKey": "65858358af24c113579c91bd"
       }
      ],
      "relationLinks": [
       {
        "key": "name",
        "format": "shorttext"
       },
       {
        "key": "description"
       },
       {
        "key": "type",
        "format": "object"
       },
       {
        "key": "createdDate",
        "format": "date"
       },
       {
        "key": "lastModifiedDate",
        "format": "date"
       },
       {
        "key": "lastModifiedBy",
        "format": "object"
       },
       {
        "key": "lastOpenedDate",
        "format": "date"
       },
       {
        "key": "tag",
        "format": "tag"
       },
       {
        "key": "65858358af24c113579c91bd",
        "format": "status"
       },
       {
        "key": "65857d05af24c113579c918a",
        "format": "object"
       },
       {
        "key": "65857c0faf24c113579c9184",
        "format": "date"
       },
       {
        "key": "dueDate",
        "format": "date"
       },
       {
        "key": "658583f7af24c113579c91c2",
        "format": "checkbox"
       }
      ]
     }
    },
    {
     "id": "title",
     "fields": {
       "_detailsKey": [
          "name",
          "done"
         ]
      },
     "restrictions": {
      "remove": true,
      "drag": true,
      "dropOn": true
     },
     "text": {
      "style": "Title",
      "marks": {

      }
     }
    },
    {
     "id": "description",
     "fields": {
       "_detailsKey": "description"
      },
     "restrictions": {
      "remove": true,
      "drag": true,
      "dropOn": true
     },
     "text": {
      "style": "Description",
      "marks": {

      }
     }
    },
    {
     "id": "featuredRelations",
     "restrictions": {
      "remove": true,
      "drag": true,
      "dropOn": true
     },
     "featuredRelations": {

     }
    }
   ],
   "details": {
     "backlinks": [
        "bafyreibzjzsmtsphmtq3giatnrutzunpdda476ik3jm5klw7gpuzrxugee",
        "bafyreic3oavsgbjm7s2idut3sjap6skubrdhlgauvst3heynkwdapfix4q",
        "bafyreico2szadaxeuz7rzzwfansf4keg3ztccuio5yx3tsvfzdnudo4egu"
       ],
     "createdDate": 1703216117,
     "creator": "_id_A8DMi22aG2JeS6SqxmXaBUJ6e8wMUq18HuXkXtKHNg1GaCcd",
     "description": "Get a detailed view of your projects (active, backlog and archive) -\u003e Definite start and end time",
     "featuredRelations": [
        "description",
        "type",
        "setOf"
       ],
     "iconEmoji": "",
     "iconImage": "bafybeicle4wzx4caulr5kgiq2z4n2grc46uoruxarloy4p5nszff6gccia",
     "id": "bafyreiem4spa4cz3w3cffv6qp7jbgzd3dbpn5dbghsxbtacrka3w3poci4",
     "lastModifiedBy": "_id_A8DMi22aG2JeS6SqxmXaBUJ6e8wMUq18HuXkXtKHNg1GaCcd",
     "lastModifiedDate": 1703255054,
     "lastOpenedDate": 1703255049,
     "layout": 3,
     "links": [
       ],
     "name": "Projects",
     "restrictions": [
        3,
        6,
        5,
        7
       ],
     "setOf": [
        "bafyreiaqsejfck2xul4iv42btrdh6f3ibshhlehypxbot64xuxy5e4uwdu"
       ],
     "snippet": "",
     "spaceId": "bafyreihufw6v4yalsf45xskfur2ahsdyb4nkucawuuh63q6elgamxzw3ni.22bhbjeon72hw",
     "type": "bafyreihdczqk5hfpd4paki6puktkzqu3eoyve5mwo7m2ly6dyoj6paccvu"
    },
   "objectTypes": [
    "ot-set"
   ],
   "relationLinks": [
    {
     "key": "id",
     "format": "object"
    },
    {
     "key": "name",
     "format": "shorttext"
    },
    {
     "key": "description"
    },
    {
     "key": "snippet"
    },
    {
     "key": "iconEmoji",
     "format": "emoji"
    },
    {
     "key": "iconImage",
     "format": "file"
    },
    {
     "key": "type",
     "format": "object"
    },
    {
     "key": "layout",
     "format": "number"
    },
    {
     "key": "layoutAlign",
     "format": "number"
    },
    {
     "key": "coverId"
    },
    {
     "key": "coverScale",
     "format": "number"
    },
    {
     "key": "coverType",
     "format": "number"
    },
    {
     "key": "coverX",
     "format": "number"
    },
    {
     "key": "coverY",
     "format": "number"
    },
    {
     "key": "createdDate",
     "format": "date"
    },
    {
     "key": "creator",
     "format": "object"
    },
    {
     "key": "lastModifiedDate",
     "format": "date"
    },
    {
     "key": "lastModifiedBy",
     "format": "object"
    },
    {
     "key": "lastOpenedDate",
     "format": "date"
    },
    {
     "key": "featuredRelations",
     "format": "object"
    },
    {
     "key": "isFavorite",
     "format": "checkbox"
    },
    {
     "key": "workspaceId",
     "format": "object"
    },
    {
     "key": "spaceId",
     "format": "object"
    },
    {
     "key": "links",
     "format": "object"
    },
    {
     "key": "internalFlags",
     "format": "number"
    },
    {
     "key": "restrictions",
     "format": "number"
    },
    {
     "key": "backlinks",
     "format": "object"
    },
    {
     "key": "setOf",
     "format": "object"
    }
   ]
  },
  "fileKeys": [
   {
    "hash": "bafybeicle4wzx4caulr5kgiq2z4n2grc46uoruxarloy4p5nszff6gccia",
    "keys": {
     "/0/exif/": "beikoq73q3fsbge77rgqgsjdlrpkqhfpuddbbezoy6k5ezcdkj3fa",
     "/0/large/": "bwp7zv3ru3vepkb74qypgdvxflhop6w6xax4k3ymvhvn6542zwtxa",
     "/0/original/": "bwp7zv3ru3vepkb74qypgdvxflhop6w6xax4k3ymvhvn6542zwtxa",
     "/0/small/": "bwp7zv3ru3vepkb74qypgdvxflhop6w6xax4k3ymvhvn6542zwtxa",
     "/0/thumb/": "bj2woqs2fwzknphyhlunp2sahexatk77zluzwgpuxc3xz4dbtpvia"
    }
   }
  ]
 }
}