{
 "sbType": "Page",
 "snapshot": {
  "data": {
   "blocks": [
    {
     "id": "bafyreic3oavsgbjm7s2idut3sjap6skubrdhlgauvst3heynkwdapfix4q",
     "fields": {
       "width": 1
      },
     "restrictions": {

     },
     "childrenIds": [
      "header",
      "r-780fc5d3884fe68c7e9ca869d7ece584",
      "r-0ee8be64e56f72c98820dce23859875f",
      "658580b6af24c113579c91a9"
     ],
     "smartblock": {

     }
    },
    {
     "id": "header",
     "restrictions": {
      "edit": true,
      "remove": true,
      "drag": true,
      "dropOn": true
     },
     "childrenIds": [
      "title",
      "description",
      "featuredRelations"
     ],
     "layout": {
      "style": "Header"
     }
    },
    {
     "id": "r-780fc5d3884fe68c7e9ca869d7ece584",
     "restrictions": {

     },
     "childrenIds": [
      "ct-780fc5d3884fe68c7e9ca869d7ece584",
      "cd-780fc5d3884fe68c7e9ca869d7ece584"
     ],
     "layout": {

     }
    },
    {
     "id": "r-0ee8be64e56f72c98820dce23859875f",
     "restrictions": {

     },
     "childrenIds": [
      "ct-0ee8be64e56f72c98820dce23859875f",
      "cd-0ee8be64e56f72c98820dce23859875f"
     ],
     "layout": {

     }
    },
    {
     "id": "658580b6af24c113579c91a9",
     "text": {
      "marks": {

      }
     }
    },
    {
     "id": "title",
     "fields": {
       "_detailsKey": [
          "name",
          "done"
         ]
      },
     "restrictions": {
      "remove": true,
      "drag": true,
      "dropOn": true
     },
     "text": {
      "style": "Title",
      "marks": {

      }
     }
    },
    {
     "id": "description",
     "fields": {
       "_detailsKey": "description"
      },
     "restrictions": {
      "remove": true,
      "drag": true,
      "dropOn": true
     },
     "text": {
      "style": "Description",
      "marks": {

      }
     }
    },
    {
     "id": "featuredRelations",
     "restrictions": {
      "remove": true,
      "drag": true,
      "dropOn": true
     },
     "featuredRelations": {

     }
    },
    {
     "id": "ct-780fc5d3884fe68c7e9ca869d7ece584",
     "fields": {
       "width": 0.6714443219404631
      },
     "childrenIds": [
      "65857fa9af24c113579c919f"
     ],
     "layout": {
      "style": "Column"
     }
    },
    {
     "id": "cd-780fc5d3884fe68c7e9ca869d7ece584",
     "fields": {
       "width": 0.3285556780595369
      },
     "childrenIds": [
      "658580b7af24c113579c91aa",
      "658580c3af24c113579c91ab",
      "658580fdaf24c113579c91b1",
      "65858103af24c113579c91b2",
      "6585810daf24c113579c91b4"
     ],
     "layout": {
      "style": "Column"
     }
    },
    {
     "id": "ct-0ee8be64e56f72c98820dce23859875f",
     "fields": {
       "width": 0.6703417861080485
      },
     "childrenIds": [
      "65858040af24c113579c91a3"
     ],
     "layout": {
      "style": "Column"
     }
    },
    {
     "id": "cd-0ee8be64e56f72c98820dce23859875f",
     "fields": {
       "width": 0.3296582138919515
      },
     "childrenIds": [
      "65858580af24c113579c91ca"
     ],
     "layout": {
      "style": "Column"
     }
    },
    {
     "id": "65857fa9af24c113579c919f",
     "dataview": {
      "views": [
       {
        "id": "658503e6af24c10bcdd59f06",
        "name": "All",
        "sorts": [
         {
          "id": "658503e6af24c10bcdd59f07",
          "RelationKey": "dueDate"
         }
        ],
        "filters": [
         {
          "id": "65857ea0af24c113579c919d",
          "RelationKey": "dueDate",
          "condition": "LessOrEqual",
          "value": null,
          "quickOption": "Today"
         },
         {
          "id": "65857eb3af24c113579c919e",
          "RelationKey": "65857d2caf24c113579c918b",
          "condition": "Equal",
          "value": false
         },
         {
          "id": "65857fecaf24c113579c91a1",
          "RelationKey": "dueDate",
          "condition": "NotEmpty",
          "value": null
         }
        ],
        "relations": [
         {
          "key": "name",
          "isVisible": true,
          "width": 247
         },
         {
          "key": "dueDate",
          "isVisible": true,
          "width": 172
         },
         {
          "key": "65857d72af24c113579c918c",
          "isVisible": true,
          "width": 120
         },
         {
          "key": "65857dd2af24c113579c9191",
          "isVisible": true,
          "width": 192
         },
         {
          "key": "linkedProjects",
          "isVisible": true,
          "width": 150
         },
         {
          "key": "65857d05af24c113579c918a",
          "isVisible": true,
          "width": 139
         },
         {
          "key": "65857d2caf24c113579c918b",
          "isVisible": true,
          "width": 48
         }
        ],
        "defaultTemplateId": "bafyreidxms4b2lvsrbmlhhocwt3kdkp5ritsaoli3mqqaqcse7kmm2f5eu"
       }
      ],
      "relationLinks": [
       {
        "key": "name",
        "format": "shorttext"
       },
       {
        "key": "description"
       },
       {
        "key": "type",
        "format": "object"
       },
       {
        "key": "createdDate",
        "format": "date"
       },
       {
        "key": "lastModifiedDate",
        "format": "date"
       },
       {
        "key": "lastModifiedBy",
        "format": "object"
       },
       {
        "key": "lastOpenedDate",
        "format": "date"
       },
       {
        "key": "tag",
        "format": "tag"
       },
       {
        "key": "dueDate",
        "format": "date"
       },
       {
        "key": "linkedProjects",
        "format": "object"
       },
       {
        "key": "65857d05af24c113579c918a",
        "format": "object"
       },
       {
        "key": "65857d2caf24c113579c918b",
        "format": "checkbox"
       },
       {
        "key": "65857d72af24c113579c918c",
        "format": "status"
       },
       {
        "key": "65857dd2af24c113579c9191",
        "format": "status"
       }
      ],
      "TargetObjectId": "bafyreicr3cgx3gi4bsto6kemxa3hbf4b77y4ixaoh4ccjpnf5hyl6doena"
     }
    },
    {
     "id": "658580b7af24c113579c91aa",
     "text": {
      "text": "Schedule",
      "style": "Header2",
      "marks": {

      }
     }
    },
    {
     "id": "658580c3af24c113579c91ab",
     "childrenIds": [
      "658580cfaf24c113579c91ad",
      "658580e0af24c113579c91ae",
      "658580e3af24c113579c91af",
      "658580eaaf24c113579c91b0"
     ],
     "text": {
      "text": "Daily routine",
      "style": "Toggle",
      "marks": {

      }
     }
    },
    {
     "id": "658580fdaf24c113579c91b1",
     "childrenIds": [
      "65858150af24c113579c91b6"
     ],
     "text": {
      "text": "Tomorrow",
      "style": "Toggle",
      "marks": {

      }
     }
    },
    {
     "id": "65858103af24c113579c91b2",
     "childrenIds": [
      "658581b4af24c113579c91b7"
     ],
     "text": {
      "text": "Next 7 days",
      "style": "Toggle",
      "marks": {

      }
     }
    },
    {
     "id": "6585810daf24c113579c91b4",
     "childrenIds": [
      "658581f7af24c113579c91b9"
     ],
     "text": {
      "text": "Completed",
      "style": "Toggle",
      "marks": {

      }
     }
    },
    {
     "id": "65858040af24c113579c91a3",
     "dataview": {
      "views": [
       {
        "id": "65857b82af24c113579c9182",
        "type": "Calendar",
        "name": "Tasks \u0026 Projects calendar",
        "sorts": [
         {
          "id": "65857b82af24c113579c9183",
          "RelationKey": "lastModifiedDate",
          "type": "Desc"
         }
        ],
        "relations": [
         {
          "key": "name",
          "isVisible": true
         },
         {
          "key": "tag"
         },
         {
          "key": "description"
         },
         {
          "key": "type"
         },
         {
          "key": "createdDate"
         },
         {
          "key": "lastModifiedDate"
         },
         {
          "key": "lastModifiedBy"
         },
         {
          "key": "lastOpenedDate"
         },
         {
          "key": "65857c0faf24c113579c9184",
          "isVisible": true,
          "width": 192
         },
         {
          "key": "dueDate",
          "isVisible": true,
          "width": 192
         }
        ],
        "groupRelationKey": "dueDate"
       }
      ],
      "relationLinks": [
       {
        "key": "name",
        "format": "shorttext"
       },
       {
        "key": "tag",
        "format": "tag"
       },
       {
        "key": "description"
       },
       {
        "key": "type",
        "format": "object"
       },
       {
        "key": "createdDate",
        "format": "date"
       },
       {
        "key": "lastModifiedDate",
        "format": "date"
       },
       {
        "key": "lastModifiedBy",
        "format": "object"
       },
       {
        "key": "lastOpenedDate",
        "format": "date"
       },
       {
        "key": "65857c0faf24c113579c9184",
        "format": "date"
       },
       {
        "key": "dueDate",
        "format": "date"
       }
      ],
      "TargetObjectId": "bafyreidb6mf2j3ucrglripyedyrkdw5esiwfb7cac6jwo4ypxxpqfguzce"
     }
    },
    {
     "id": "65858580af24c113579c91ca",
     "dataview": {
      "views": [
       {
        "id": "60503c48-c863-4234-bcb3-da6a8e225d40",
        "type": "Gallery",
        "name": "Gallery",
        "sorts": [
         {
          "id": "65858405af24c113579c91c3",
          "RelationKey": "65857c0faf24c113579c9184"
         },
         {
          "id": "65858555af24c113579c91c9",
          "RelationKey": "dueDate"
         }
        ],
        "filters": [
         {
          "id": "6585841eaf24c113579c91c4",
          "RelationKey": "658583f7af24c113579c91c2",
          "condition": "Equal",
          "value": false
         },
         {
          "id": "65858430af24c113579c91c6",
          "RelationKey": "65858358af24c113579c91bd",
          "condition": "NotIn",
          "value": [
             "bafyreieoysaggxzgjkj5zygz26f72fhwgxuqp7xer4bz6ttl3szftwdlfa"
            ]
         }
        ],
        "relations": [
         {
          "key": "name",
          "isVisible": true,
          "width": 264
         },
         {
          "key": "65858358af24c113579c91bd",
          "isVisible": true,
          "width": 192
         },
         {
          "key": "description",
          "isVisible": true,
          "width": 192
         },
         {
          "key": "65857d05af24c113579c918a",
          "isVisible": true,
          "width": 192
         },
         {
          "key": "65857c0faf24c113579c9184",
          "isVisible": true,
          "width": 192
         },
         {
          "key": "dueDate",
          "isVisible": true,
          "width": 192
         },
         {
          "key": "658583f7af24c113579c91c2",
          "isVisible": true,
          "width": 192
         },
         {
          "key": "type",
          "width": 192
         },
         {
          "key": "createdDate",
          "width": 192
         },
         {
          "key": "lastModifiedDate",
          "width": 192
         },
         {
          "key": "lastModifiedBy",
          "width": 192
         },
         {
          "key": "lastOpenedDate",
          "width": 192
         },
         {
          "key": "tag",
          "width": 192
         }
        ],
        "cardSize": "Medium",
        "groupRelationKey": "65858358af24c113579c91bd"
       },
       {
        "id": "08eb153a-c376-4efb-8048-2a2d2bc7cf5e",
        "name": "Active",
        "sorts": [
         {
          "id": "65858405af24c113579c91c3",
          "RelationKey": "65857c0faf24c113579c9184"
         },
         {
          "id": "6585853baf24c113579c91c8",
          "RelationKey": "dueDate"
         }
        ],
        "filters": [
         {
          "id": "6585841eaf24c113579c91c4",
          "RelationKey": "658583f7af24c113579c91c2",
          "condition": "Equal",
          "value": false
         },
         {
          "id": "65858430af24c113579c91c6",
          "RelationKey": "65858358af24c113579c91bd",
          "condition": "NotIn",
          "value": [
             "bafyreieoysaggxzgjkj5zygz26f72fhwgxuqp7xer4bz6ttl3szftwdlfa"
            ]
         }
        ],
        "relations": [
         {
          "key": "name",
          "isVisible": true,
          "width": 264
         },
         {
          "key": "65858358af24c113579c91bd",
          "isVisible": true,
          "width": 192
         },
         {
          "key": "description",
          "isVisible": true,
          "width": 192
         },
         {
          "key": "65857d05af24c113579c918a",
          "isVisible": true,
          "width": 192
         },
         {
          "key": "65857c0faf24c113579c9184",
          "isVisible": true,
          "width": 192
         },
         {
          "key": "dueDate",
          "isVisible": true,
          "width": 192
         },
         {
          "key": "658583f7af24c113579c91c2",
          "isVisible": true,
          "width": 192
         },
         {
          "key": "type",
          "width": 192
         },
         {
          "key": "createdDate",
          "width": 192
         },
         {
          "key": "lastModifiedDate",
          "width": 192
         },
         {
          "key": "lastModifiedBy",
          "width": 192
         },
         {
          "key": "lastOpenedDate",
          "width": 192
         },
         {
          "key": "tag",
          "width": 192
         }
        ],
        "cardSize": "Medium",
        "groupRelationKey": "65858358af24c113579c91bd"
       },
       {
        "id": "fcd4f1d1-0826-40b8-8c4b-ed45a3637319",
        "name": "Backlog",
        "sorts": [
         {
          "id": "65858405af24c113579c91c3",
          "RelationKey": "lastModifiedDate",
          "type": "Desc"
         }
        ],
        "filters": [
         {
          "id": "6585841eaf24c113579c91c4",
          "RelationKey": "658583f7af24c113579c91c2",
          "condition": "Equal",
          "value": false
         },
         {
          "id": "65858430af24c113579c91c6",
          "RelationKey": "65858358af24c113579c91bd",
          "condition": "In",
          "value": [
             "bafyreieoysaggxzgjkj5zygz26f72fhwgxuqp7xer4bz6ttl3szftwdlfa"
            ]
         }
        ],
        "relations": [
         {
          "key": "name",
          "isVisible": true,
          "width": 264
         },
         {
          "key": "65858358af24c113579c91bd",
          "isVisible": true,
          "width": 192
         },
         {
          "key": "description",
          "isVisible": true,
          "width": 192
         },
         {
          "key": "65857d05af24c113579c918a",
          "isVisible": true,
          "width": 192
         },
         {
          "key": "65857c0faf24c113579c9184",
          "isVisible": true,
          "width": 192
         },
         {
          "key": "dueDate",
          "isVisible": true,
          "width": 192
         },
         {
          "key": "658583f7af24c113579c91c2",
          "isVisible": true,
          "width": 192
         },
         {
          "key": "type",
          "width": 192
         },
         {
          "key": "createdDate",
          "width": 192
         },
         {
          "key": "lastModifiedDate",
          "width": 192
         },
         {
          "key": "lastModifiedBy",
          "width": 192
         },
         {
          "key": "lastOpenedDate",
          "width": 192
         },
         {
          "key": "tag",
          "width": 192
         }
        ],
        "cardSize": "Medium",
        "groupRelationKey": "65858358af24c113579c91bd"
       },
       {
        "id": "a0de062e-050f-4803-b098-5e9cbd2b9d97",
        "name": "Archive",
        "sorts": [
         {
          "id": "65858405af24c113579c91c3",
          "RelationKey": "lastModifiedDate",
          "type": "Desc"
         }
        ],
        "filters": [
         {
          "id": "6585841eaf24c113579c91c4",
          "RelationKey": "658583f7af24c113579c91c2",
          "condition": "Equal",
          "value": true
         }
        ],
        "relations": [
         {
          "key": "name",
          "isVisible": true,
          "width": 264
         },
         {
          "key": "65858358af24c113579c91bd",
          "isVisible": true,
          "width": 192
         },
         {
          "key": "description",
          "isVisible": true,
          "width": 192
         },
         {
          "key": "65857d05af24c113579c918a",
          "isVisible": true,
          "width": 192
         },
         {
          "key": "65857c0faf24c113579c9184",
          "isVisible": true,
          "width": 192
         },
         {
          "key": "dueDate",
          "isVisible": true,
          "width": 192
         },
         {
          "key": "658583f7af24c113579c91c2",
          "isVisible": true,
          "width": 192
         },
         {
          "key": "type",
          "width": 192
         },
         {
          "key": "createdDate",
          "width": 192
         },
         {
          "key": "lastModifiedDate",
          "width": 192
         },
         {
          "key": "lastModifiedBy",
          "width": 192
         },
         {
          "key": "lastOpenedDate",
          "width": 192
         },
         {
          "key": "tag",
          "width": 192
         }
        ],
        "cardSize": "Medium",
        "groupRelationKey": "65858358af24c113579c91bd"
       }
      ],
      "relationLinks": [
       {
        "key": "name",
        "format": "shorttext"
       },
       {
        "key": "description"
       },
       {
        "key": "type",
        "format": "object"
       },
       {
        "key": "createdDate",
        "format": "date"
       },
       {
        "key": "lastModifiedDate",
        "format": "date"
       },
       {
        "key": "lastModifiedBy",
        "format": "object"
       },
       {
        "key": "lastOpenedDate",
        "format": "date"
       },
       {
        "key": "tag",
        "format": "tag"
       },
       {
        "key": "65858358af24c113579c91bd",
        "format": "status"
       },
       {
        "key": "65857d05af24c113579c918a",
        "format": "object"
       },
       {
        "key": "65857c0faf24c113579c9184",
        "format": "date"
       },
       {
        "key": "dueDate",
        "format": "date"
       },
       {
        "key": "658583f7af24c113579c91c2",
        "format": "checkbox"
       }
      ],
      "TargetObjectId": "bafyreiem4spa4cz3w3cffv6qp7jbgzd3dbpn5dbghsxbtacrka3w3poci4"
     }
    },
    {
     "id": "658580cfaf24c113579c91ad",
     "text": {
      "text": "Breakfast",
      "style": "Checkbox",
      "marks": {

      }
     }
    },
    {
     "id": "658580e0af24c113579c91ae",
     "text": {
      "text": "Going to gym",
      "style": "Checkbox",
      "marks": {

      }
     }
    },
    {
     "id": "658580e3af24c113579c91af",
     "text": {
      "text": "Checking emails",
      "style": "Checkbox",
      "marks": {

      }
     }
    },
    {
     "id": "658580eaaf24c113579c91b0",
     "text": {
      "text": "And so on…",
      "style": "Checkbox",
      "marks": {

      }
     }
    },
    {
     "id": "65858150af24c113579c91b6",
     "restrictions": {

     },
     "dataview": {
      "views": [
       {
        "id": "658503e6af24c10bcdd59f06",
        "type": "List",
        "name": "All",
        "sorts": [
         {
          "id": "658503e6af24c10bcdd59f07",
          "RelationKey": "dueDate"
         }
        ],
        "filters": [
         {
          "id": "65857eb3af24c113579c919e",
          "RelationKey": "65857d2caf24c113579c918b",
          "condition": "Equal",
          "value": false
         },
         {
          "id": "65857fecaf24c113579c91a1",
          "RelationKey": "dueDate",
          "condition": "Equal",
          "value": null,
          "quickOption": "Tomorrow"
         }
        ],
        "relations": [
         {
          "key": "name",
          "isVisible": true,
          "width": 247
         },
         {
          "key": "dueDate",
          "isVisible": true,
          "width": 192
         },
         {
          "key": "65857d72af24c113579c918c",
          "isVisible": true,
          "width": 120
         },
         {
          "key": "65857dd2af24c113579c9191",
          "isVisible": true,
          "width": 249
         },
         {
          "key": "linkedProjects",
          "isVisible": true,
          "width": 192
         },
         {
          "key": "65857d05af24c113579c918a",
          "isVisible": true,
          "width": 192
         },
         {
          "key": "65857d2caf24c113579c918b",
          "isVisible": true,
          "width": 192
         }
        ],
        "pageLimit": 20,
        "defaultTemplateId": "bafyreidxms4b2lvsrbmlhhocwt3kdkp5ritsaoli3mqqaqcse7kmm2f5eu"
       }
      ],
      "relationLinks": [
       {
        "key": "name",
        "format": "shorttext"
       },
       {
        "key": "description"
       },
       {
        "key": "type",
        "format": "object"
       },
       {
        "key": "createdDate",
        "format": "date"
       },
       {
        "key": "lastModifiedDate",
        "format": "date"
       },
       {
        "key": "lastModifiedBy",
        "format": "object"
       },
       {
        "key": "lastOpenedDate",
        "format": "date"
       },
       {
        "key": "tag",
        "format": "tag"
       },
       {
        "key": "dueDate",
        "format": "date"
       },
       {
        "key": "linkedProjects",
        "format": "object"
       },
       {
        "key": "65857d05af24c113579c918a",
        "format": "object"
       },
       {
        "key": "65857d2caf24c113579c918b",
        "format": "checkbox"
       },
       {
        "key": "65857d72af24c113579c918c",
        "format": "status"
       },
       {
        "key": "65857dd2af24c113579c9191",
        "format": "status"
       }
      ],
      "TargetObjectId": "bafyreicr3cgx3gi4bsto6kemxa3hbf4b77y4ixaoh4ccjpnf5hyl6doena"
     }
    },
    {
     "id": "658581b4af24c113579c91b7",
     "restrictions": {

     },
     "dataview": {
      "views": [
       {
        "id": "658503e6af24c10bcdd59f06",
        "type": "List",
        "name": "All",
        "sorts": [
         {
          "id": "658503e6af24c10bcdd59f07",
          "RelationKey": "dueDate"
         }
        ],
        "filters": [
         {
          "id": "65857eb3af24c113579c919e",
          "RelationKey": "65857d2caf24c113579c918b",
          "condition": "Equal",
          "value": false
         },
         {
          "id": "65857fecaf24c113579c91a1",
          "RelationKey": "dueDate",
          "condition": "GreaterOrEqual",
          "value": null,
          "quickOption": "Tomorrow"
         },
         {
          "id": "658581d1af24c113579c91b8",
          "RelationKey": "dueDate",
          "condition": "LessOrEqual",
          "value": 7,
          "quickOption": "NumberOfDaysNow"
         }
        ],
        "relations": [
         {
          "key": "name",
          "isVisible": true,
          "width": 247
         },
         {
          "key": "dueDate",
          "isVisible": true,
          "width": 192
         },
         {
          "key": "65857d72af24c113579c918c",
          "isVisible": true,
          "width": 120
         },
         {
          "key": "65857dd2af24c113579c9191",
          "isVisible": true,
          "width": 249
         },
         {
          "key": "linkedProjects",
          "isVisible": true,
          "width": 192
         },
         {
          "key": "65857d05af24c113579c918a",
          "isVisible": true,
          "width": 192
         },
         {
          "key": "65857d2caf24c113579c918b",
          "isVisible": true,
          "width": 192
         }
        ],
        "pageLimit": 50,
        "defaultTemplateId": "bafyreidxms4b2lvsrbmlhhocwt3kdkp5ritsaoli3mqqaqcse7kmm2f5eu"
       }
      ],
      "relationLinks": [
       {
        "key": "name",
        "format": "shorttext"
       },
       {
        "key": "description"
       },
       {
        "key": "type",
        "format": "object"
       },
       {
        "key": "createdDate",
        "format": "date"
       },
       {
        "key": "lastModifiedDate",
        "format": "date"
       },
       {
        "key": "lastModifiedBy",
        "format": "object"
       },
       {
        "key": "lastOpenedDate",
        "format": "date"
       },
       {
        "key": "tag",
        "format": "tag"
       },
       {
        "key": "dueDate",
        "format": "date"
       },
       {
        "key": "linkedProjects",
        "format": "object"
       },
       {
        "key": "65857d05af24c113579c918a",
        "format": "object"
       },
       {
        "key": "65857d2caf24c113579c918b",
        "format": "checkbox"
       },
       {
        "key": "65857d72af24c113579c918c",
        "format": "status"
       },
       {
        "key": "65857dd2af24c113579c9191",
        "format": "status"
       }
      ],
      "TargetObjectId": "bafyreicr3cgx3gi4bsto6kemxa3hbf4b77y4ixaoh4ccjpnf5hyl6doena"
     }
    },
    {
     "id": "658581f7af24c113579c91b9",
     "restrictions": {

     },
     "dataview": {
      "views": [
       {
        "id": "658503e6af24c10bcdd59f06",
        "type": "List",
        "name": "All",
        "sorts": [
         {
          "id": "658503e6af24c10bcdd59f07",
          "RelationKey": "dueDate"
         }
        ],
        "filters": [
         {
          "id": "65857eb3af24c113579c919e",
          "RelationKey": "65857d2caf24c113579c918b",
          "condition": "Equal",
          "value": true
         }
        ],
        "relations": [
         {
          "key": "name",
          "isVisible": true,
          "width": 247
         },
         {
          "key": "dueDate",
          "isVisible": true,
          "width": 192
         },
         {
          "key": "65857d72af24c113579c918c",
          "isVisible": true,
          "width": 120
         },
         {
          "key": "65857dd2af24c113579c9191",
          "isVisible": true,
          "width": 249
         },
         {
          "key": "linkedProjects",
          "isVisible": true,
          "width": 192
         },
         {
          "key": "65857d05af24c113579c918a",
          "isVisible": true,
          "width": 192
         },
         {
          "key": "65857d2caf24c113579c918b",
          "isVisible": true,
          "width": 192
         }
        ],
        "defaultTemplateId": "bafyreidxms4b2lvsrbmlhhocwt3kdkp5ritsaoli3mqqaqcse7kmm2f5eu"
       }
      ],
      "relationLinks": [
       {
        "key": "name",
        "format": "shorttext"
       },
       {
        "key": "description"
       },
       {
        "key": "type",
        "format": "object"
       },
       {
        "key": "createdDate",
        "format": "date"
       },
       {
        "key": "lastModifiedDate",
        "format": "date"
       },
       {
        "key": "lastModifiedBy",
        "format": "object"
       },
       {
        "key": "lastOpenedDate",
        "format": "date"
       },
       {
        "key": "tag",
        "format": "tag"
       },
       {
        "key": "dueDate",
        "format": "date"
       },
       {
        "key": "linkedProjects",
        "format": "object"
       },
       {
        "key": "65857d05af24c113579c918a",
        "format": "object"
       },
       {
        "key": "65857d2caf24c113579c918b",
        "format": "checkbox"
       },
       {
        "key": "65857d72af24c113579c918c",
        "format": "status"
       },
       {
        "key": "65857dd2af24c113579c9191",
        "format": "status"
       }
      ],
      "TargetObjectId": "bafyreicr3cgx3gi4bsto6kemxa3hbf4b77y4ixaoh4ccjpnf5hyl6doena"
     }
    }
   ],
   "details": {
     "backlinks": [
        "bafyreibzjzsmtsphmtq3giatnrutzunpdda476ik3jm5klw7gpuzrxugee",
        "bafyreico2szadaxeuz7rzzwfansf4keg3ztccuio5yx3tsvfzdnudo4egu"
       ],
     "createdDate": 1703216069,
     "creator": "_id_A8DMi22aG2JeS6SqxmXaBUJ6e8wMUq18HuXkXtKHNg1GaCcd",
     "description": "See what's going on with your tasks and projects both short and long term",
     "featuredRelations": [
        "type",
        "description"
       ],
     "iconEmoji": "",
     "iconImage": "bafybeibvr7wbsm2vbfgf27bqhivlplfqugqqtn5km5morigdggc2ft3tyq",
     "id": "bafyreic3oavsgbjm7s2idut3sjap6skubrdhlgauvst3heynkwdapfix4q",
     "lastModifiedBy": "_id_A8DMi22aG2JeS6SqxmXaBUJ6e8wMUq18HuXkXtKHNg1GaCcd",
     "lastModifiedDate": 1703254658,
     "lastOpenedDate": 1703255104,
     "layout": 0,
     "links": [
        "bafyreicr3cgx3gi4bsto6kemxa3hbf4b77y4ixaoh4ccjpnf5hyl6doena",
        "bafyreidb6mf2j3ucrglripyedyrkdw5esiwfb7cac6jwo4ypxxpqfguzce",
        "bafyreiem4spa4cz3w3cffv6qp7jbgzd3dbpn5dbghsxbtacrka3w3poci4"
       ],
     "name": "Agenda",
     "restrictions": [
       ],
     "snippet": "Schedule\nDaily routine\nBreakfast\nGoing to gym\nChecking emails",
     "spaceId": "bafyreihufw6v4yalsf45xskfur2ahsdyb4nkucawuuh63q6elgamxzw3ni.22bhbjeon72hw",
     "type": "bafyreihve2vzifxaeb6hy77tzfnmlko5n5zalf7opwy533wlefsuqgwtx4"
    },
   "objectTypes": [
    "ot-page"
   ],
   "relationLinks": [
    {
     "key": "id",
     "format": "object"
    },
    {
     "key": "name",
     "format": "shorttext"
    },
    {
     "key": "description"
    },
    {
     "key": "snippet"
    },
    {
     "key": "iconEmoji",
     "format": "emoji"
    },
    {
     "key": "iconImage",
     "format": "file"
    },
    {
     "key": "type",
     "format": "object"
    },
    {
     "key": "layout",
     "format": "number"
    },
    {
     "key": "layoutAlign",
     "format": "number"
    },
    {
     "key": "coverId"
    },
    {
     "key": "coverScale",
     "format": "number"
    },
    {
     "key": "coverType",
     "format": "number"
    },
    {
     "key": "coverX",
     "format": "number"
    },
    {
     "key": "coverY",
     "format": "number"
    },
    {
     "key": "createdDate",
     "format": "date"
    },
    {
     "key": "creator",
     "format": "object"
    },
    {
     "key": "lastModifiedDate",
     "format": "date"
    },
    {
     "key": "lastModifiedBy",
     "format": "object"
    },
    {
     "key": "lastOpenedDate",
     "format": "date"
    },
    {
     "key": "featuredRelations",
     "format": "object"
    },
    {
     "key": "isFavorite",
     "format": "checkbox"
    },
    {
     "key": "workspaceId",
     "format": "object"
    },
    {
     "key": "spaceId",
     "format": "object"
    },
    {
     "key": "links",
     "format": "object"
    },
    {
     "key": "internalFlags",
     "format": "number"
    },
    {
     "key": "restrictions",
     "format": "number"
    },
    {
     "key": "backlinks",
     "format": "object"
    }
   ]
  },
  "fileKeys": [
   {
    "hash": "bafybeibvr7wbsm2vbfgf27bqhivlplfqugqqtn5km5morigdggc2ft3tyq",
    "keys": {
     "/0/exif/": "bvuc3rs2llwq4yyqzywx7ix4efwtrryj3bk6jopspkw2zoe5otwka",
     "/0/large/": "bkazchqv63xcd343udibr4v2ew6vpd6pvx6py7zuo2eemtkqu7cnq",
     "/0/original/": "bkazchqv63xcd343udibr4v2ew6vpd6pvx6py7zuo2eemtkqu7cnq",
     "/0/small/": "bkazchqv63xcd343udibr4v2ew6vpd6pvx6py7zuo2eemtkqu7cnq",
     "/0/thumb/": "bkazchqv63xcd343udibr4v2ew6vpd6pvx6py7zuo2eemtkqu7cnq"
    }
   }
  ]
 }
}