{
 "sbType": "Page",
 "snapshot": {
  "data": {
   "blocks": [
    {
     "id": "bafyreif2dc2uzn3gs2j43hw25id6rsyn34jsxxkt3cktskmvunze7jsb7a",
     "restrictions": {

     },
     "childrenIds": [
      "header",
      "dataview"
     ],
     "smartblock": {

     }
    },
    {
     "id": "header",
     "restrictions": {
      "edit": true,
      "remove": true,
      "drag": true,
      "dropOn": true
     },
     "childrenIds": [
      "title",
      "description",
      "featuredRelations"
     ],
     "layout": {
      "style": "Header"
     }
    },
    {
     "id": "dataview",
     "dataview": {
      "views": [
       {
        "id": "658503d5af24c10bcdd59f01",
        "name": "Filtered by \"inbox\" tag",
        "sorts": [
         {
          "id": "658503d5af24c10bcdd59f02",
          "RelationKey": "lastModifiedDate",
          "type": "Desc"
         }
        ],
        "filters": [
         {
          "id": "65857af0af24c113579c917e",
          "RelationKey": "tag",
          "condition": "In",
          "value": [
             "bafyreibtofp4wthbyi2t46mcqqnonono2kovd2swimwwaaamy2xc7zqfzy"
            ]
         }
        ],
        "relations": [
         {
          "key": "name",
          "isVisible": true,
          "width": 706
         },
         {
          "key": "description"
         },
         {
          "key": "type"
         },
         {
          "key": "createdDate"
         },
         {
          "key": "lastModifiedDate"
         },
         {
          "key": "lastModifiedBy"
         },
         {
          "key": "lastOpenedDate"
         },
         {
          "key": "tag",
          "isVisible": true,
          "width": 192
         }
        ]
       }
      ],
      "relationLinks": [
       {
        "key": "name",
        "format": "shorttext"
       },
       {
        "key": "description"
       },
       {
        "key": "type",
        "format": "object"
       },
       {
        "key": "createdDate",
        "format": "date"
       },
       {
        "key": "lastModifiedDate",
        "format": "date"
       },
       {
        "key": "lastModifiedBy",
        "format": "object"
       },
       {
        "key": "lastOpenedDate",
        "format": "date"
       },
       {
        "key": "tag",
        "format": "tag"
       }
      ]
     }
    },
    {
     "id": "title",
     "fields": {
       "_detailsKey": [
          "name",
          "done"
         ]
      },
     "restrictions": {
      "remove": true,
      "drag": true,
      "dropOn": true
     },
     "text": {
      "style": "Title",
      "marks": {

      }
     }
    },
    {
     "id": "description",
     "fields": {
       "_detailsKey": "description"
      },
     "restrictions": {
      "remove": true,
      "drag": true,
      "dropOn": true
     },
     "text": {
      "style": "Description",
      "marks": {

      }
     }
    },
    {
     "id": "featuredRelations",
     "restrictions": {
      "remove": true,
      "drag": true,
      "dropOn": true
     },
     "featuredRelations": {

     }
    }
   ],
   "details": {
     "backlinks": [
        "bafyreibzjzsmtsphmtq3giatnrutzunpdda476ik3jm5klw7gpuzrxugee",
        "bafyreico2szadaxeuz7rzzwfansf4keg3ztccuio5yx3tsvfzdnudo4egu"
       ],
     "createdDate": 1703216085,
     "creator": "_id_A8DMi22aG2JeS6SqxmXaBUJ6e8wMUq18HuXkXtKHNg1GaCcd",
     "description": "Capture everything here until you find the right area they belong to.",
     "featuredRelations": [
        "description",
        "type",
        "setOf"
       ],
     "iconEmoji": "",
     "iconImage": "bafybeibr2sc7pkqp4s67utcz36w2m7er3nmbeplkpavkmn4nh27d5ogzbe",
     "id": "bafyreif2dc2uzn3gs2j43hw25id6rsyn34jsxxkt3cktskmvunze7jsb7a",
     "lastModifiedBy": "_id_A8DMi22aG2JeS6SqxmXaBUJ6e8wMUq18HuXkXtKHNg1GaCcd",
     "lastModifiedDate": 1703250457,
     "lastOpenedDate": 1703254638,
     "layout": 3,
     "links": [
       ],
     "name": "Inbox",
     "restrictions": [
        3,
        6,
        5,
        7
       ],
     "setOf": [
        "bafyreicrvhed6ithqngwli7bhvsagqjznrkcksym2m46mqd4cgsuoqpg54"
       ],
     "snippet": "",
     "spaceId": "bafyreihufw6v4yalsf45xskfur2ahsdyb4nkucawuuh63q6elgamxzw3ni.22bhbjeon72hw",
     "type": "bafyreihdczqk5hfpd4paki6puktkzqu3eoyve5mwo7m2ly6dyoj6paccvu"
    },
   "objectTypes": [
    "ot-set"
   ],
   "relationLinks": [
    {
     "key": "id",
     "format": "object"
    },
    {
     "key": "name",
     "format": "shorttext"
    },
    {
     "key": "description"
    },
    {
     "key": "snippet"
    },
    {
     "key": "iconEmoji",
     "format": "emoji"
    },
    {
     "key": "iconImage",
     "format": "file"
    },
    {
     "key": "type",
     "format": "object"
    },
    {
     "key": "layout",
     "format": "number"
    },
    {
     "key": "layoutAlign",
     "format": "number"
    },
    {
     "key": "coverId"
    },
    {
     "key": "coverScale",
     "format": "number"
    },
    {
     "key": "coverType",
     "format": "number"
    },
    {
     "key": "coverX",
     "format": "number"
    },
    {
     "key": "coverY",
     "format": "number"
    },
    {
     "key": "createdDate",
     "format": "date"
    },
    {
     "key": "creator",
     "format": "object"
    },
    {
     "key": "lastModifiedDate",
     "format": "date"
    },
    {
     "key": "lastModifiedBy",
     "format": "object"
    },
    {
     "key": "lastOpenedDate",
     "format": "date"
    },
    {
     "key": "featuredRelations",
     "format": "object"
    },
    {
     "key": "isFavorite",
     "format": "checkbox"
    },
    {
     "key": "workspaceId",
     "format": "object"
    },
    {
     "key": "spaceId",
     "format": "object"
    },
    {
     "key": "links",
     "format": "object"
    },
    {
     "key": "internalFlags",
     "format": "number"
    },
    {
     "key": "restrictions",
     "format": "number"
    },
    {
     "key": "backlinks",
     "format": "object"
    },
    {
     "key": "setOf",
     "format": "object"
    }
   ]
  },
  "fileKeys": [
   {
    "hash": "bafybeibr2sc7pkqp4s67utcz36w2m7er3nmbeplkpavkmn4nh27d5ogzbe",
    "keys": {
     "/0/exif/": "bjuu47mjzjmnmpbptky6tqjqrnr3e2dtsul3wofd5bvapedti7n6q",
     "/0/large/": "bglpka4ihh5vlcv7ri2bbzprkkk4ihme3onj72zdmiukjgau37lba",
     "/0/original/": "bglpka4ihh5vlcv7ri2bbzprkkk4ihme3onj72zdmiukjgau37lba",
     "/0/small/": "bglpka4ihh5vlcv7ri2bbzprkkk4ihme3onj72zdmiukjgau37lba",
     "/0/thumb/": "bglpka4ihh5vlcv7ri2bbzprkkk4ihme3onj72zdmiukjgau37lba"
    }
   }
  ]
 }
}