{
 "sbType": "Page",
 "snapshot": {
  "data": {
   "blocks": [
    {
     "id": "bafyreic6udziph6jwy2fwrntjeabllhtpvewjepwyl3stg2ezt5ixldiy4",
     "restrictions": {

     },
     "childrenIds": [
      "header",
      "658585dbaf24c113579c91ce",
      "658585c8af24c113579c91cc",
      "658585c8af24c113579c91cd",
      "65857a5eaf24c113579c9173",
      "65857a5faf24c113579c9174",
      "65857a66af24c113579c9175",
      "65857a6eaf24c113579c9176",
      "65857a79af24c113579c9177",
      "65857a81af24c113579c9178",
      "65857a88af24c113579c9179",
      "65857a8baf24c113579c917a",
      "65857a8daf24c113579c917b",
      "65857a8faf24c113579c917c",
      "65857a95af24c113579c917d"
     ],
     "smartblock": {

     }
    },
    {
     "id": "header",
     "restrictions": {
      "edit": true,
      "remove": true,
      "drag": true,
      "dropOn": true
     },
     "childrenIds": [
      "title",
      "description",
      "featuredRelations"
     ],
     "layout": {
      "style": "Header"
     }
    },
    {
     "id": "658585dbaf24c113579c91ce",
     "link": {
      "targetBlockId": "bafyreiac5v3bkkt4z5vu7p4mxuugoqdsqo47ntvc7j6zfldxdghsldftie",
      "iconSize": "SizeMedium",
      "cardStyle": "Card"
     }
    },
    {
     "id": "658585c8af24c113579c91cc",
     "text": {
      "marks": {

      }
     }
    },
    {
     "id": "658585c8af24c113579c91cd",
     "text": {
      "text": "Type /area to start adding areas you're committed to in your life.",
      "marks": {

      }
     }
    },
    {
     "id": "65857a5eaf24c113579c9173",
     "text": {
      "marks": {

      }
     }
    },
    {
     "id": "65857a5faf24c113579c9174",
     "text": {
      "text": "Examples of areas:",
      "marks": {

      }
     }
    },
    {
     "id": "65857a66af24c113579c9175",
     "text": {
      "text": "Learning",
      "marks": {

      }
     }
    },
    {
     "id": "65857a6eaf24c113579c9176",
     "text": {
      "text": "Family",
      "marks": {

      }
     }
    },
    {
     "id": "65857a79af24c113579c9177",
     "text": {
      "text": "Religion",
      "marks": {

      }
     }
    },
    {
     "id": "65857a81af24c113579c9178",
     "text": {
      "text": "Friends",
      "marks": {

      }
     }
    },
    {
     "id": "65857a88af24c113579c9179",
     "text": {
      "text": "Travelling",
      "marks": {

      }
     }
    },
    {
     "id": "65857a8baf24c113579c917a",
     "text": {
      "text": "Career",
      "marks": {

      }
     }
    },
    {
     "id": "65857a8daf24c113579c917b",
     "text": {
      "text": "Business",
      "marks": {

      }
     }
    },
    {
     "id": "65857a8faf24c113579c917c",
     "text": {
      "text": "Marketing",
      "marks": {

      }
     }
    },
    {
     "id": "65857a95af24c113579c917d",
     "text": {
      "text": "And the list goes on…",
      "marks": {

      }
     }
    },
    {
     "id": "title",
     "fields": {
       "_detailsKey": [
          "name",
          "done"
         ]
      },
     "restrictions": {
      "remove": true,
      "drag": true,
      "dropOn": true
     },
     "text": {
      "style": "Title",
      "marks": {

      }
     }
    },
    {
     "id": "description",
     "fields": {
       "_detailsKey": "description"
      },
     "restrictions": {
      "remove": true,
      "drag": true,
      "dropOn": true
     },
     "text": {
      "style": "Description",
      "marks": {

      }
     }
    },
    {
     "id": "featuredRelations",
     "restrictions": {
      "remove": true,
      "drag": true,
      "dropOn": true
     },
     "featuredRelations": {

     }
    }
   ],
   "details": {
     "backlinks": [
        "bafyreibzjzsmtsphmtq3giatnrutzunpdda476ik3jm5klw7gpuzrxugee",
        "bafyreico2szadaxeuz7rzzwfansf4keg3ztccuio5yx3tsvfzdnudo4egu"
       ],
     "createdDate": 1703216128,
     "creator": "_id_A8DMi22aG2JeS6SqxmXaBUJ6e8wMUq18HuXkXtKHNg1GaCcd",
     "description": "Different aspects of your life that you're committed to → Never ending",
     "featuredRelations": [
        "type",
        "description"
       ],
     "iconEmoji": "",
     "iconImage": "bafybeigmuhgyxydhsq63adjttbcoqvqhs5bfjgvgza223mwcwxdpkdmw6q",
     "id": "bafyreic6udziph6jwy2fwrntjeabllhtpvewjepwyl3stg2ezt5ixldiy4",
     "lastModifiedBy": "_id_A8DMi22aG2JeS6SqxmXaBUJ6e8wMUq18HuXkXtKHNg1GaCcd",
     "lastModifiedDate": 1703255044,
     "lastOpenedDate": 1703255038,
     "layout": 0,
     "links": [
        "bafyreiac5v3bkkt4z5vu7p4mxuugoqdsqo47ntvc7j6zfldxdghsldftie"
       ],
     "name": "Areas",
     "restrictions": [
       ],
     "snippet": "Type /area to start adding areas you're committed to in your life.",
     "spaceId": "bafyreihufw6v4yalsf45xskfur2ahsdyb4nkucawuuh63q6elgamxzw3ni.22bhbjeon72hw",
     "type": "bafyreihve2vzifxaeb6hy77tzfnmlko5n5zalf7opwy533wlefsuqgwtx4"
    },
   "objectTypes": [
    "ot-page"
   ],
   "relationLinks": [
    {
     "key": "id",
     "format": "object"
    },
    {
     "key": "name",
     "format": "shorttext"
    },
    {
     "key": "description"
    },
    {
     "key": "snippet"
    },
    {
     "key": "iconEmoji",
     "format": "emoji"
    },
    {
     "key": "iconImage",
     "format": "file"
    },
    {
     "key": "type",
     "format": "object"
    },
    {
     "key": "layout",
     "format": "number"
    },
    {
     "key": "layoutAlign",
     "format": "number"
    },
    {
     "key": "coverId"
    },
    {
     "key": "coverScale",
     "format": "number"
    },
    {
     "key": "coverType",
     "format": "number"
    },
    {
     "key": "coverX",
     "format": "number"
    },
    {
     "key": "coverY",
     "format": "number"
    },
    {
     "key": "createdDate",
     "format": "date"
    },
    {
     "key": "creator",
     "format": "object"
    },
    {
     "key": "lastModifiedDate",
     "format": "date"
    },
    {
     "key": "lastModifiedBy",
     "format": "object"
    },
    {
     "key": "lastOpenedDate",
     "format": "date"
    },
    {
     "key": "featuredRelations",
     "format": "object"
    },
    {
     "key": "isFavorite",
     "format": "checkbox"
    },
    {
     "key": "workspaceId",
     "format": "object"
    },
    {
     "key": "spaceId",
     "format": "object"
    },
    {
     "key": "links",
     "format": "object"
    },
    {
     "key": "internalFlags",
     "format": "number"
    },
    {
     "key": "restrictions",
     "format": "number"
    },
    {
     "key": "backlinks",
     "format": "object"
    }
   ]
  },
  "fileKeys": [
   {
    "hash": "bafybeigmuhgyxydhsq63adjttbcoqvqhs5bfjgvgza223mwcwxdpkdmw6q",
    "keys": {
     "/0/exif/": "b4rogdhr7ps35hl2cypo7bgzbtyag5c7baujhz755cncvgq6h5bka",
     "/0/large/": "bbfify436hb6ye7xyjgqhchzb7pvm6vhlh7cau2ov2gbffboyc2vq",
     "/0/original/": "bbfify436hb6ye7xyjgqhchzb7pvm6vhlh7cau2ov2gbffboyc2vq",
     "/0/small/": "bbfify436hb6ye7xyjgqhchzb7pvm6vhlh7cau2ov2gbffboyc2vq",
     "/0/thumb/": "b4hc73jmfbivq5zksu5xvqng7obbu42ncwfjnvdpbeyor2dlpolya"
    }
   }
  ]
 }
}