{
 "sbType": "STType",
 "snapshot": {
  "data": {
   "blocks": [
    {
     "id": "bafyreig7fpvx5vbcuzj33a5qvtonrxmxv5u52utfovmeicczlhpvcvsqym",
     "restrictions": {

     },
     "childrenIds": [
      "header"
     ],
     "smartblock": {

     }
    },
    {
     "id": "header",
     "restrictions": {
      "edit": true,
      "remove": true,
      "drag": true,
      "dropOn": true
     },
     "childrenIds": [
      "title",
      "description",
      "featuredRelations"
     ],
     "layout": {
      "style": "Header"
     }
    },
    {
     "id": "title",
     "fields": {
       "_detailsKey": [
          "name",
          "done"
         ]
      },
     "restrictions": {
      "remove": true,
      "drag": true,
      "dropOn": true
     },
     "text": {
      "style": "Title",
      "marks": {

      }
     }
    },
    {
     "id": "description",
     "fields": {
       "_detailsKey": "description"
      },
     "restrictions": {
      "remove": true,
      "drag": true,
      "dropOn": true
     },
     "text": {
      "style": "Description",
      "marks": {

      }
     }
    },
    {
     "id": "featuredRelations",
     "restrictions": {
      "remove": true,
      "drag": true,
      "dropOn": true
     },
     "featuredRelations": {

     }
    }
   ],
   "details": {
     "backlinks": [
       ],
     "createdDate": 1703188378,
     "creator": "_anytype_profile",
     "description": "Auto-generated object from .wav, .mp3, .ogg files added to Anytype. Sound when recorded, with ability to reproduce",
     "featuredRelations": [
        "description",
        "type"
       ],
     "iconEmoji": "🎵",
     "id": "bafyreig7fpvx5vbcuzj33a5qvtonrxmxv5u52utfovmeicczlhpvcvsqym",
     "internalFlags": [
       ],
     "isArchived": false,
     "isHidden": false,
     "isReadonly": true,
     "lastModifiedBy": "_id_A8DMi22aG2JeS6SqxmXaBUJ6e8wMUq18HuXkXtKHNg1GaCcd",
     "lastModifiedDate": 1703188378,
     "layout": 4,
     "links": [
       ],
     "name": "Audio",
     "origin": 7,
     "recommendedLayout": 6,
     "recommendedRelations": [
        "bafyreihcyamtbuz663fcpkwi23zkipjuz2xunx3e4iftezyobvethsd4mq",
        "bafyreihfuuqfhscqmi4whhvwmlxdxbrlypngqkxaojgnituhidmr2ct4u4",
        "bafyreianaygt5bye5hzdi2lk5l5nkjx3e4p7zpl254bj7j62jw6wwgla3a",
        "bafyreicknndxmiw2uonjcjqcxafxblwdnww4ggqcgjiuofgnsmt54ph6qy",
        "bafyreidrianjf6ud2ricwsb7gppgvjr5jpziaykoviopldqtqzyjgesu2q",
        "bafyreid4jrnrl3jpc3f3k4qqijke5kqgzmin7q6wxgdizia5qldgbx6vbe",
        "bafyreihcu3p6wyuq6vmmahd2go3gx526euqsjriruxs3ykwdor3u7trhw4",
        "bafyreibhclt2mgwyxijrl5jxkp5cvncextfrzyg6jjhumxd66rmrz5wslu",
        "bafyreia26cxwcookohvmticlyxvkome4xkrmw2mdw72zlfdodhipq3dyci",
        "bafyreihw4dwfbfkc4zhfzwdauapxtvit7jymmrws57g7tccijrr45fibky",
        "bafyreib3nhkzmcxzfyy7tl7vg3vxyvw474a4q5fl4ql73vqxbm7v3j7q54",
        "bafyreicj23dvpzc62sq6spod42unni5s7cgxyuflrbevyjhwh45pidhaba",
        "bafyreiaq3j2qtmqtp2seuiceywnxfs7fncxqnpmv4c4c3bmknmpvnrlpvu",
        "bafyreid6i5ezga3ntboxh5lslkhl45m4odaxhznwua2tsqduqfduktffou"
       ],
     "restrictions": [
        3,
        6,
        5,
        7,
        4,
        1
       ],
     "smartblockTypes": [
        256
       ],
     "snippet": "",
     "sourceObject": "_otaudio",
     "spaceId": "bafyreihufw6v4yalsf45xskfur2ahsdyb4nkucawuuh63q6elgamxzw3ni.22bhbjeon72hw",
     "type": "bafyreidw36e2v5xgpnctsiqvmji27ja4uva6enmtbdoc5u6uuwzsfhd77m",
     "uniqueKey": "ot-audio"
    },
   "objectTypes": [
    "ot-objectType"
   ],
   "relationLinks": [
    {
     "key": "spaceId",
     "format": "object"
    },
    {
     "key": "description"
    },
    {
     "key": "internalFlags",
     "format": "number"
    },
    {
     "key": "isHidden",
     "format": "checkbox"
    },
    {
     "key": "name",
     "format": "shorttext"
    },
    {
     "key": "recommendedRelations",
     "format": "object"
    },
    {
     "key": "sourceObject",
     "format": "object"
    },
    {
     "key": "iconEmoji",
     "format": "emoji"
    },
    {
     "key": "smartblockTypes",
     "format": "number"
    },
    {
     "key": "origin",
     "format": "number"
    },
    {
     "key": "layout",
     "format": "number"
    },
    {
     "key": "recommendedLayout",
     "format": "number"
    },
    {
     "key": "id",
     "format": "object"
    },
    {
     "key": "uniqueKey"
    },
    {
     "key": "isReadonly",
     "format": "checkbox"
    },
    {
     "key": "snippet"
    },
    {
     "key": "iconImage",
     "format": "file"
    },
    {
     "key": "type",
     "format": "object"
    },
    {
     "key": "layoutAlign",
     "format": "number"
    },
    {
     "key": "coverId"
    },
    {
     "key": "coverScale",
     "format": "number"
    },
    {
     "key": "coverType",
     "format": "number"
    },
    {
     "key": "coverX",
     "format": "number"
    },
    {
     "key": "coverY",
     "format": "number"
    },
    {
     "key": "createdDate",
     "format": "date"
    },
    {
     "key": "creator",
     "format": "object"
    },
    {
     "key": "lastModifiedDate",
     "format": "date"
    },
    {
     "key": "lastModifiedBy",
     "format": "object"
    },
    {
     "key": "lastOpenedDate",
     "format": "date"
    },
    {
     "key": "featuredRelations",
     "format": "object"
    },
    {
     "key": "isFavorite",
     "format": "checkbox"
    },
    {
     "key": "workspaceId",
     "format": "object"
    },
    {
     "key": "links",
     "format": "object"
    },
    {
     "key": "restrictions",
     "format": "number"
    },
    {
     "key": "backlinks",
     "format": "object"
    },
    {
     "key": "isArchived",
     "format": "checkbox"
    }
   ],
   "key": "audio"
  }
 }
}