{
 "sbType": "Page",
 "snapshot": {
  "data": {
   "blocks": [
    {
     "id": "bafyreiflhj5duuttfqouagp5q6hhnrcathqnwmue4adpxa65w3rkicndaa",
     "restrictions": {

     },
     "childrenIds": [
      "header",
      "658586d8af24c113579c91d8",
      "658586daaf24c113579c91d9",
      "658586e5af24c113579c91da"
     ],
     "smartblock": {

     }
    },
    {
     "id": "header",
     "restrictions": {
      "edit": true,
      "remove": true,
      "drag": true,
      "dropOn": true
     },
     "childrenIds": [
      "title",
      "description",
      "featuredRelations"
     ],
     "layout": {
      "style": "Header"
     }
    },
    {
     "id": "658586d8af24c113579c91d8",
     "link": {
      "targetBlockId": "bafyreib23t7w2grjzzad2uuah772eqi4ykivrkyixm3u2eqgyked4db2ce",
      "iconSize": "SizeMedium",
      "cardStyle": "Card"
     }
    },
    {
     "id": "658586daaf24c113579c91d9",
     "text": {
      "marks": {

      }
     }
    },
    {
     "id": "658586e5af24c113579c91da",
     "text": {
      "text": "Type /object_type to create your own type of resources (phone numbers set, guides, and everything else that you \"keep just in case\"), i.e not an active area of your life.",
      "marks": {

      }
     }
    },
    {
     "id": "title",
     "fields": {
       "_detailsKey": [
          "name",
          "done"
         ]
      },
     "restrictions": {
      "remove": true,
      "drag": true,
      "dropOn": true
     },
     "text": {
      "style": "Title",
      "marks": {

      }
     }
    },
    {
     "id": "description",
     "fields": {
       "_detailsKey": "description"
      },
     "restrictions": {
      "remove": true,
      "drag": true,
      "dropOn": true
     },
     "text": {
      "style": "Description",
      "marks": {

      }
     }
    },
    {
     "id": "featuredRelations",
     "restrictions": {
      "remove": true,
      "drag": true,
      "dropOn": true
     },
     "featuredRelations": {

     }
    }
   ],
   "details": {
     "backlinks": [
        "bafyreibzjzsmtsphmtq3giatnrutzunpdda476ik3jm5klw7gpuzrxugee",
        "bafyreico2szadaxeuz7rzzwfansf4keg3ztccuio5yx3tsvfzdnudo4egu"
       ],
     "createdDate": 1703216162,
     "creator": "_id_A8DMi22aG2JeS6SqxmXaBUJ6e8wMUq18HuXkXtKHNg1GaCcd",
     "description": "Things that might not be of a great benefit right now but might be in the future (i.e kept just in case)",
     "featuredRelations": [
        "type",
        "description"
       ],
     "iconEmoji": "",
     "iconImage": "bafybeiav25ysriqrai3aceryt2ssgmp62olbc7lhq2brsx6hfw7xmntf7i",
     "id": "bafyreiflhj5duuttfqouagp5q6hhnrcathqnwmue4adpxa65w3rkicndaa",
     "lastModifiedBy": "_id_A8DMi22aG2JeS6SqxmXaBUJ6e8wMUq18HuXkXtKHNg1GaCcd",
     "lastModifiedDate": 1703254924,
     "lastOpenedDate": 1703254919,
     "layout": 0,
     "links": [
        "bafyreib23t7w2grjzzad2uuah772eqi4ykivrkyixm3u2eqgyked4db2ce"
       ],
     "name": "Resources",
     "restrictions": [
       ],
     "snippet": "Type /object_type to create your own type of resources (phone numbers set, guides, and everything else that you \"keep just in case\"), i.e not an active area of your life.",
     "spaceId": "bafyreihufw6v4yalsf45xskfur2ahsdyb4nkucawuuh63q6elgamxzw3ni.22bhbjeon72hw",
     "type": "bafyreihve2vzifxaeb6hy77tzfnmlko5n5zalf7opwy533wlefsuqgwtx4"
    },
   "objectTypes": [
    "ot-page"
   ],
   "relationLinks": [
    {
     "key": "id",
     "format": "object"
    },
    {
     "key": "name",
     "format": "shorttext"
    },
    {
     "key": "description"
    },
    {
     "key": "snippet"
    },
    {
     "key": "iconEmoji",
     "format": "emoji"
    },
    {
     "key": "iconImage",
     "format": "file"
    },
    {
     "key": "type",
     "format": "object"
    },
    {
     "key": "layout",
     "format": "number"
    },
    {
     "key": "layoutAlign",
     "format": "number"
    },
    {
     "key": "coverId"
    },
    {
     "key": "coverScale",
     "format": "number"
    },
    {
     "key": "coverType",
     "format": "number"
    },
    {
     "key": "coverX",
     "format": "number"
    },
    {
     "key": "coverY",
     "format": "number"
    },
    {
     "key": "createdDate",
     "format": "date"
    },
    {
     "key": "creator",
     "format": "object"
    },
    {
     "key": "lastModifiedDate",
     "format": "date"
    },
    {
     "key": "lastModifiedBy",
     "format": "object"
    },
    {
     "key": "lastOpenedDate",
     "format": "date"
    },
    {
     "key": "featuredRelations",
     "format": "object"
    },
    {
     "key": "isFavorite",
     "format": "checkbox"
    },
    {
     "key": "workspaceId",
     "format": "object"
    },
    {
     "key": "spaceId",
     "format": "object"
    },
    {
     "key": "links",
     "format": "object"
    },
    {
     "key": "internalFlags",
     "format": "number"
    },
    {
     "key": "restrictions",
     "format": "number"
    },
    {
     "key": "backlinks",
     "format": "object"
    }
   ]
  },
  "fileKeys": [
   {
    "hash": "bafybeiav25ysriqrai3aceryt2ssgmp62olbc7lhq2brsx6hfw7xmntf7i",
    "keys": {
     "/0/exif/": "bqykft7udivcnsdamk5yrzaiyy6pv2wknucpchgvkujsam7o5tu3a",
     "/0/large/": "bgsc7edgg35zm4grwemylrfybqhzpunwryylasbyfghmyyfdctmca",
     "/0/original/": "bgsc7edgg35zm4grwemylrfybqhzpunwryylasbyfghmyyfdctmca",
     "/0/small/": "bgsc7edgg35zm4grwemylrfybqhzpunwryylasbyfghmyyfdctmca",
     "/0/thumb/": "bgsc7edgg35zm4grwemylrfybqhzpunwryylasbyfghmyyfdctmca"
    }
   }
  ]
 }
}