{
 "sbType": "Template",
 "snapshot": {
  "data": {
   "blocks": [
    {
     "id": "bafyreiayz4brqeodppk6mfulcnsqz7wx45uyy7tw7uxfdki7m74gxidoum",
     "fields": {
       "analyticsOriginalId": ""
      },
     "restrictions": {

     },
     "childrenIds": [
      "header",
      "60f73d1be03e8119d9900c62",
      "60f73d1be03e8119d9900c64",
      "60f73d1be03e8119d9900c65",
      "60f73d25e03e8119d9900c76",
      "60f73d25e03e8119d9900c77",
      "60f73d1be03e8119d9900c66",
      "60f73d1be03e8119d9900c68",
      "60f73d1be03e8119d9900c69",
      "60f73d3de03e8119d9900c78",
      "60f73d3de03e8119d9900c79",
      "60f73d1be03e8119d9900c6b",
      "60f73d1be03e8119d9900c6d",
      "60f73eb2e03e811ba6375364",
      "60f73ebfe03e811ba6375366"
     ],
     "smartblock": {

     }
    },
    {
     "id": "header",
     "restrictions": {
      "edit": true,
      "remove": true,
      "drag": true,
      "dropOn": true
     },
     "childrenIds": [
      "title",
      "featuredRelations"
     ],
     "layout": {
      "style": "Header"
     }
    },
    {
     "id": "60f73d1be03e8119d9900c62",
     "text": {
      "text": "Objective",
      "style": "Header2",
      "marks": {

      }
     }
    },
    {
     "id": "60f73d1be03e8119d9900c64",
     "div": {

     }
    },
    {
     "id": "60f73d1be03e8119d9900c65",
     "text": {
      "style": "Marked",
      "marks": {

      }
     }
    },
    {
     "id": "60f73d25e03e8119d9900c76",
     "restrictions": {

     },
     "text": {
      "style": "Marked",
      "marks": {

      }
     }
    },
    {
     "id": "60f73d25e03e8119d9900c77",
     "restrictions": {

     },
     "text": {
      "style": "Marked",
      "marks": {

      }
     }
    },
    {
     "id": "60f73d1be03e8119d9900c66",
     "text": {
      "text": "What motivates me?",
      "style": "Header2",
      "marks": {

      }
     }
    },
    {
     "id": "60f73d1be03e8119d9900c68",
     "div": {

     }
    },
    {
     "id": "60f73d1be03e8119d9900c69",
     "text": {
      "style": "Numbered",
      "marks": {

      }
     }
    },
    {
     "id": "60f73d3de03e8119d9900c78",
     "restrictions": {

     },
     "text": {
      "style": "Numbered",
      "marks": {

      }
     }
    },
    {
     "id": "60f73d3de03e8119d9900c79",
     "restrictions": {

     },
     "text": {
      "style": "Numbered",
      "marks": {

      }
     }
    },
    {
     "id": "60f73d1be03e8119d9900c6b",
     "text": {
      "text": "How to achieve?",
      "style": "Header2",
      "marks": {

      }
     }
    },
    {
     "id": "60f73d1be03e8119d9900c6d",
     "div": {

     }
    },
    {
     "id": "60f73eb2e03e811ba6375364",
     "relation": {
      "key": "tasks"
     }
    },
    {
     "id": "60f73ebfe03e811ba6375366",
     "text": {
      "marks": {

      }
     }
    },
    {
     "id": "title",
     "fields": {
       "_detailsKey": [
          "name",
          "done"
         ]
      },
     "restrictions": {
      "remove": true,
      "drag": true,
      "dropOn": true
     },
     "text": {
      "style": "Title",
      "marks": {

      }
     }
    },
    {
     "id": "featuredRelations",
     "restrictions": {
      "remove": true,
      "drag": true,
      "dropOn": true
     },
     "featuredRelations": {

     }
    }
   ],
   "details": {
     "backlinks": [
       ],
     "createdDate": 1703249957,
     "creator": "_id_A8DMi22aG2JeS6SqxmXaBUJ6e8wMUq18HuXkXtKHNg1GaCcd",
     "description": "",
     "featuredRelations": [
        "type",
        "progress",
        "status",
        "dueDate"
       ],
     "id": "bafyreiayz4brqeodppk6mfulcnsqz7wx45uyy7tw7uxfdki7m74gxidoum",
     "lastModifiedBy": "_id_A8DMi22aG2JeS6SqxmXaBUJ6e8wMUq18HuXkXtKHNg1GaCcd",
     "lastModifiedDate": 1703249957,
     "layout": 2,
     "links": [
       ],
     "name": "Goal",
     "progress": 0,
     "restrictions": [
        7
       ],
     "snippet": "Objective\nWhat motivates me?\nHow to achieve?",
     "sourceObject": "bafykaaqq7hkfthnazdanaehf6kzcg4mimuafhekkqq6qb3qy4ipm7we2ja",
     "spaceId": "bafyreihufw6v4yalsf45xskfur2ahsdyb4nkucawuuh63q6elgamxzw3ni.22bhbjeon72hw",
     "targetObjectType": "bafyreiejwxnkvmtimy4rdez4vdizs42t3qfx5izhzwlznxgeu4jdjzeij4",
     "type": "bafyreifti3xtyh3qpjfcttdnxgt24pdllhogehlvafcpbqbrqrkrve56ou"
    },
   "objectTypes": [
    "ot-template",
    "ot-goal"
   ],
   "relationLinks": [
    {
     "key": "createdDate",
     "format": "date"
    },
    {
     "key": "creator",
     "format": "object"
    },
    {
     "key": "type",
     "format": "object"
    },
    {
     "key": "layout",
     "format": "number"
    },
    {
     "key": "targetObjectType",
     "format": "object"
    },
    {
     "key": "id",
     "format": "object"
    },
    {
     "key": "name",
     "format": "shorttext"
    },
    {
     "key": "description"
    },
    {
     "key": "iconEmoji",
     "format": "emoji"
    },
    {
     "key": "iconImage",
     "format": "file"
    },
    {
     "key": "layoutAlign",
     "format": "number"
    },
    {
     "key": "coverId",
     "format": "shorttext"
    },
    {
     "key": "coverScale",
     "format": "number"
    },
    {
     "key": "coverType",
     "format": "number"
    },
    {
     "key": "coverX",
     "format": "number"
    },
    {
     "key": "coverY",
     "format": "number"
    },
    {
     "key": "lastModifiedDate",
     "format": "date"
    },
    {
     "key": "lastModifiedBy",
     "format": "object"
    },
    {
     "key": "lastOpenedDate",
     "format": "date"
    },
    {
     "key": "featuredRelations",
     "format": "object"
    },
    {
     "key": "isHidden",
     "format": "checkbox"
    },
    {
     "key": "isArchived",
     "format": "checkbox"
    },
    {
     "key": "progress",
     "format": "number"
    },
    {
     "key": "dueDate",
     "format": "date"
    },
    {
     "key": "status",
     "format": "status"
    },
    {
     "key": "tasks",
     "format": "object"
    },
    {
     "key": "backlinks",
     "format": "object"
    },
    {
     "key": "snippet"
    },
    {
     "key": "spaceId",
     "format": "object"
    },
    {
     "key": "isReadonly",
     "format": "checkbox"
    },
    {
     "key": "links",
     "format": "object"
    },
    {
     "key": "restrictions",
     "format": "number"
    },
    {
     "key": "templateIsBundled",
     "format": "checkbox"
    },
    {
     "key": "sourceObject",
     "format": "object"
    },
    {
     "key": "isFavorite",
     "format": "checkbox"
    },
    {
     "key": "workspaceId",
     "format": "object"
    },
    {
     "key": "internalFlags",
     "format": "number"
    },
    {
     "key": "done",
     "format": "checkbox"
    }
   ]
  }
 }
}