{
 "sbType": "STType",
 "snapshot": {
  "data": {
   "blocks": [
    {
     "id": "bafyreiaqsejfck2xul4iv42btrdh6f3ibshhlehypxbot64xuxy5e4uwdu",
     "restrictions": {

     },
     "childrenIds": [
      "header"
     ],
     "smartblock": {

     }
    },
    {
     "id": "header",
     "restrictions": {
      "edit": true,
      "remove": true,
      "drag": true,
      "dropOn": true
     },
     "childrenIds": [
      "title",
      "description",
      "featuredRelations"
     ],
     "layout": {
      "style": "Header"
     }
    },
    {
     "id": "title",
     "fields": {
       "_detailsKey": [
          "name",
          "done"
         ]
      },
     "restrictions": {
      "remove": true,
      "drag": true,
      "dropOn": true
     },
     "text": {
      "style": "Title",
      "marks": {

      }
     }
    },
    {
     "id": "description",
     "fields": {
       "_detailsKey": "description"
      },
     "restrictions": {
      "remove": true,
      "drag": true,
      "dropOn": true
     },
     "text": {
      "style": "Description",
      "marks": {

      }
     }
    },
    {
     "id": "featuredRelations",
     "restrictions": {
      "remove": true,
      "drag": true,
      "dropOn": true
     },
     "featuredRelations": {

     }
    }
   ],
   "details": {
     "backlinks": [
       ],
     "createdDate": 1701276508,
     "creator": "_id_A8DMi22aG2JeS6SqxmXaBUJ6e8wMUq18HuXkXtKHNg1GaCcd",
     "defaultTemplateId": "bafyreid7mfjuia4uj2xor2ygtg7brmpobmmouqt5cs6xbobos4gap6kf44",
     "description": "An individual or collaborative enterprise that is carefully planned to achieve a particular aim",
     "featuredRelations": [
        "description",
        "type"
       ],
     "iconEmoji": "🔨",
     "id": "bafyreiaqsejfck2xul4iv42btrdh6f3ibshhlehypxbot64xuxy5e4uwdu",
     "internalFlags": [
       ],
     "isHidden": false,
     "lastModifiedBy": "_id_A8DMi22aG2JeS6SqxmXaBUJ6e8wMUq18HuXkXtKHNg1GaCcd",
     "lastModifiedDate": 1703246167,
     "layout": 4,
     "links": [
       ],
     "name": "Project",
     "origin": 7,
     "recommendedLayout": 0,
     "recommendedRelations": [
        "bafyreifts7zrvd6ygmk24h57tm6jbwa2vras3raqwhb3rygwwiqp5rgfoe",
        "bafyreifa5afkksy7uzybqvie4mzzvn3c6zz4wm6eryghofwz23pumdnduy",
        "bafyreifcthal4ra6znaxvcn26fzynwrz55ec3l322d3ixcsnmff3vxl7ty",
        "bafyreidmeby5uurzilcqo6zk5uhuvlxwyb5t3xa4ve5ws22sqq5kfrfbq4",
        "bafyreig4t32lpv272aeap6ovwsasllfzzfjm2v34ysqfhqektbljlkweam",
        "bafyreid76zwx3htasd2cgb3bidr2tedy5mpfhxjr2vhbku5slho3jme7ty",
        "bafyreicopzeiskcu6gcs7hprex2woaqacuw33fvh3bhuto5lxfwec5hote",
        "bafyreid6i5ezga3ntboxh5lslkhl45m4odaxhznwua2tsqduqfduktffou"
       ],
     "restrictions": [
       ],
     "smartblockTypes": [
        16
       ],
     "snippet": "",
     "sourceObject": "_otproject",
     "spaceId": "bafyreihufw6v4yalsf45xskfur2ahsdyb4nkucawuuh63q6elgamxzw3ni.22bhbjeon72hw",
     "type": "bafyreidw36e2v5xgpnctsiqvmji27ja4uva6enmtbdoc5u6uuwzsfhd77m",
     "uniqueKey": "ot-project"
    },
   "objectTypes": [
    "ot-objectType"
   ],
   "relationLinks": [
    {
     "key": "spaceId",
     "format": "object"
    },
    {
     "key": "links",
     "format": "object"
    },
    {
     "key": "id",
     "format": "object"
    },
    {
     "key": "isReadonly",
     "format": "checkbox"
    },
    {
     "key": "isArchived",
     "format": "checkbox"
    },
    {
     "key": "creator",
     "format": "object"
    },
    {
     "key": "uniqueKey"
    },
    {
     "key": "lastModifiedDate",
     "format": "date"
    },
    {
     "key": "internalFlags",
     "format": "number"
    },
    {
     "key": "isHidden",
     "format": "checkbox"
    },
    {
     "key": "createdDate",
     "format": "date"
    },
    {
     "key": "type",
     "format": "object"
    },
    {
     "key": "name",
     "format": "shorttext"
    },
    {
     "key": "description"
    },
    {
     "key": "lastModifiedBy",
     "format": "object"
    },
    {
     "key": "layout",
     "format": "number"
    },
    {
     "key": "restrictions",
     "format": "number"
    },
    {
     "key": "recommendedRelations",
     "format": "object"
    },
    {
     "key": "sourceObject",
     "format": "object"
    },
    {
     "key": "origin",
     "format": "number"
    },
    {
     "key": "smartblockTypes",
     "format": "number"
    },
    {
     "key": "iconEmoji",
     "format": "emoji"
    },
    {
     "key": "recommendedLayout",
     "format": "number"
    },
    {
     "key": "backlinks",
     "format": "object"
    },
    {
     "key": "snippet"
    },
    {
     "key": "iconImage",
     "format": "file"
    },
    {
     "key": "layoutAlign",
     "format": "number"
    },
    {
     "key": "coverId"
    },
    {
     "key": "coverScale",
     "format": "number"
    },
    {
     "key": "coverType",
     "format": "number"
    },
    {
     "key": "coverX",
     "format": "number"
    },
    {
     "key": "coverY",
     "format": "number"
    },
    {
     "key": "lastOpenedDate",
     "format": "date"
    },
    {
     "key": "featuredRelations",
     "format": "object"
    },
    {
     "key": "isFavorite",
     "format": "checkbox"
    },
    {
     "key": "workspaceId",
     "format": "object"
    },
    {
     "key": "defaultTemplateId",
     "format": "object"
    }
   ],
   "key": "project"
  }
 }
}