{
 "sbType": "Page",
 "snapshot": {
  "data": {
   "blocks": [
    {
     "id": "bafyreico2szadaxeuz7rzzwfansf4keg3ztccuio5yx3tsvfzdnudo4egu",
     "restrictions": {

     },
     "childrenIds": [
      "header",
      "65858c09af24c113579c920a",
      "65859c17f7b0c72fa87924b5"
     ],
     "smartblock": {

     }
    },
    {
     "id": "header",
     "restrictions": {
      "edit": true,
      "remove": true,
      "drag": true,
      "dropOn": true
     },
     "childrenIds": [
      "title",
      "description",
      "featuredRelations"
     ],
     "layout": {
      "style": "Header"
     }
    },
    {
     "id": "65858c09af24c113579c920a",
     "fields": {
      },
     "restrictions": {

     },
     "childrenIds": [
      "65858c09af24c113579c920b",
      "65858c09af24c113579c920c"
     ],
     "layout": {

     }
    },
    {
     "id": "65859c17f7b0c72fa87924b5",
     "restrictions": {

     },
     "text": {
      "marks": {

      }
     }
    },
    {
     "id": "title",
     "fields": {
       "_detailsKey": [
          "name",
          "done"
         ]
      },
     "restrictions": {
      "remove": true,
      "drag": true,
      "dropOn": true
     },
     "text": {
      "style": "Title",
      "marks": {

      }
     }
    },
    {
     "id": "description",
     "fields": {
       "_detailsKey": "description"
      },
     "restrictions": {
      "remove": true,
      "drag": true,
      "dropOn": true
     },
     "text": {
      "style": "Description",
      "marks": {

      }
     }
    },
    {
     "id": "featuredRelations",
     "restrictions": {
      "remove": true,
      "drag": true,
      "dropOn": true
     },
     "featuredRelations": {

     }
    },
    {
     "id": "65858c09af24c113579c920b",
     "fields": {
      },
     "childrenIds": [
      "65858c09af24c113579c920d",
      "65858c09af24c113579c920e",
      "65858c09af24c113579c920f",
      "65858c09af24c113579c9210",
      "65858c09af24c113579c9211"
     ],
     "layout": {
      "style": "Column"
     }
    },
    {
     "id": "65858c09af24c113579c920c",
     "fields": {
      },
     "childrenIds": [
      "65858c09af24c113579c9212",
      "65858c09af24c113579c9213",
      "65858c09af24c113579c9214",
      "65858c09af24c113579c9215"
     ],
     "layout": {
      "style": "Column"
     }
    },
    {
     "id": "65858c09af24c113579c920d",
     "fields": {
       "cardStyle": 0,
       "description": 0,
       "iconSize": 1,
       "relations": [
         ]
      },
     "link": {
      "targetBlockId": "bafyreif2dc2uzn3gs2j43hw25id6rsyn34jsxxkt3cktskmvunze7jsb7a",
      "iconSize": "SizeMedium",
      "cardStyle": "Card",
      "relations": [
       "type"
      ]
     }
    },
    {
     "id": "65858c09af24c113579c920e",
     "fields": {
       "cardStyle": 0,
       "description": 0,
       "iconSize": 1,
       "relations": [
         ]
      },
     "link": {
      "targetBlockId": "bafyreicr3cgx3gi4bsto6kemxa3hbf4b77y4ixaoh4ccjpnf5hyl6doena",
      "iconSize": "SizeMedium",
      "cardStyle": "Card",
      "relations": [
       "type"
      ]
     }
    },
    {
     "id": "65858c09af24c113579c920f",
     "fields": {
       "cardStyle": 0,
       "description": 0,
       "iconSize": 1,
       "relations": [
         ]
      },
     "link": {
      "targetBlockId": "bafyreic6udziph6jwy2fwrntjeabllhtpvewjepwyl3stg2ezt5ixldiy4",
      "iconSize": "SizeMedium",
      "cardStyle": "Card",
      "relations": [
       "type"
      ]
     }
    },
    {
     "id": "65858c09af24c113579c9210",
     "fields": {
       "cardStyle": 0,
       "description": 0,
       "iconSize": 1,
       "relations": [
         ]
      },
     "link": {
      "targetBlockId": "bafyreielnirj77tz5lfgj7tew5vfjwil4zs4jraflpfdpekqw5e5zjyv7i",
      "iconSize": "SizeMedium",
      "cardStyle": "Card",
      "relations": [
       "type"
      ]
     }
    },
    {
     "id": "65858c09af24c113579c9211",
     "fields": {
       "cardStyle": 0,
       "description": 0,
       "iconSize": 1,
       "relations": [
         ]
      },
     "link": {
      "targetBlockId": "bafyreifjta7oyxth2544rfh3ylwh6vgtokbxc4eczazsie7oo2qx4aklg4",
      "iconSize": "SizeMedium",
      "cardStyle": "Card",
      "relations": [
       "type"
      ]
     }
    },
    {
     "id": "65858c09af24c113579c9212",
     "fields": {
       "cardStyle": 0,
       "description": 0,
       "iconSize": 1,
       "relations": [
         ]
      },
     "link": {
      "targetBlockId": "bafyreic3oavsgbjm7s2idut3sjap6skubrdhlgauvst3heynkwdapfix4q",
      "iconSize": "SizeMedium",
      "cardStyle": "Card",
      "relations": [
       "type"
      ]
     }
    },
    {
     "id": "65858c09af24c113579c9213",
     "fields": {
       "cardStyle": 0,
       "description": 0,
       "iconSize": 1,
       "relations": [
         ]
      },
     "link": {
      "targetBlockId": "bafyreiem4spa4cz3w3cffv6qp7jbgzd3dbpn5dbghsxbtacrka3w3poci4",
      "iconSize": "SizeMedium",
      "cardStyle": "Card",
      "relations": [
       "type"
      ]
     }
    },
    {
     "id": "65858c09af24c113579c9214",
     "fields": {
       "cardStyle": 0,
       "description": 0,
       "iconSize": 1,
       "relations": [
         ]
      },
     "link": {
      "targetBlockId": "bafyreiazyqkiqxez7pes343gay2ejio6skb7smz2mcybdywuscjth4jucu",
      "iconSize": "SizeMedium",
      "cardStyle": "Card",
      "relations": [
       "type"
      ]
     }
    },
    {
     "id": "65858c09af24c113579c9215",
     "fields": {
       "cardStyle": 0,
       "description": 0,
       "iconSize": 1,
       "relations": [
         ]
      },
     "link": {
      "targetBlockId": "bafyreiflhj5duuttfqouagp5q6hhnrcathqnwmue4adpxa65w3rkicndaa",
      "iconSize": "SizeMedium",
      "cardStyle": "Card",
      "relations": [
       "type"
      ]
     }
    }
   ],
   "details": {
     "backlinks": [
       ],
     "createdDate": 1703250915,
     "creator": "_id_A8DMi22aG2JeS6SqxmXaBUJ6e8wMUq18HuXkXtKHNg1GaCcd",
     "description": "",
     "featuredRelations": [
        "type",
        "description"
       ],
     "iconEmoji": "",
     "iconImage": "bafybeich3gfgmemmvq6k74wfnneup74bcrb7d3ldhxtiev2fdmsru24ifu",
     "id": "bafyreico2szadaxeuz7rzzwfansf4keg3ztccuio5yx3tsvfzdnudo4egu",
     "lastModifiedBy": "_id_A8DMi22aG2JeS6SqxmXaBUJ6e8wMUq18HuXkXtKHNg1GaCcd",
     "lastModifiedDate": 1703255063,
     "lastOpenedDate": 1703256437,
     "layout": 0,
     "links": [
        "bafyreif2dc2uzn3gs2j43hw25id6rsyn34jsxxkt3cktskmvunze7jsb7a",
        "bafyreicr3cgx3gi4bsto6kemxa3hbf4b77y4ixaoh4ccjpnf5hyl6doena",
        "bafyreic6udziph6jwy2fwrntjeabllhtpvewjepwyl3stg2ezt5ixldiy4",
        "bafyreielnirj77tz5lfgj7tew5vfjwil4zs4jraflpfdpekqw5e5zjyv7i",
        "bafyreifjta7oyxth2544rfh3ylwh6vgtokbxc4eczazsie7oo2qx4aklg4",
        "bafyreic3oavsgbjm7s2idut3sjap6skubrdhlgauvst3heynkwdapfix4q",
        "bafyreiem4spa4cz3w3cffv6qp7jbgzd3dbpn5dbghsxbtacrka3w3poci4",
        "bafyreiazyqkiqxez7pes343gay2ejio6skb7smz2mcybdywuscjth4jucu",
        "bafyreiflhj5duuttfqouagp5q6hhnrcathqnwmue4adpxa65w3rkicndaa"
       ],
     "name": "Homepage",
     "restrictions": [
       ],
     "snippet": "",
     "sourceObject": "bafyreifyrty4rztf7of7gv6ht4hcmoxx2nstzwtaszkwsre6zzuue545ee",
     "spaceId": "bafyreihufw6v4yalsf45xskfur2ahsdyb4nkucawuuh63q6elgamxzw3ni.22bhbjeon72hw",
     "type": "bafyreihve2vzifxaeb6hy77tzfnmlko5n5zalf7opwy533wlefsuqgwtx4"
    },
   "objectTypes": [
    "ot-page"
   ],
   "relationLinks": [
    {
     "key": "id",
     "format": "object"
    },
    {
     "key": "name",
     "format": "shorttext"
    },
    {
     "key": "description"
    },
    {
     "key": "snippet"
    },
    {
     "key": "iconEmoji",
     "format": "emoji"
    },
    {
     "key": "iconImage",
     "format": "file"
    },
    {
     "key": "type",
     "format": "object"
    },
    {
     "key": "layout",
     "format": "number"
    },
    {
     "key": "layoutAlign",
     "format": "number"
    },
    {
     "key": "coverId"
    },
    {
     "key": "coverScale",
     "format": "number"
    },
    {
     "key": "coverType",
     "format": "number"
    },
    {
     "key": "coverX",
     "format": "number"
    },
    {
     "key": "coverY",
     "format": "number"
    },
    {
     "key": "createdDate",
     "format": "date"
    },
    {
     "key": "creator",
     "format": "object"
    },
    {
     "key": "lastModifiedDate",
     "format": "date"
    },
    {
     "key": "lastModifiedBy",
     "format": "object"
    },
    {
     "key": "lastOpenedDate",
     "format": "date"
    },
    {
     "key": "featuredRelations",
     "format": "object"
    },
    {
     "key": "isFavorite",
     "format": "checkbox"
    },
    {
     "key": "workspaceId",
     "format": "object"
    },
    {
     "key": "spaceId",
     "format": "object"
    },
    {
     "key": "links",
     "format": "object"
    },
    {
     "key": "internalFlags",
     "format": "number"
    },
    {
     "key": "restrictions",
     "format": "number"
    },
    {
     "key": "targetObjectType",
     "format": "object"
    },
    {
     "key": "backlinks",
     "format": "object"
    },
    {
     "key": "sourceObject",
     "format": "object"
    }
   ]
  },
  "fileKeys": [
   {
    "hash": "bafybeich3gfgmemmvq6k74wfnneup74bcrb7d3ldhxtiev2fdmsru24ifu",
    "keys": {
     "/0/exif/": "bsnloh5rcz3hlbasdl3blvjj3kixsvqeyceohnhgyztashjahjk2q",
     "/0/large/": "bcjqvfp6xlhnjyb3fia7apin5dnfobis2vtqbyrh2f3ksr3s7xuoa",
     "/0/original/": "bcjqvfp6xlhnjyb3fia7apin5dnfobis2vtqbyrh2f3ksr3s7xuoa",
     "/0/small/": "bcjqvfp6xlhnjyb3fia7apin5dnfobis2vtqbyrh2f3ksr3s7xuoa",
     "/0/thumb/": "bcjqvfp6xlhnjyb3fia7apin5dnfobis2vtqbyrh2f3ksr3s7xuoa"
    }
   }
  ]
 }
}