{
 "sbType": "Page",
 "snapshot": {
  "data": {
   "blocks": [
    {
     "id": "bafyreifjta7oyxth2544rfh3ylwh6vgtokbxc4eczazsie7oo2qx4aklg4",
     "restrictions": {

     },
     "childrenIds": [
      "header",
      "dataview"
     ],
     "smartblock": {

     }
    },
    {
     "id": "header",
     "restrictions": {
      "edit": true,
      "remove": true,
      "drag": true,
      "dropOn": true
     },
     "childrenIds": [
      "title",
      "description",
      "featuredRelations"
     ],
     "layout": {
      "style": "Header"
     }
    },
    {
     "id": "dataview",
     "dataview": {
      "views": [
       {
        "id": "65850431af24c10bcdd59f1e",
        "name": "Types",
        "sorts": [
         {
          "id": "65850431af24c10bcdd59f1f",
          "RelationKey": "lastModifiedDate",
          "type": "Desc"
         }
        ],
        "filters": [
         {
          "id": "65858677af24c113579c91d0",
          "RelationKey": "type",
          "condition": "NotIn",
          "value": [
             "bafyreidvmjrghttx3gedq6cg3i4hqlzn3dvy7pxawxyld7jjn36vuzeb4e",
             "bafyreig7fpvx5vbcuzj33a5qvtonrxmxv5u52utfovmeicczlhpvcvsqym",
             "bafyreih3qqyyfzvcrqtw3g4rf3yyvjidcstqhb2ydp26jn3thgqipag7by",
             "bafyreiavidvulwml5jqy3shpn3ha7m5tenmh4m3lypujo3rmy33hghb4pe"
            ]
         }
        ],
        "relations": [
         {
          "key": "name",
          "isVisible": true
         },
         {
          "key": "description"
         },
         {
          "key": "type"
         },
         {
          "key": "createdDate"
         },
         {
          "key": "lastModifiedDate"
         },
         {
          "key": "lastModifiedBy"
         },
         {
          "key": "lastOpenedDate"
         },
         {
          "key": "tag"
         }
        ]
       },
       {
        "id": "2fe79ae3-6f46-4264-96a8-0be88863a4f3",
        "name": "Files",
        "sorts": [
         {
          "id": "65850431af24c10bcdd59f1f",
          "RelationKey": "lastModifiedDate",
          "type": "Desc"
         }
        ],
        "filters": [
         {
          "id": "65858677af24c113579c91d0",
          "RelationKey": "type",
          "condition": "In",
          "value": [
             "bafyreidvmjrghttx3gedq6cg3i4hqlzn3dvy7pxawxyld7jjn36vuzeb4e",
             "bafyreig7fpvx5vbcuzj33a5qvtonrxmxv5u52utfovmeicczlhpvcvsqym",
             "bafyreih3qqyyfzvcrqtw3g4rf3yyvjidcstqhb2ydp26jn3thgqipag7by",
             "bafyreiavidvulwml5jqy3shpn3ha7m5tenmh4m3lypujo3rmy33hghb4pe"
            ]
         }
        ],
        "relations": [
         {
          "key": "name",
          "isVisible": true,
          "width": 500
         },
         {
          "key": "description",
          "width": 192
         },
         {
          "key": "type",
          "width": 192
         },
         {
          "key": "createdDate",
          "width": 192
         },
         {
          "key": "lastModifiedDate",
          "width": 192
         },
         {
          "key": "lastModifiedBy",
          "width": 192
         },
         {
          "key": "lastOpenedDate",
          "width": 192
         },
         {
          "key": "tag",
          "width": 192
         }
        ]
       }
      ],
      "relationLinks": [
       {
        "key": "name",
        "format": "shorttext"
       },
       {
        "key": "description"
       },
       {
        "key": "type",
        "format": "object"
       },
       {
        "key": "createdDate",
        "format": "date"
       },
       {
        "key": "lastModifiedDate",
        "format": "date"
       },
       {
        "key": "lastModifiedBy",
        "format": "object"
       },
       {
        "key": "lastOpenedDate",
        "format": "date"
       },
       {
        "key": "tag",
        "format": "tag"
       }
      ]
     }
    },
    {
     "id": "title",
     "fields": {
       "_detailsKey": [
          "name",
          "done"
         ]
      },
     "restrictions": {
      "remove": true,
      "drag": true,
      "dropOn": true
     },
     "text": {
      "style": "Title",
      "marks": {

      }
     }
    },
    {
     "id": "description",
     "fields": {
       "_detailsKey": "description"
      },
     "restrictions": {
      "remove": true,
      "drag": true,
      "dropOn": true
     },
     "text": {
      "style": "Description",
      "marks": {

      }
     }
    },
    {
     "id": "featuredRelations",
     "restrictions": {
      "remove": true,
      "drag": true,
      "dropOn": true
     },
     "featuredRelations": {

     }
    }
   ],
   "details": {
     "backlinks": [
        "bafyreibzjzsmtsphmtq3giatnrutzunpdda476ik3jm5klw7gpuzrxugee",
        "bafyreico2szadaxeuz7rzzwfansf4keg3ztccuio5yx3tsvfzdnudo4egu"
       ],
     "createdDate": 1703216177,
     "creator": "_id_A8DMi22aG2JeS6SqxmXaBUJ6e8wMUq18HuXkXtKHNg1GaCcd",
     "description": "To query everything in your space (types or files -\u003e Image, audio, video etc)",
     "featuredRelations": [
        "description",
        "type",
        "setOf"
       ],
     "iconEmoji": "",
     "iconImage": "bafybeia4ou6k6n3kzjbi2a3zgwdktgqof4c7tf3aygyjoif7yvoc5j3kgq",
     "id": "bafyreifjta7oyxth2544rfh3ylwh6vgtokbxc4eczazsie7oo2qx4aklg4",
     "lastModifiedBy": "_id_A8DMi22aG2JeS6SqxmXaBUJ6e8wMUq18HuXkXtKHNg1GaCcd",
     "lastModifiedDate": 1703255100,
     "lastOpenedDate": 1703255066,
     "layout": 3,
     "links": [
       ],
     "name": "All my objects (to query all files)",
     "restrictions": [
        3,
        6,
        5,
        7
       ],
     "setOf": [
        "bafyreicrvhed6ithqngwli7bhvsagqjznrkcksym2m46mqd4cgsuoqpg54"
       ],
     "snippet": "",
     "spaceId": "bafyreihufw6v4yalsf45xskfur2ahsdyb4nkucawuuh63q6elgamxzw3ni.22bhbjeon72hw",
     "type": "bafyreihdczqk5hfpd4paki6puktkzqu3eoyve5mwo7m2ly6dyoj6paccvu"
    },
   "objectTypes": [
    "ot-set"
   ],
   "relationLinks": [
    {
     "key": "id",
     "format": "object"
    },
    {
     "key": "name",
     "format": "shorttext"
    },
    {
     "key": "description"
    },
    {
     "key": "snippet"
    },
    {
     "key": "iconEmoji",
     "format": "emoji"
    },
    {
     "key": "iconImage",
     "format": "file"
    },
    {
     "key": "type",
     "format": "object"
    },
    {
     "key": "layout",
     "format": "number"
    },
    {
     "key": "layoutAlign",
     "format": "number"
    },
    {
     "key": "coverId"
    },
    {
     "key": "coverScale",
     "format": "number"
    },
    {
     "key": "coverType",
     "format": "number"
    },
    {
     "key": "coverX",
     "format": "number"
    },
    {
     "key": "coverY",
     "format": "number"
    },
    {
     "key": "createdDate",
     "format": "date"
    },
    {
     "key": "creator",
     "format": "object"
    },
    {
     "key": "lastModifiedDate",
     "format": "date"
    },
    {
     "key": "lastModifiedBy",
     "format": "object"
    },
    {
     "key": "lastOpenedDate",
     "format": "date"
    },
    {
     "key": "featuredRelations",
     "format": "object"
    },
    {
     "key": "isFavorite",
     "format": "checkbox"
    },
    {
     "key": "workspaceId",
     "format": "object"
    },
    {
     "key": "spaceId",
     "format": "object"
    },
    {
     "key": "links",
     "format": "object"
    },
    {
     "key": "internalFlags",
     "format": "number"
    },
    {
     "key": "restrictions",
     "format": "number"
    },
    {
     "key": "backlinks",
     "format": "object"
    },
    {
     "key": "setOf",
     "format": "object"
    }
   ]
  },
  "fileKeys": [
   {
    "hash": "bafybeigxou7s67jg5ilkptt2lhnrxa5e7ndaxhxjt5gkgunztmflitcyiy",
    "keys": {
     "/0/exif/": "bn3o672fb3jm6mr62mpd5jg2jompqhvdsa44fr2pwhszymotjqwsa",
     "/0/large/": "b6czqxie5dpxq7amqgz67i63tdblfhz5zzz6ycjbex5ssk2lvjaaq",
     "/0/original/": "b6czqxie5dpxq7amqgz67i63tdblfhz5zzz6ycjbex5ssk2lvjaaq",
     "/0/small/": "b6czqxie5dpxq7amqgz67i63tdblfhz5zzz6ycjbex5ssk2lvjaaq",
     "/0/thumb/": "b6czqxie5dpxq7amqgz67i63tdblfhz5zzz6ycjbex5ssk2lvjaaq"
    }
   },
   {
    "hash": "bafybeia4ou6k6n3kzjbi2a3zgwdktgqof4c7tf3aygyjoif7yvoc5j3kgq",
    "keys": {
     "/0/exif/": "bwjcoyo2y2df4uouw3s6rkzxn6mb5hhbqpualzhocbnyzoj5vkhna",
     "/0/large/": "bbh7gkgyyvckukpajtpqi3zn6yrrhsgacavzno4mdbydj6cnaqniq",
     "/0/original/": "bbh7gkgyyvckukpajtpqi3zn6yrrhsgacavzno4mdbydj6cnaqniq",
     "/0/small/": "bbh7gkgyyvckukpajtpqi3zn6yrrhsgacavzno4mdbydj6cnaqniq",
     "/0/thumb/": "bbh7gkgyyvckukpajtpqi3zn6yrrhsgacavzno4mdbydj6cnaqniq"
    }
   }
  ]
 }
}