{
 "sbType": "Workspace",
 "snapshot": {
  "data": {
   "blocks": [
    {
     "id": "bafyreidzdtfzfvzumk7h3v2cz626okbjgasv6nvywt3vr3unr4p5l7n5vq",
     "restrictions": {

     },
     "childrenIds": [
      "header"
     ],
     "smartblock": {

     }
    },
    {
     "id": "header",
     "restrictions": {
      "edit": true,
      "remove": true,
      "drag": true,
      "dropOn": true
     },
     "childrenIds": [
      "title",
      "featuredRelations"
     ],
     "layout": {
      "style": "Header"
     }
    },
    {
     "id": "title",
     "fields": {
       "_detailsKey": [
          "name",
          "done"
         ]
      },
     "restrictions": {
      "remove": true,
      "drag": true,
      "dropOn": true
     },
     "text": {
      "style": "Title",
      "marks": {

      }
     }
    },
    {
     "id": "featuredRelations",
     "restrictions": {
      "remove": true,
      "drag": true,
      "dropOn": true
     },
     "featuredRelations": {

     }
    }
   ],
   "details": {
     "backlinks": [
       ],
     "createdDate": 1703215892,
     "creator": "_id_A8DMi22aG2JeS6SqxmXaBUJ6e8wMUq18HuXkXtKHNg1GaCcd",
     "featuredRelations": [
        "type",
        "creator"
       ],
     "iconOption": 8,
     "id": "bafyreidzdtfzfvzumk7h3v2cz626okbjgasv6nvywt3vr3unr4p5l7n5vq",
     "isHidden": true,
     "lastModifiedBy": "_id_A8DMi22aG2JeS6SqxmXaBUJ6e8wMUq18HuXkXtKHNg1GaCcd",
     "lastModifiedDate": 1703250951,
     "layout": 10,
     "links": [
       ],
     "name": "Zen system v0.1",
     "restrictions": [
        3,
        2,
        1,
        6,
        5,
        7,
        8
       ],
     "snippet": "",
     "spaceAccessibility": 0,
     "spaceDashboardId": "bafyreico2szadaxeuz7rzzwfansf4keg3ztccuio5yx3tsvfzdnudo4egu",
     "spaceId": "bafyreihufw6v4yalsf45xskfur2ahsdyb4nkucawuuh63q6elgamxzw3ni.22bhbjeon72hw",
     "type": "bafyreiew6qhuhb7lekpuulopvsmtlmgefu55xpxuzamtaz46edrxtv5dh4"
    },
   "objectTypes": [
    "ot-space"
   ],
   "collections": {
     "settings": {
        "analyticsID": "ea29b16c-c2ce-4512-adc4-5fec0d82a1f4"
       }
    },
   "relationLinks": [
    {
     "key": "backlinks",
     "format": "object"
    },
    {
     "key": "createdDate",
     "format": "date"
    },
    {
     "key": "id",
     "format": "object"
    },
    {
     "key": "spaceId",
     "format": "object"
    },
    {
     "key": "snippet"
    },
    {
     "key": "isHidden",
     "format": "checkbox"
    },
    {
     "key": "spaceAccessibility",
     "format": "number"
    },
    {
     "key": "layout",
     "format": "number"
    },
    {
     "key": "featuredRelations",
     "format": "object"
    },
    {
     "key": "type",
     "format": "object"
    },
    {
     "key": "iconOption",
     "format": "number"
    },
    {
     "key": "name",
     "format": "shorttext"
    },
    {
     "key": "spaceDashboardId",
     "format": "object"
    },
    {
     "key": "creator",
     "format": "object"
    },
    {
     "key": "lastModifiedDate",
     "format": "date"
    },
    {
     "key": "lastModifiedBy",
     "format": "object"
    },
    {
     "key": "links",
     "format": "object"
    },
    {
     "key": "restrictions",
     "format": "number"
    }
   ]
  }
 }
}