{
 "sbType": "Page",
 "snapshot": {
  "data": {
   "blocks": [
    {
     "id": "bafyreicr3cgx3gi4bsto6kemxa3hbf4b77y4ixaoh4ccjpnf5hyl6doena",
     "restrictions": {

     },
     "childrenIds": [
      "header",
      "dataview"
     ],
     "smartblock": {

     }
    },
    {
     "id": "header",
     "restrictions": {
      "edit": true,
      "remove": true,
      "drag": true,
      "dropOn": true
     },
     "childrenIds": [
      "title",
      "description",
      "featuredRelations"
     ],
     "layout": {
      "style": "Header"
     }
    },
    {
     "id": "dataview",
     "dataview": {
      "views": [
       {
        "id": "658503e6af24c10bcdd59f06",
        "name": "Active",
        "sorts": [
         {
          "id": "658503e6af24c10bcdd59f07",
          "RelationKey": "dueDate"
         }
        ],
        "filters": [
         {
          "id": "65857ea0af24c113579c919d",
          "RelationKey": "dueDate",
          "condition": "NotEmpty",
          "value": null
         },
         {
          "id": "65857eb3af24c113579c919e",
          "RelationKey": "65857d2caf24c113579c918b",
          "condition": "Equal",
          "value": false
         }
        ],
        "relations": [
         {
          "key": "name",
          "isVisible": true,
          "width": 247
         },
         {
          "key": "dueDate",
          "isVisible": true,
          "width": 192
         },
         {
          "key": "65857d72af24c113579c918c",
          "isVisible": true,
          "width": 120
         },
         {
          "key": "65857dd2af24c113579c9191",
          "isVisible": true,
          "width": 249
         },
         {
          "key": "linkedProjects",
          "isVisible": true,
          "width": 192
         },
         {
          "key": "65857d05af24c113579c918a",
          "isVisible": true,
          "width": 192
         },
         {
          "key": "65857d2caf24c113579c918b",
          "isVisible": true,
          "width": 192
         }
        ],
        "defaultTemplateId": "bafyreidxms4b2lvsrbmlhhocwt3kdkp5ritsaoli3mqqaqcse7kmm2f5eu"
       },
       {
        "id": "d3d47e36-31e1-475a-a1e0-c81882b711a0",
        "name": "Backlog",
        "sorts": [
         {
          "id": "658503e6af24c10bcdd59f07",
          "RelationKey": "65857d72af24c113579c918c"
         }
        ],
        "filters": [
         {
          "id": "65857ea0af24c113579c919d",
          "RelationKey": "dueDate",
          "condition": "Empty",
          "value": null
         },
         {
          "id": "65857eb3af24c113579c919e",
          "RelationKey": "65857d2caf24c113579c918b",
          "condition": "Equal",
          "value": false
         }
        ],
        "relations": [
         {
          "key": "name",
          "isVisible": true,
          "width": 246
         },
         {
          "key": "dueDate",
          "isVisible": true,
          "width": 192
         },
         {
          "key": "65857d72af24c113579c918c",
          "isVisible": true,
          "width": 120
         },
         {
          "key": "65857dd2af24c113579c9191",
          "isVisible": true,
          "width": 249
         },
         {
          "key": "linkedProjects",
          "isVisible": true,
          "width": 192
         },
         {
          "key": "65857d05af24c113579c918a",
          "isVisible": true,
          "width": 192
         },
         {
          "key": "65857d2caf24c113579c918b",
          "isVisible": true,
          "width": 192
         },
         {
          "key": "description",
          "width": 192
         },
         {
          "key": "type",
          "width": 192
         },
         {
          "key": "createdDate",
          "width": 192
         },
         {
          "key": "lastModifiedDate",
          "width": 192
         },
         {
          "key": "lastModifiedBy",
          "width": 192
         },
         {
          "key": "lastOpenedDate",
          "width": 192
         },
         {
          "key": "tag",
          "width": 192
         }
        ],
        "defaultTemplateId": "bafyreidxms4b2lvsrbmlhhocwt3kdkp5ritsaoli3mqqaqcse7kmm2f5eu"
       },
       {
        "id": "8194a0f8-6562-461b-b11e-25d82c697a35",
        "name": "Completed",
        "sorts": [
         {
          "id": "658503e6af24c10bcdd59f07",
          "RelationKey": "lastModifiedDate",
          "type": "Desc"
         }
        ],
        "filters": [
         {
          "id": "65857eb3af24c113579c919e",
          "RelationKey": "65857d2caf24c113579c918b",
          "condition": "Equal",
          "value": true
         }
        ],
        "relations": [
         {
          "key": "name",
          "isVisible": true,
          "width": 246
         },
         {
          "key": "dueDate",
          "isVisible": true,
          "width": 192
         },
         {
          "key": "65857d72af24c113579c918c",
          "isVisible": true,
          "width": 120
         },
         {
          "key": "65857dd2af24c113579c9191",
          "isVisible": true,
          "width": 249
         },
         {
          "key": "linkedProjects",
          "isVisible": true,
          "width": 192
         },
         {
          "key": "65857d05af24c113579c918a",
          "isVisible": true,
          "width": 192
         },
         {
          "key": "65857d2caf24c113579c918b",
          "isVisible": true,
          "width": 192
         },
         {
          "key": "description",
          "width": 192
         },
         {
          "key": "type",
          "width": 192
         },
         {
          "key": "createdDate",
          "width": 192
         },
         {
          "key": "lastModifiedDate",
          "width": 192
         },
         {
          "key": "lastModifiedBy",
          "width": 192
         },
         {
          "key": "lastOpenedDate",
          "width": 192
         },
         {
          "key": "tag",
          "width": 192
         }
        ],
        "defaultTemplateId": "bafyreidxms4b2lvsrbmlhhocwt3kdkp5ritsaoli3mqqaqcse7kmm2f5eu"
       }
      ],
      "relationLinks": [
       {
        "key": "name",
        "format": "shorttext"
       },
       {
        "key": "description"
       },
       {
        "key": "type",
        "format": "object"
       },
       {
        "key": "createdDate",
        "format": "date"
       },
       {
        "key": "lastModifiedDate",
        "format": "date"
       },
       {
        "key": "lastModifiedBy",
        "format": "object"
       },
       {
        "key": "lastOpenedDate",
        "format": "date"
       },
       {
        "key": "tag",
        "format": "tag"
       },
       {
        "key": "dueDate",
        "format": "date"
       },
       {
        "key": "linkedProjects",
        "format": "object"
       },
       {
        "key": "65857d05af24c113579c918a",
        "format": "object"
       },
       {
        "key": "65857d2caf24c113579c918b",
        "format": "checkbox"
       },
       {
        "key": "65857d72af24c113579c918c",
        "format": "status"
       },
       {
        "key": "65857dd2af24c113579c9191",
        "format": "status"
       }
      ]
     }
    },
    {
     "id": "title",
     "fields": {
       "_detailsKey": [
          "name",
          "done"
         ]
      },
     "restrictions": {
      "remove": true,
      "drag": true,
      "dropOn": true
     },
     "text": {
      "style": "Title",
      "marks": {

      }
     }
    },
    {
     "id": "description",
     "fields": {
       "_detailsKey": "description"
      },
     "restrictions": {
      "remove": true,
      "drag": true,
      "dropOn": true
     },
     "text": {
      "style": "Description",
      "marks": {

      }
     }
    },
    {
     "id": "featuredRelations",
     "restrictions": {
      "remove": true,
      "drag": true,
      "dropOn": true
     },
     "featuredRelations": {

     }
    }
   ],
   "details": {
     "backlinks": [
        "bafyreibzjzsmtsphmtq3giatnrutzunpdda476ik3jm5klw7gpuzrxugee",
        "bafyreic3oavsgbjm7s2idut3sjap6skubrdhlgauvst3heynkwdapfix4q",
        "bafyreico2szadaxeuz7rzzwfansf4keg3ztccuio5yx3tsvfzdnudo4egu"
       ],
     "createdDate": 1703216102,
     "creator": "_id_A8DMi22aG2JeS6SqxmXaBUJ6e8wMUq18HuXkXtKHNg1GaCcd",
     "description": "Get a detailed view of your tasks (active, backlog and completed)",
     "featuredRelations": [
        "description",
        "type",
        "setOf"
       ],
     "iconEmoji": "",
     "iconImage": "bafybeic3slztsvvf26u4c6gbitordlefn4h7utvdqdluicldsh3nqltc3m",
     "id": "bafyreicr3cgx3gi4bsto6kemxa3hbf4b77y4ixaoh4ccjpnf5hyl6doena",
     "lastModifiedBy": "_id_A8DMi22aG2JeS6SqxmXaBUJ6e8wMUq18HuXkXtKHNg1GaCcd",
     "lastModifiedDate": 1703254666,
     "lastOpenedDate": 1703255055,
     "layout": 3,
     "links": [
       ],
     "name": "Tasks",
     "restrictions": [
        3,
        6,
        5,
        7
       ],
     "setOf": [
        "bafyreienjtzltho2zg44ecwlaflftv66iweqj47drxwzossvwhf5ijlkwe"
       ],
     "snippet": "",
     "spaceId": "bafyreihufw6v4yalsf45xskfur2ahsdyb4nkucawuuh63q6elgamxzw3ni.22bhbjeon72hw",
     "type": "bafyreihdczqk5hfpd4paki6puktkzqu3eoyve5mwo7m2ly6dyoj6paccvu"
    },
   "objectTypes": [
    "ot-set"
   ],
   "relationLinks": [
    {
     "key": "id",
     "format": "object"
    },
    {
     "key": "name",
     "format": "shorttext"
    },
    {
     "key": "description"
    },
    {
     "key": "snippet"
    },
    {
     "key": "iconEmoji",
     "format": "emoji"
    },
    {
     "key": "iconImage",
     "format": "file"
    },
    {
     "key": "type",
     "format": "object"
    },
    {
     "key": "layout",
     "format": "number"
    },
    {
     "key": "layoutAlign",
     "format": "number"
    },
    {
     "key": "coverId"
    },
    {
     "key": "coverScale",
     "format": "number"
    },
    {
     "key": "coverType",
     "format": "number"
    },
    {
     "key": "coverX",
     "format": "number"
    },
    {
     "key": "coverY",
     "format": "number"
    },
    {
     "key": "createdDate",
     "format": "date"
    },
    {
     "key": "creator",
     "format": "object"
    },
    {
     "key": "lastModifiedDate",
     "format": "date"
    },
    {
     "key": "lastModifiedBy",
     "format": "object"
    },
    {
     "key": "lastOpenedDate",
     "format": "date"
    },
    {
     "key": "featuredRelations",
     "format": "object"
    },
    {
     "key": "isFavorite",
     "format": "checkbox"
    },
    {
     "key": "workspaceId",
     "format": "object"
    },
    {
     "key": "spaceId",
     "format": "object"
    },
    {
     "key": "links",
     "format": "object"
    },
    {
     "key": "internalFlags",
     "format": "number"
    },
    {
     "key": "restrictions",
     "format": "number"
    },
    {
     "key": "backlinks",
     "format": "object"
    },
    {
     "key": "setOf",
     "format": "object"
    }
   ]
  },
  "fileKeys": [
   {
    "hash": "bafybeic3slztsvvf26u4c6gbitordlefn4h7utvdqdluicldsh3nqltc3m",
    "keys": {
     "/0/exif/": "bve6t5xd2co3qiyml57usyrukc52ruh4mh2seqcn23cbk2x2bxvua",
     "/0/large/": "bca3oufhrq6bfi4fwa5kt2gtg7tbb7yybya7unh572lpp6ki5v6uq",
     "/0/original/": "bca3oufhrq6bfi4fwa5kt2gtg7tbb7yybya7unh572lpp6ki5v6uq",
     "/0/small/": "bca3oufhrq6bfi4fwa5kt2gtg7tbb7yybya7unh572lpp6ki5v6uq",
     "/0/thumb/": "bca3oufhrq6bfi4fwa5kt2gtg7tbb7yybya7unh572lpp6ki5v6uq"
    }
   }
  ]
 }
}