{
 "sbType": "Page",
 "snapshot": {
  "data": {
   "blocks": [
    {
     "id": "bafyreibbqzxmbt53ktm3prpjkjoo3jyvzpzfmdooedpevwxp4jshhv42e4",
     "restrictions": {

     },
     "childrenIds": [
      "header",
      "source",
      "tag"
     ],
     "smartblock": {

     }
    },
    {
     "id": "header",
     "restrictions": {
      "edit": true,
      "remove": true,
      "drag": true,
      "dropOn": true
     },
     "childrenIds": [
      "title",
      "description",
      "featuredRelations"
     ],
     "layout": {
      "style": "Header"
     }
    },
    {
     "id": "source",
     "relation": {
      "key": "source"
     }
    },
    {
     "id": "tag",
     "relation": {
      "key": "tag"
     }
    },
    {
     "id": "title",
     "fields": {
       "_detailsKey": [
          "name",
          "done"
         ]
      },
     "restrictions": {
      "remove": true,
      "drag": true,
      "dropOn": true
     },
     "text": {
      "style": "Title",
      "marks": {

      }
     }
    },
    {
     "id": "description",
     "fields": {
       "_detailsKey": "description"
      },
     "restrictions": {
      "remove": true,
      "drag": true,
      "dropOn": true
     },
     "text": {
      "style": "Description",
      "marks": {

      }
     }
    },
    {
     "id": "featuredRelations",
     "restrictions": {
      "remove": true,
      "drag": true,
      "dropOn": true
     },
     "featuredRelations": {

     }
    }
   ],
   "details": {
     "backlinks": [
       ],
     "createdDate": 1703250222,
     "creator": "_id_A8DMi22aG2JeS6SqxmXaBUJ6e8wMUq18HuXkXtKHNg1GaCcd",
     "description": "Our hub for feedback, bug reports, and connecting with Anytypers around the globe!",
     "featuredRelations": [
        "description",
        "type",
        "createdDate"
       ],
     "iconImage": "bafybeid4ufvhtrmoujndlwzhymyhpl6ipxsrsbkwzro5nau26ufvxbtfqa",
     "id": "bafyreibbqzxmbt53ktm3prpjkjoo3jyvzpzfmdooedpevwxp4jshhv42e4",
     "internalFlags": [
       ],
     "lastModifiedBy": "_id_A8DMi22aG2JeS6SqxmXaBUJ6e8wMUq18HuXkXtKHNg1GaCcd",
     "lastModifiedDate": 1703250247,
     "layout": 11,
     "links": [
       ],
     "name": "Anytype Community",
     "picture": "bafybeigjhqskvo4xbpo46thmd4kfv4tmyt7zq7chcvc6fbkffruginze7q",
     "restrictions": [
       ],
     "snippet": "",
     "source": "https://community.anytype.io/",
     "spaceId": "bafyreihufw6v4yalsf45xskfur2ahsdyb4nkucawuuh63q6elgamxzw3ni.22bhbjeon72hw",
     "tag": [
        "bafyreid5q3qugzkyu57tder2riwuunrqqpyjjnv3bgg4gzt5klkvmp7ffe"
       ],
     "type": "bafyreihhuohbs33wrvwxwzjxalf65gktp3nlkexz4d47mk6jxrihvn4wea"
    },
   "objectTypes": [
    "ot-bookmark"
   ],
   "relationLinks": [
    {
     "key": "spaceId",
     "format": "object"
    },
    {
     "key": "internalFlags",
     "format": "number"
    },
    {
     "key": "source",
     "format": "url"
    },
    {
     "key": "backlinks",
     "format": "object"
    },
    {
     "key": "creator",
     "format": "object"
    },
    {
     "key": "createdDate",
     "format": "date"
    },
    {
     "key": "id",
     "format": "object"
    },
    {
     "key": "snippet"
    },
    {
     "key": "layout",
     "format": "number"
    },
    {
     "key": "name",
     "format": "shorttext"
    },
    {
     "key": "description"
    },
    {
     "key": "iconEmoji",
     "format": "emoji"
    },
    {
     "key": "iconImage",
     "format": "file"
    },
    {
     "key": "type",
     "format": "object"
    },
    {
     "key": "layoutAlign",
     "format": "number"
    },
    {
     "key": "coverId"
    },
    {
     "key": "coverScale",
     "format": "number"
    },
    {
     "key": "coverType",
     "format": "number"
    },
    {
     "key": "coverX",
     "format": "number"
    },
    {
     "key": "coverY",
     "format": "number"
    },
    {
     "key": "lastModifiedDate",
     "format": "date"
    },
    {
     "key": "lastModifiedBy",
     "format": "object"
    },
    {
     "key": "lastOpenedDate",
     "format": "date"
    },
    {
     "key": "featuredRelations",
     "format": "object"
    },
    {
     "key": "isFavorite",
     "format": "checkbox"
    },
    {
     "key": "workspaceId",
     "format": "object"
    },
    {
     "key": "links",
     "format": "object"
    },
    {
     "key": "restrictions",
     "format": "number"
    },
    {
     "key": "tag",
     "format": "tag"
    },
    {
     "key": "picture",
     "format": "file"
    }
   ]
  },
  "fileKeys": [
   {
    "hash": "bafybeid4ufvhtrmoujndlwzhymyhpl6ipxsrsbkwzro5nau26ufvxbtfqa",
    "keys": {
     "/0/exif/": "byq5jmiot6ov2izrt5qhhnammtxyu6lzbljn3pcpwb6k4bngjagtq",
     "/0/large/": "bqw2cj7nd6buqpchw4nto7yyhpf6rjy2wvync43jyetmru6xvjd6q",
     "/0/original/": "bqw2cj7nd6buqpchw4nto7yyhpf6rjy2wvync43jyetmru6xvjd6q",
     "/0/small/": "bqw2cj7nd6buqpchw4nto7yyhpf6rjy2wvync43jyetmru6xvjd6q",
     "/0/thumb/": "bqw2cj7nd6buqpchw4nto7yyhpf6rjy2wvync43jyetmru6xvjd6q"
    }
   },
   {
    "hash": "bafybeigjhqskvo4xbpo46thmd4kfv4tmyt7zq7chcvc6fbkffruginze7q",
    "keys": {
     "/0/exif/": "bcolwn7tfhfk3qrkej5tx7angvftiuc4kec2enyuf2sc6vw5fvsfa",
     "/0/large/": "butfp625kul4k2z6x3y23sa4lmr4mppx4kbt7fba5jimsv4eu2naq",
     "/0/original/": "butfp625kul4k2z6x3y23sa4lmr4mppx4kbt7fba5jimsv4eu2naq",
     "/0/small/": "blvr73xgmyu54nx235jzydbwspph5ytv46sey42d2eoyhhei6aaja",
     "/0/thumb/": "bg7exxnf4ipm4km3ndceoqz3avy2m4c3rw3k233o5vtpifzy6obpa"
    }
   }
  ]
 }
}