{
 "sbType": "Page",
 "snapshot": {
  "data": {
   "blocks": [
    {
     "id": "bafyreidb6mf2j3ucrglripyedyrkdw5esiwfb7cac6jwo4ypxxpqfguzce",
     "restrictions": {

     },
     "childrenIds": [
      "header",
      "dataview"
     ],
     "smartblock": {

     }
    },
    {
     "id": "header",
     "restrictions": {
      "edit": true,
      "remove": true,
      "drag": true,
      "dropOn": true
     },
     "childrenIds": [
      "title",
      "description",
      "featuredRelations"
     ],
     "layout": {
      "style": "Header"
     }
    },
    {
     "id": "dataview",
     "dataview": {
      "views": [
       {
        "id": "65857b82af24c113579c9182",
        "type": "Calendar",
        "name": "Tasks \u0026 Projects calendar",
        "sorts": [
         {
          "id": "65857b82af24c113579c9183",
          "RelationKey": "lastModifiedDate",
          "type": "Desc"
         }
        ],
        "filters": [
         {
          "id": "65858054af24c113579c91a5",
          "RelationKey": "65857d2caf24c113579c918b",
          "condition": "Equal",
          "value": false
         }
        ],
        "relations": [
         {
          "key": "name",
          "isVisible": true
         },
         {
          "key": "tag"
         },
         {
          "key": "description"
         },
         {
          "key": "type"
         },
         {
          "key": "createdDate"
         },
         {
          "key": "lastModifiedDate"
         },
         {
          "key": "lastModifiedBy"
         },
         {
          "key": "lastOpenedDate"
         },
         {
          "key": "65857c0faf24c113579c9184",
          "isVisible": true,
          "width": 192
         },
         {
          "key": "dueDate",
          "isVisible": true,
          "width": 192
         }
        ],
        "groupRelationKey": "dueDate"
       }
      ],
      "relationLinks": [
       {
        "key": "name",
        "format": "shorttext"
       },
       {
        "key": "tag",
        "format": "tag"
       },
       {
        "key": "description"
       },
       {
        "key": "type",
        "format": "object"
       },
       {
        "key": "createdDate",
        "format": "date"
       },
       {
        "key": "lastModifiedDate",
        "format": "date"
       },
       {
        "key": "lastModifiedBy",
        "format": "object"
       },
       {
        "key": "lastOpenedDate",
        "format": "date"
       },
       {
        "key": "65857c0faf24c113579c9184",
        "format": "date"
       },
       {
        "key": "dueDate",
        "format": "date"
       },
       {
        "key": "65857d2caf24c113579c918b",
        "format": "checkbox"
       }
      ]
     }
    },
    {
     "id": "title",
     "fields": {
       "_detailsKey": [
          "name",
          "done"
         ]
      },
     "restrictions": {
      "remove": true,
      "drag": true,
      "dropOn": true
     },
     "text": {
      "style": "Title",
      "marks": {

      }
     }
    },
    {
     "id": "description",
     "fields": {
       "_detailsKey": "description"
      },
     "restrictions": {
      "remove": true,
      "drag": true,
      "dropOn": true
     },
     "text": {
      "style": "Description",
      "marks": {

      }
     }
    },
    {
     "id": "featuredRelations",
     "restrictions": {
      "remove": true,
      "drag": true,
      "dropOn": true
     },
     "featuredRelations": {

     }
    }
   ],
   "details": {
     "backlinks": [
        "bafyreic3oavsgbjm7s2idut3sjap6skubrdhlgauvst3heynkwdapfix4q"
       ],
     "createdDate": 1703246720,
     "creator": "_id_A8DMi22aG2JeS6SqxmXaBUJ6e8wMUq18HuXkXtKHNg1GaCcd",
     "description": "",
     "featuredRelations": [
        "type",
        "description",
        "setOf"
       ],
     "iconEmoji": "",
     "iconImage": "bafybeicetxar7uakl5c22dec2hoqvooeooamawndlftqjvaskmv2uf3yvq",
     "id": "bafyreidb6mf2j3ucrglripyedyrkdw5esiwfb7cac6jwo4ypxxpqfguzce",
     "lastModifiedBy": "_id_A8DMi22aG2JeS6SqxmXaBUJ6e8wMUq18HuXkXtKHNg1GaCcd",
     "lastModifiedDate": 1703247993,
     "layout": 3,
     "links": [
       ],
     "name": "Calendar",
     "restrictions": [
        3,
        6,
        5,
        7
       ],
     "setOf": [
        "bafyreicrvhed6ithqngwli7bhvsagqjznrkcksym2m46mqd4cgsuoqpg54"
       ],
     "snippet": "",
     "sourceObject": "bafyreifyrty4rztf7of7gv6ht4hcmoxx2nstzwtaszkwsre6zzuue545ee",
     "spaceId": "bafyreihufw6v4yalsf45xskfur2ahsdyb4nkucawuuh63q6elgamxzw3ni.22bhbjeon72hw",
     "type": "bafyreihdczqk5hfpd4paki6puktkzqu3eoyve5mwo7m2ly6dyoj6paccvu"
    },
   "objectTypes": [
    "ot-set"
   ],
   "relationLinks": [
    {
     "key": "id",
     "format": "object"
    },
    {
     "key": "name",
     "format": "shorttext"
    },
    {
     "key": "description"
    },
    {
     "key": "snippet"
    },
    {
     "key": "iconEmoji",
     "format": "emoji"
    },
    {
     "key": "iconImage",
     "format": "file"
    },
    {
     "key": "type",
     "format": "object"
    },
    {
     "key": "layout",
     "format": "number"
    },
    {
     "key": "layoutAlign",
     "format": "number"
    },
    {
     "key": "coverId"
    },
    {
     "key": "coverScale",
     "format": "number"
    },
    {
     "key": "coverType",
     "format": "number"
    },
    {
     "key": "coverX",
     "format": "number"
    },
    {
     "key": "coverY",
     "format": "number"
    },
    {
     "key": "createdDate",
     "format": "date"
    },
    {
     "key": "creator",
     "format": "object"
    },
    {
     "key": "lastModifiedDate",
     "format": "date"
    },
    {
     "key": "lastModifiedBy",
     "format": "object"
    },
    {
     "key": "lastOpenedDate",
     "format": "date"
    },
    {
     "key": "featuredRelations",
     "format": "object"
    },
    {
     "key": "isFavorite",
     "format": "checkbox"
    },
    {
     "key": "workspaceId",
     "format": "object"
    },
    {
     "key": "spaceId",
     "format": "object"
    },
    {
     "key": "links",
     "format": "object"
    },
    {
     "key": "internalFlags",
     "format": "number"
    },
    {
     "key": "restrictions",
     "format": "number"
    },
    {
     "key": "targetObjectType",
     "format": "object"
    },
    {
     "key": "backlinks",
     "format": "object"
    },
    {
     "key": "sourceObject",
     "format": "object"
    },
    {
     "key": "setOf",
     "format": "object"
    }
   ]
  },
  "fileKeys": [
   {
    "hash": "bafybeicetxar7uakl5c22dec2hoqvooeooamawndlftqjvaskmv2uf3yvq",
    "keys": {
     "/0/exif/": "blzmanucyi3jpuexumasz2qbjwomcib2dixyowxu7w7ldo7ds3y3a",
     "/0/large/": "b63iexjqzarcuhiiszcidikacxrn6n4rviycy6jpa6xds4kxwuoxa",
     "/0/original/": "b63iexjqzarcuhiiszcidikacxrn6n4rviycy6jpa6xds4kxwuoxa",
     "/0/small/": "b63iexjqzarcuhiiszcidikacxrn6n4rviycy6jpa6xds4kxwuoxa",
     "/0/thumb/": "baajb7nazb65eis5aul4ohfye6k25yau6ceammnxlurcmwcj4u5tq"
    }
   }
  ]
 }
}