{
 "sbType": "Widget",
 "snapshot": {
  "data": {
   "blocks": [
    {
     "id": "bafyreicxcrqlvjcpryo3nz2brlwvx3ssfdzbiiojk5hqchawbbqzxuclhi",
     "childrenIds": [
      "65850316af24c10bcdd59ee1",
      "65850316af24c10bcdd59ee3",
      "65850316af24c10bcdd59ee5"
     ],
     "smartblock": {

     }
    },
    {
     "id": "65850316af24c10bcdd59ee1",
     "childrenIds": [
      "65850316af24c10bcdd59ee0"
     ],
     "widget": {
      "layout": "CompactList"
     }
    },
    {
     "id": "65850316af24c10bcdd59ee3",
     "childrenIds": [
      "65850316af24c10bcdd59ee2"
     ],
     "widget": {
      "layout": "Tree"
     }
    },
    {
     "id": "65850316af24c10bcdd59ee5",
     "childrenIds": [
      "65850316af24c10bcdd59ee4"
     ],
     "widget": {
      "layout": "CompactList"
     }
    },
    {
     "id": "65850316af24c10bcdd59ee0",
     "link": {
      "targetBlockId": "favorite",
      "cardStyle": "Inline"
     }
    },
    {
     "id": "65850316af24c10bcdd59ee2",
     "link": {
      "targetBlockId": "bafyreibzjzsmtsphmtq3giatnrutzunpdda476ik3jm5klw7gpuzrxugee",
      "cardStyle": "Inline"
     }
    },
    {
     "id": "65850316af24c10bcdd59ee4",
     "link": {
      "targetBlockId": "recent",
      "cardStyle": "Inline"
     }
    }
   ],
   "details": {
     "backlinks": [
       ],
     "createdDate": 1703215892,
     "creator": "_id_A8DMi22aG2JeS6SqxmXaBUJ6e8wMUq18HuXkXtKHNg1GaCcd",
     "id": "bafyreicxcrqlvjcpryo3nz2brlwvx3ssfdzbiiojk5hqchawbbqzxuclhi",
     "isHidden": true,
     "lastModifiedBy": "_id_A8DMi22aG2JeS6SqxmXaBUJ6e8wMUq18HuXkXtKHNg1GaCcd",
     "lastModifiedDate": 1703248627,
     "lastOpenedDate": 1703256437,
     "layout": 7,
     "links": [
        "favorite",
        "bafyreibzjzsmtsphmtq3giatnrutzunpdda476ik3jm5klw7gpuzrxugee",
        "recent"
       ],
     "restrictions": [
        2,
        4,
        1,
        6,
        5,
        7,
        8
       ],
     "snippet": "",
     "spaceId": "bafyreihufw6v4yalsf45xskfur2ahsdyb4nkucawuuh63q6elgamxzw3ni.22bhbjeon72hw",
     "type": "bafyreib7evroxvztyounlnresl4ye5mgbg4pwt34f4liyaz4wysjv5jk5m"
    },
   "objectTypes": [
    "ot-dashboard"
   ],
   "relationLinks": [
    {
     "key": "backlinks",
     "format": "object"
    },
    {
     "key": "createdDate",
     "format": "date"
    },
    {
     "key": "id",
     "format": "object"
    },
    {
     "key": "spaceId",
     "format": "object"
    },
    {
     "key": "snippet"
    },
    {
     "key": "layout",
     "format": "number"
    },
    {
     "key": "isHidden",
     "format": "checkbox"
    },
    {
     "key": "type",
     "format": "object"
    },
    {
     "key": "creator",
     "format": "object"
    },
    {
     "key": "lastModifiedDate",
     "format": "date"
    },
    {
     "key": "lastModifiedBy",
     "format": "object"
    },
    {
     "key": "restrictions",
     "format": "number"
    },
    {
     "key": "links",
     "format": "object"
    }
   ]
  }
 }
}