{
 "sbType": "STRelationOption",
 "snapshot": {
  "data": {
   "blocks": [
    {
     "id": "bafyreibvxgnwnetc6kw3pbt6squtkbk5jtixk4uljimweluiapkzn5rjum",
     "restrictions": {

     },
     "childrenIds": [
      "header"
     ],
     "smartblock": {

     }
    },
    {
     "id": "header",
     "restrictions": {
      "edit": true,
      "remove": true,
      "drag": true,
      "dropOn": true
     },
     "childrenIds": [
      "title",
      "description",
      "featuredRelations"
     ],
     "layout": {
      "style": "Header"
     }
    },
    {
     "id": "title",
     "fields": {
       "_detailsKey": [
          "name",
          "done"
         ]
      },
     "restrictions": {
      "remove": true,
      "drag": true,
      "dropOn": true
     },
     "text": {
      "style": "Title",
      "marks": {

      }
     }
    },
    {
     "id": "description",
     "fields": {
       "_detailsKey": "description"
      },
     "restrictions": {
      "remove": true,
      "drag": true,
      "dropOn": true
     },
     "text": {
      "style": "Description",
      "marks": {

      }
     }
    },
    {
     "id": "featuredRelations",
     "restrictions": {
      "remove": true,
      "drag": true,
      "dropOn": true
     },
     "featuredRelations": {

     }
    }
   ],
   "details": {
     "backlinks": [
       ],
     "createdDate": 1703248756,
     "creator": "_id_A8DMi22aG2JeS6SqxmXaBUJ6e8wMUq18HuXkXtKHNg1GaCcd",
     "description": "",
     "featuredRelations": [
        "description",
        "type"
       ],
     "id": "bafyreibvxgnwnetc6kw3pbt6squtkbk5jtixk4uljimweluiapkzn5rjum",
     "internalFlags": [
       ],
     "lastModifiedBy": "_id_A8DMi22aG2JeS6SqxmXaBUJ6e8wMUq18HuXkXtKHNg1GaCcd",
     "lastModifiedDate": 1703248781,
     "layout": 13,
     "links": [
       ],
     "name": "● off-track",
     "relationKey": "65858358af24c113579c91bd",
     "relationOptionColor": "orange",
     "restrictions": [
       ],
     "snippet": "",
     "spaceId": "bafyreihufw6v4yalsf45xskfur2ahsdyb4nkucawuuh63q6elgamxzw3ni.22bhbjeon72hw",
     "type": "bafyreihzqsmifmu7jmbs2q2pu2u7uxytisdquoldcqgaqeoz5ai34vm7ba",
     "uniqueKey": "opt-65858374af24c113579c91bf"
    },
   "objectTypes": [
    "ot-relationOption"
   ],
   "relationLinks": [
    {
     "key": "spaceId",
     "format": "object"
    },
    {
     "key": "relationOptionColor"
    },
    {
     "key": "uniqueKey"
    },
    {
     "key": "internalFlags",
     "format": "number"
    },
    {
     "key": "name",
     "format": "shorttext"
    },
    {
     "key": "layout",
     "format": "number"
    },
    {
     "key": "relationKey"
    },
    {
     "key": "backlinks",
     "format": "object"
    },
    {
     "key": "createdDate",
     "format": "date"
    },
    {
     "key": "id",
     "format": "object"
    },
    {
     "key": "snippet"
    },
    {
     "key": "description"
    },
    {
     "key": "iconEmoji",
     "format": "emoji"
    },
    {
     "key": "iconImage",
     "format": "file"
    },
    {
     "key": "type",
     "format": "object"
    },
    {
     "key": "layoutAlign",
     "format": "number"
    },
    {
     "key": "coverId"
    },
    {
     "key": "coverScale",
     "format": "number"
    },
    {
     "key": "coverType",
     "format": "number"
    },
    {
     "key": "coverX",
     "format": "number"
    },
    {
     "key": "coverY",
     "format": "number"
    },
    {
     "key": "creator",
     "format": "object"
    },
    {
     "key": "lastModifiedDate",
     "format": "date"
    },
    {
     "key": "lastModifiedBy",
     "format": "object"
    },
    {
     "key": "lastOpenedDate",
     "format": "date"
    },
    {
     "key": "featuredRelations",
     "format": "object"
    },
    {
     "key": "isFavorite",
     "format": "checkbox"
    },
    {
     "key": "workspaceId",
     "format": "object"
    },
    {
     "key": "links",
     "format": "object"
    },
    {
     "key": "restrictions",
     "format": "number"
    }
   ],
   "key": "65858374af24c113579c91bf"
  }
 }
}