{
 "sbType": "Page",
 "snapshot": {
  "data": {
   "blocks": [
    {
     "id": "bafyreib6ps6jpz6mprh5mel6ggl53ljygyiuw422s3enrua5wvsklnrhda",
     "restrictions": {

     },
     "childrenIds": [
      "header",
      "651680861cac630478df22f4",
      "651680661cac630478df22ef",
      "651680781cac630478df22f0"
     ],
     "smartblock": {

     }
    },
    {
     "id": "header",
     "restrictions": {
      "edit": true,
      "remove": true,
      "drag": true,
      "dropOn": true
     },
     "childrenIds": [
      "title",
      "description",
      "featuredRelations"
     ],
     "layout": {
      "style": "Header"
     }
    },
    {
     "id": "651680861cac630478df22f4",
     "restrictions": {

     },
     "relation": {
      "key": "651686fa1cac630478df235a"
     }
    },
    {
     "id": "651680661cac630478df22ef",
     "file": {
      "type": "Image"
     }
    },
    {
     "id": "651680781cac630478df22f0",
     "restrictions": {

     },
     "text": {
      "marks": {

      }
     }
    },
    {
     "id": "title",
     "fields": {
       "_detailsKey": [
          "name",
          "done"
         ]
      },
     "restrictions": {
      "remove": true,
      "drag": true,
      "dropOn": true
     },
     "text": {
      "style": "Title",
      "marks": {

      }
     }
    },
    {
     "id": "description",
     "fields": {
       "_detailsKey": "description"
      },
     "restrictions": {
      "remove": true,
      "drag": true,
      "dropOn": true
     },
     "text": {
      "style": "Description",
      "marks": {

      }
     }
    },
    {
     "id": "featuredRelations",
     "restrictions": {
      "remove": true,
      "drag": true,
      "dropOn": true
     },
     "featuredRelations": {

     }
    }
   ],
   "details": {
     "backlinks": [
        "bafyreicjnreicutcjkedg6e4ww4mmd26keqlhoaqra7syjaqtedxcr4gwa"
       ],
     "createdDate": 1695973439,
     "creator": "bafyreifgsgonjfxqonf5vcgehn5gtryctqkmvzeg22pw2eifxon3ixybpm",
     "description": "Upload a photo each time you have an exam",
     "featuredRelations": [
        "type",
        "description"
       ],
     "iconEmoji": "💉",
     "iconImage": "",
     "id": "bafyreib6ps6jpz6mprh5mel6ggl53ljygyiuw422s3enrua5wvsklnrhda",
     "internalFlags": [
       ],
     "lastModifiedBy": "bafyreifgsgonjfxqonf5vcgehn5gtryctqkmvzeg22pw2eifxon3ixybpm",
     "lastModifiedDate": 1695975162,
     "lastOpenedDate": 1695975151,
     "layout": 0,
     "links": [
       ],
     "name": "Blood Test Results",
     "oldAnytypeID": "bafyreihj3csf3hygscw3vuz3jzalz4caf5ri5xi3hdjamj6dmnv742tety",
     "restrictions": [
       ],
     "snippet": "",
     "sourceFilePath": "json:/Users/charlotte/Downloads/Anytype.20230929.100832.3.zip/bafyreihj3csf3hygscw3vuz3jzalz4caf5ri5xi3hdjamj6dmnv742tety.pb.json",
     "spaceId": "bafyreifjcylqxkapxfzx3ejmhk6wtpt36glkgkjlo6tx67526zexvvc62m.3si26jja7kyrt",
     "type": "bafyreihjdnutjrqk5sfw2phmpkj355nxclsm2hugo3h53l7omd2ux7xyb4",
     "workspaceId": "bafyreiewj2jurco4r4xcpamzdkk3jws5n7jktedr3zdshbyezglsqu4ody"
    },
   "objectTypes": [
    "ot-page"
   ],
   "relationLinks": [
    {
     "key": "workspaceId",
     "format": "object"
    },
    {
     "key": "createdDate",
     "format": "date"
    },
    {
     "key": "creator",
     "format": "object"
    },
    {
     "key": "type",
     "format": "object"
    },
    {
     "key": "id",
     "format": "object"
    },
    {
     "key": "snippet"
    },
    {
     "key": "layout",
     "format": "number"
    },
    {
     "key": "targetObjectType",
     "format": "object"
    },
    {
     "key": "internalFlags",
     "format": "number"
    },
    {
     "key": "backlinks",
     "format": "object"
    },
    {
     "key": "name",
     "format": "shorttext"
    },
    {
     "key": "description"
    },
    {
     "key": "iconEmoji",
     "format": "emoji"
    },
    {
     "key": "iconImage",
     "format": "file"
    },
    {
     "key": "layoutAlign",
     "format": "number"
    },
    {
     "key": "coverId"
    },
    {
     "key": "coverScale",
     "format": "number"
    },
    {
     "key": "coverType",
     "format": "number"
    },
    {
     "key": "coverX",
     "format": "number"
    },
    {
     "key": "coverY",
     "format": "number"
    },
    {
     "key": "lastModifiedDate",
     "format": "date"
    },
    {
     "key": "lastModifiedBy",
     "format": "object"
    },
    {
     "key": "lastOpenedDate",
     "format": "date"
    },
    {
     "key": "featuredRelations",
     "format": "object"
    },
    {
     "key": "isFavorite",
     "format": "checkbox"
    },
    {
     "key": "links",
     "format": "object"
    },
    {
     "key": "restrictions",
     "format": "number"
    },
    {
     "key": "spaceId",
     "format": "object"
    },
    {
     "key": "oldAnytypeID"
    },
    {
     "key": "sourceFilePath"
    },
    {
     "key": "651680901cac630478df22f5",
     "format": "date"
    },
    {
     "key": "651686fa1cac630478df235a",
     "format": "date"
    }
   ]
  }
 }
}