{
 "sbType": "STType",
 "snapshot": {
  "data": {
   "blocks": [
    {
     "id": "bafyreihktawmncn4t4h25gecpreiqoevqxmuwl3vyi4xvn4yd6g2v7ab44",
     "childrenIds": [
      "header"
     ],
     "smartblock": {

     }
    },
    {
     "id": "header",
     "restrictions": {
      "edit": true,
      "remove": true,
      "drag": true,
      "dropOn": true
     },
     "childrenIds": [
      "title",
      "featuredRelations"
     ],
     "layout": {
      "style": "Header"
     }
    },
    {
     "id": "title",
     "fields": {
       "_detailsKey": [
          "name",
          "done"
         ]
      },
     "restrictions": {
      "remove": true,
      "drag": true,
      "dropOn": true
     },
     "text": {
      "style": "Title",
      "marks": {

      }
     }
    },
    {
     "id": "featuredRelations",
     "restrictions": {
      "remove": true,
      "drag": true,
      "dropOn": true
     },
     "featuredRelations": {

     }
    }
   ],
   "details": {
     "backlinks": [
       ],
     "createdDate": 1702406213,
     "creator": "_id_AAWXzJVAxKwcaHqGVeVUsi78kqRXwsCQVBUdLhxdDT2xjrkC",
     "description": "Homo sapiens",
     "featuredRelations": [
        "type"
       ],
     "iconEmoji": "🧍",
     "id": "bafyreihktawmncn4t4h25gecpreiqoevqxmuwl3vyi4xvn4yd6g2v7ab44",
     "isHidden": false,
     "isReadonly": true,
     "lastModifiedBy": "_id_AAWXzJVAxKwcaHqGVeVUsi78kqRXwsCQVBUdLhxdDT2xjrkC",
     "lastModifiedDate": 1702406213,
     "layout": 4,
     "links": [
       ],
     "name": "Human",
     "recommendedLayout": 1,
     "recommendedRelations": [
        "bafyreicvyjqu6papwsimbetmynz5mdg77vuirxmcsopes5zd2zsbwxdhdq",
        "bafyreiebfgcgb4sbnlvgif2cethgkpjtk2dtnfbdhvelptvq4jv4nc3xaq"
       ],
     "restrictions": [
        3,
        6,
        5,
        7,
        4,
        1
       ],
     "smartblockTypes": [
        16,
        17
       ],
     "snippet": "",
     "sourceObject": "_otprofile",
     "spaceId": "bafyreifjcylqxkapxfzx3ejmhk6wtpt36glkgkjlo6tx67526zexvvc62m.3si26jja7kyrt",
     "type": "bafyreihigooxp7folhihrvdoghagj4hftxmyujwedravyc56x3qhuqfltq",
     "uniqueKey": "ot-profile"
    },
   "objectTypes": [
    "ot-objectType"
   ],
   "relationLinks": [
    {
     "key": "smartblockTypes",
     "format": "number"
    },
    {
     "key": "isHidden",
     "format": "checkbox"
    },
    {
     "key": "iconEmoji",
     "format": "emoji"
    },
    {
     "key": "name",
     "format": "shorttext"
    },
    {
     "key": "description"
    },
    {
     "key": "sourceObject",
     "format": "object"
    },
    {
     "key": "recommendedRelations",
     "format": "object"
    },
    {
     "key": "recommendedLayout",
     "format": "number"
    },
    {
     "key": "layout",
     "format": "number"
    },
    {
     "key": "backlinks",
     "format": "object"
    },
    {
     "key": "creator",
     "format": "object"
    },
    {
     "key": "createdDate",
     "format": "date"
    },
    {
     "key": "id",
     "format": "object"
    },
    {
     "key": "spaceId",
     "format": "object"
    },
    {
     "key": "type",
     "format": "object"
    },
    {
     "key": "uniqueKey"
    },
    {
     "key": "isReadonly",
     "format": "checkbox"
    },
    {
     "key": "snippet"
    },
    {
     "key": "iconImage",
     "format": "file"
    },
    {
     "key": "layoutAlign",
     "format": "number"
    },
    {
     "key": "coverId"
    },
    {
     "key": "coverScale",
     "format": "number"
    },
    {
     "key": "coverType",
     "format": "number"
    },
    {
     "key": "coverX",
     "format": "number"
    },
    {
     "key": "coverY",
     "format": "number"
    },
    {
     "key": "lastModifiedDate",
     "format": "date"
    },
    {
     "key": "lastModifiedBy",
     "format": "object"
    },
    {
     "key": "lastOpenedDate",
     "format": "date"
    },
    {
     "key": "featuredRelations",
     "format": "object"
    },
    {
     "key": "isFavorite",
     "format": "checkbox"
    },
    {
     "key": "workspaceId",
     "format": "object"
    },
    {
     "key": "links",
     "format": "object"
    },
    {
     "key": "internalFlags",
     "format": "number"
    },
    {
     "key": "restrictions",
     "format": "number"
    }
   ],
   "key": "profile"
  }
 }
}