{
 "sbType": "Page",
 "snapshot": {
  "data": {
   "blocks": [
    {
     "id": "bafyreifzq4zgfffk62y5c2l6tbc2azg7cgak7xojxwjuzepgo6wrhgvq6i",
     "restrictions": {

     },
     "childrenIds": [
      "header",
      "r-a2f8ac9c5ebdb881f3666c3ce6d8e6b7",
      "651681951cac630478df2303"
     ],
     "smartblock": {

     }
    },
    {
     "id": "header",
     "restrictions": {
      "edit": true,
      "remove": true,
      "drag": true,
      "dropOn": true
     },
     "childrenIds": [
      "title",
      "description",
      "featuredRelations"
     ],
     "layout": {
      "style": "Header"
     }
    },
    {
     "id": "r-a2f8ac9c5ebdb881f3666c3ce6d8e6b7",
     "restrictions": {

     },
     "childrenIds": [
      "ct-a2f8ac9c5ebdb881f3666c3ce6d8e6b7",
      "cd-a2f8ac9c5ebdb881f3666c3ce6d8e6b7"
     ],
     "layout": {

     }
    },
    {
     "id": "651681951cac630478df2303",
     "restrictions": {

     },
     "text": {
      "marks": {

      }
     }
    },
    {
     "id": "title",
     "fields": {
       "_detailsKey": [
          "name",
          "done"
         ]
      },
     "restrictions": {
      "remove": true,
      "drag": true,
      "dropOn": true
     },
     "text": {
      "style": "Title",
      "marks": {

      }
     }
    },
    {
     "id": "description",
     "fields": {
       "_detailsKey": "description"
      },
     "restrictions": {
      "remove": true,
      "drag": true,
      "dropOn": true
     },
     "text": {
      "style": "Description",
      "marks": {

      }
     }
    },
    {
     "id": "featuredRelations",
     "restrictions": {
      "remove": true,
      "drag": true,
      "dropOn": true
     },
     "featuredRelations": {

     }
    },
    {
     "id": "ct-a2f8ac9c5ebdb881f3666c3ce6d8e6b7",
     "fields": {
       "width": 0.5
      },
     "restrictions": {

     },
     "childrenIds": [
      "651681ba1cac630478df2305",
      "651681ca1cac630478df2308",
      "651681f71cac630478df230b"
     ],
     "layout": {
      "style": "Column"
     }
    },
    {
     "id": "cd-a2f8ac9c5ebdb881f3666c3ce6d8e6b7",
     "fields": {
       "width": 0.5
      },
     "restrictions": {

     },
     "childrenIds": [
      "651682271cac630478df230c",
      "6516817a1cac630478df2300",
      "6516822b1cac630478df230d",
      "651681931cac630478df2302"
     ],
     "layout": {
      "style": "Column"
     }
    },
    {
     "id": "651681ba1cac630478df2305",
     "restrictions": {

     },
     "relation": {
      "key": "651686bc1cac630478df2358"
     }
    },
    {
     "id": "651681ca1cac630478df2308",
     "restrictions": {

     },
     "relation": {
      "key": "651686eb1cac630478df2359"
     }
    },
    {
     "id": "651681f71cac630478df230b",
     "restrictions": {

     },
     "relation": {
      "key": "phone"
     }
    },
    {
     "id": "651682271cac630478df230c",
     "restrictions": {

     },
     "text": {
      "text": "Insurance card:",
      "marks": {
       "marks": [
        {
         "range": {
          "to": 15
         },
         "type": "Bold"
        }
       ]
      }
     }
    },
    {
     "id": "6516817a1cac630478df2300",
     "restrictions": {

     },
     "file": {
      "type": "Image"
     }
    },
    {
     "id": "6516822b1cac630478df230d",
     "restrictions": {

     },
     "text": {
      "text": "Insurance policy:",
      "marks": {
       "marks": [
        {
         "range": {
          "to": 17
         },
         "type": "Bold"
        }
       ]
      }
     }
    },
    {
     "id": "651681931cac630478df2302",
     "restrictions": {

     },
     "file": {
      "type": "PDF"
     }
    }
   ],
   "details": {
     "651681c31cac630478df2306": null,
     "backlinks": [
        "bafyreicjnreicutcjkedg6e4ww4mmd26keqlhoaqra7syjaqtedxcr4gwa"
       ],
     "createdDate": 1695973746,
     "creator": "bafyreifgsgonjfxqonf5vcgehn5gtryctqkmvzeg22pw2eifxon3ixybpm",
     "description": "Upload a photo of your insurance card and a copy of your policy so it's there when you need it",
     "featuredRelations": [
        "type",
        "description"
       ],
     "iconEmoji": "🧑🏻‍⚕️",
     "iconImage": "",
     "id": "bafyreifzq4zgfffk62y5c2l6tbc2azg7cgak7xojxwjuzepgo6wrhgvq6i",
     "internalFlags": [
       ],
     "lastModifiedBy": "bafyreifgsgonjfxqonf5vcgehn5gtryctqkmvzeg22pw2eifxon3ixybpm",
     "lastModifiedDate": 1695975147,
     "lastOpenedDate": 1695975086,
     "layout": 0,
     "links": [
       ],
     "name": "Medical Insurance",
     "oldAnytypeID": "bafyreihzudct3o2yhwlcs2ifsxebtzdns3uvde3eznb62joirjpgdxblte",
     "restrictions": [
       ],
     "snippet": "Insurance card:\nInsurance policy:",
     "sourceFilePath": "json:/Users/charlotte/Downloads/Anytype.20230929.100832.3.zip/bafyreihzudct3o2yhwlcs2ifsxebtzdns3uvde3eznb62joirjpgdxblte.pb.json",
     "spaceId": "bafyreifjcylqxkapxfzx3ejmhk6wtpt36glkgkjlo6tx67526zexvvc62m.3si26jja7kyrt",
     "type": "bafyreihjdnutjrqk5sfw2phmpkj355nxclsm2hugo3h53l7omd2ux7xyb4",
     "workspaceId": "bafyreiewj2jurco4r4xcpamzdkk3jws5n7jktedr3zdshbyezglsqu4ody"
    },
   "objectTypes": [
    "ot-page"
   ],
   "relationLinks": [
    {
     "key": "workspaceId",
     "format": "object"
    },
    {
     "key": "createdDate",
     "format": "date"
    },
    {
     "key": "creator",
     "format": "object"
    },
    {
     "key": "type",
     "format": "object"
    },
    {
     "key": "id",
     "format": "object"
    },
    {
     "key": "snippet"
    },
    {
     "key": "layout",
     "format": "number"
    },
    {
     "key": "targetObjectType",
     "format": "object"
    },
    {
     "key": "internalFlags",
     "format": "number"
    },
    {
     "key": "backlinks",
     "format": "object"
    },
    {
     "key": "name",
     "format": "shorttext"
    },
    {
     "key": "description"
    },
    {
     "key": "iconEmoji",
     "format": "emoji"
    },
    {
     "key": "iconImage",
     "format": "file"
    },
    {
     "key": "layoutAlign",
     "format": "number"
    },
    {
     "key": "coverId"
    },
    {
     "key": "coverScale",
     "format": "number"
    },
    {
     "key": "coverType",
     "format": "number"
    },
    {
     "key": "coverX",
     "format": "number"
    },
    {
     "key": "coverY",
     "format": "number"
    },
    {
     "key": "lastModifiedDate",
     "format": "date"
    },
    {
     "key": "lastModifiedBy",
     "format": "object"
    },
    {
     "key": "lastOpenedDate",
     "format": "date"
    },
    {
     "key": "featuredRelations",
     "format": "object"
    },
    {
     "key": "isFavorite",
     "format": "checkbox"
    },
    {
     "key": "links",
     "format": "object"
    },
    {
     "key": "restrictions",
     "format": "number"
    },
    {
     "key": "spaceId",
     "format": "object"
    },
    {
     "key": "oldAnytypeID"
    },
    {
     "key": "sourceFilePath"
    },
    {
     "key": "651681c31cac630478df2306",
     "format": "number"
    },
    {
     "key": "651681d91cac630478df2309"
    },
    {
     "key": "phone",
     "format": "phone"
    },
    {
     "key": "651686bc1cac630478df2358",
     "format": "number"
    },
    {
     "key": "651686eb1cac630478df2359"
    }
   ]
  }
 }
}