{
 "sbType": "STType",
 "snapshot": {
  "data": {
   "blocks": [
    {
     "id": "bafyreibm5gumhfbpmo5ocos5gje6bl6ubiihhb36r3cyd6phkpnmrazp2a",
     "childrenIds": [
      "header"
     ],
     "smartblock": {

     }
    },
    {
     "id": "header",
     "restrictions": {
      "edit": true,
      "remove": true,
      "drag": true,
      "dropOn": true
     },
     "childrenIds": [
      "title",
      "featuredRelations"
     ],
     "layout": {
      "style": "Header"
     }
    },
    {
     "id": "title",
     "fields": {
       "_detailsKey": [
          "name",
          "done"
         ]
      },
     "restrictions": {
      "remove": true,
      "drag": true,
      "dropOn": true
     },
     "text": {
      "style": "Title",
      "marks": {

      }
     }
    },
    {
     "id": "featuredRelations",
     "restrictions": {
      "remove": true,
      "drag": true,
      "dropOn": true
     },
     "featuredRelations": {

     }
    }
   ],
   "details": {
     "backlinks": [
       ],
     "createdDate": 1702406213,
     "creator": "_id_AAWXzJVAxKwcaHqGVeVUsi78kqRXwsCQVBUdLhxdDT2xjrkC",
     "description": "Object that contains a relation option",
     "featuredRelations": [
        "type"
       ],
     "iconEmoji": "🥚",
     "id": "bafyreibm5gumhfbpmo5ocos5gje6bl6ubiihhb36r3cyd6phkpnmrazp2a",
     "isHidden": true,
     "isReadonly": true,
     "lastModifiedBy": "_id_AAWXzJVAxKwcaHqGVeVUsi78kqRXwsCQVBUdLhxdDT2xjrkC",
     "lastModifiedDate": 1702406213,
     "layout": 4,
     "links": [
       ],
     "name": "Relation option",
     "recommendedLayout": 13,
     "recommendedRelations": [
        "bafyreiebfgcgb4sbnlvgif2cethgkpjtk2dtnfbdhvelptvq4jv4nc3xaq",
        "bafyreidra4risn5hdev53l6zkjlp4i5so6ij2vpfqpk4x37oyfh4tfn43i"
       ],
     "restrictions": [
        3,
        6,
        5,
        7,
        4,
        1
       ],
     "smartblockTypes": [
        513
       ],
     "snippet": "",
     "sourceObject": "_otrelationOption",
     "spaceId": "bafyreifjcylqxkapxfzx3ejmhk6wtpt36glkgkjlo6tx67526zexvvc62m.3si26jja7kyrt",
     "type": "bafyreihigooxp7folhihrvdoghagj4hftxmyujwedravyc56x3qhuqfltq",
     "uniqueKey": "ot-relationOption"
    },
   "objectTypes": [
    "ot-objectType"
   ],
   "relationLinks": [
    {
     "key": "isHidden",
     "format": "checkbox"
    },
    {
     "key": "name",
     "format": "shorttext"
    },
    {
     "key": "smartblockTypes",
     "format": "number"
    },
    {
     "key": "sourceObject",
     "format": "object"
    },
    {
     "key": "description"
    },
    {
     "key": "iconEmoji",
     "format": "emoji"
    },
    {
     "key": "recommendedRelations",
     "format": "object"
    },
    {
     "key": "recommendedLayout",
     "format": "number"
    },
    {
     "key": "layout",
     "format": "number"
    },
    {
     "key": "backlinks",
     "format": "object"
    },
    {
     "key": "creator",
     "format": "object"
    },
    {
     "key": "createdDate",
     "format": "date"
    },
    {
     "key": "id",
     "format": "object"
    },
    {
     "key": "spaceId",
     "format": "object"
    },
    {
     "key": "type",
     "format": "object"
    },
    {
     "key": "uniqueKey"
    },
    {
     "key": "isReadonly",
     "format": "checkbox"
    },
    {
     "key": "snippet"
    },
    {
     "key": "iconImage",
     "format": "file"
    },
    {
     "key": "layoutAlign",
     "format": "number"
    },
    {
     "key": "coverId"
    },
    {
     "key": "coverScale",
     "format": "number"
    },
    {
     "key": "coverType",
     "format": "number"
    },
    {
     "key": "coverX",
     "format": "number"
    },
    {
     "key": "coverY",
     "format": "number"
    },
    {
     "key": "lastModifiedDate",
     "format": "date"
    },
    {
     "key": "lastModifiedBy",
     "format": "object"
    },
    {
     "key": "lastOpenedDate",
     "format": "date"
    },
    {
     "key": "featuredRelations",
     "format": "object"
    },
    {
     "key": "isFavorite",
     "format": "checkbox"
    },
    {
     "key": "workspaceId",
     "format": "object"
    },
    {
     "key": "links",
     "format": "object"
    },
    {
     "key": "internalFlags",
     "format": "number"
    },
    {
     "key": "restrictions",
     "format": "number"
    }
   ],
   "key": "relationOption"
  }
 }
}