{
 "sbType": "Page",
 "snapshot": {
  "data": {
   "blocks": [
    {
     "id": "bafyreicngp2zb2daae6f7myrqhpyapfyl35e3dlihurgtgxcxuajzcquou",
     "restrictions": {

     },
     "childrenIds": [
      "header",
      "r-459df79e1233ed160413f95972f31aba",
      "64809d7ac6e47bb17755d192",
      "648053c5c6e47b1521105269"
     ],
     "smartblock": {

     }
    },
    {
     "id": "header",
     "restrictions": {
      "edit": true,
      "remove": true,
      "drag": true,
      "dropOn": true
     },
     "childrenIds": [
      "title",
      "description",
      "featuredRelations"
     ],
     "layout": {
      "style": "Header"
     }
    },
    {
     "id": "r-459df79e1233ed160413f95972f31aba",
     "restrictions": {

     },
     "childrenIds": [
      "ct-459df79e1233ed160413f95972f31aba",
      "cd-459df79e1233ed160413f95972f31aba"
     ],
     "layout": {

     }
    },
    {
     "id": "64809d7ac6e47bb17755d192",
     "restrictions": {

     },
     "text": {
      "marks": {

      }
     }
    },
    {
     "id": "648053c5c6e47b1521105269",
     "restrictions": {

     },
     "text": {
      "marks": {

      }
     }
    },
    {
     "id": "title",
     "fields": {
       "_detailsKey": [
          "name",
          "done"
         ]
      },
     "restrictions": {
      "remove": true,
      "drag": true,
      "dropOn": true
     },
     "text": {
      "style": "Title",
      "marks": {

      }
     }
    },
    {
     "id": "description",
     "fields": {
       "_detailsKey": "description"
      },
     "restrictions": {
      "remove": true,
      "drag": true,
      "dropOn": true
     },
     "text": {
      "style": "Description",
      "marks": {

      }
     }
    },
    {
     "id": "featuredRelations",
     "restrictions": {
      "remove": true,
      "drag": true,
      "dropOn": true
     },
     "featuredRelations": {

     }
    },
    {
     "id": "ct-459df79e1233ed160413f95972f31aba",
     "restrictions": {

     },
     "childrenIds": [
      "6450c4221cac637ebbd1c147",
      "6450c4ce1cac637ebbd1c14a",
      "6450c4f21cac637ebbd1c14d"
     ],
     "layout": {
      "style": "Column"
     }
    },
    {
     "id": "cd-459df79e1233ed160413f95972f31aba",
     "restrictions": {

     },
     "childrenIds": [
      "65167f711cac630478df22de"
     ],
     "layout": {
      "style": "Column"
     }
    },
    {
     "id": "6450c4221cac637ebbd1c147",
     "restrictions": {

     },
     "relation": {
      "key": "651686661cac630478df2355"
     }
    },
    {
     "id": "6450c4ce1cac637ebbd1c14a",
     "restrictions": {

     },
     "relation": {
      "key": "651686711cac630478df2356"
     }
    },
    {
     "id": "6450c4f21cac637ebbd1c14d",
     "restrictions": {

     },
     "relation": {
      "key": "651686791cac630478df2357"
     }
    },
    {
     "id": "65167f711cac630478df22de",
     "restrictions": {

     },
     "file": {
      "type": "Image"
     }
    }
   ],
   "details": {
     "6450c4311cac637ebbd1c148": null,
     "6450c4e51cac637ebbd1c14b": "",
     "6450c5a21cac637ebbd1c14e": null,
     "backlinks": [
        "bafyreifiiios724dkmw3bfoahwdplg5lqpvoo7gcbjpswyxdshajutqblu"
       ],
     "coverId": "",
     "coverScale": 0,
     "coverType": 0,
     "coverX": 0,
     "coverY": 0,
     "createdDate": 1683014649,
     "creator": "bafyreifgsgonjfxqonf5vcgehn5gtryctqkmvzeg22pw2eifxon3ixybpm",
     "description": "",
     "featuredRelations": [
        "type",
        "description"
       ],
     "iconEmoji": "📘",
     "iconImage": "",
     "id": "bafyreicngp2zb2daae6f7myrqhpyapfyl35e3dlihurgtgxcxuajzcquou",
     "lastModifiedBy": "bafyreifgsgonjfxqonf5vcgehn5gtryctqkmvzeg22pw2eifxon3ixybpm",
     "lastModifiedDate": 1695975033,
     "lastOpenedDate": 1702406247,
     "layout": 0,
     "links": [
       ],
     "name": "Passport",
     "oldAnytypeID": "bafyreiejirvlnhf63zyapvfbcx45vc5ljlydqwzo5ot3cfici7dkwfy2xi",
     "restrictions": [
       ],
     "snippet": "",
     "sourceFilePath": "json:/Users/charlotte/Downloads/Anytype.20230929.100832.3.zip/bafyreiejirvlnhf63zyapvfbcx45vc5ljlydqwzo5ot3cfici7dkwfy2xi.pb.json",
     "spaceId": "bafyreifjcylqxkapxfzx3ejmhk6wtpt36glkgkjlo6tx67526zexvvc62m.3si26jja7kyrt",
     "type": "bafyreihhstbjwzvoiit5excgc7icc22n4zgt7zks6bzlh47tdk7dwiwkoq",
     "workspaceId": "bafyreiewj2jurco4r4xcpamzdkk3jws5n7jktedr3zdshbyezglsqu4ody"
    },
   "objectTypes": [
    "ot-document"
   ],
   "relationLinks": [
    {
     "key": "id",
     "format": "object"
    },
    {
     "key": "snippet"
    },
    {
     "key": "workspaceId",
     "format": "object"
    },
    {
     "key": "createdDate",
     "format": "date"
    },
    {
     "key": "creator",
     "format": "object"
    },
    {
     "key": "type",
     "format": "object"
    },
    {
     "key": "internalFlags",
     "format": "number"
    },
    {
     "key": "name",
     "format": "shorttext"
    },
    {
     "key": "description"
    },
    {
     "key": "iconEmoji",
     "format": "emoji"
    },
    {
     "key": "iconImage",
     "format": "file"
    },
    {
     "key": "layout",
     "format": "number"
    },
    {
     "key": "layoutAlign",
     "format": "number"
    },
    {
     "key": "coverId",
     "format": "shorttext"
    },
    {
     "key": "coverScale",
     "format": "number"
    },
    {
     "key": "coverType",
     "format": "number"
    },
    {
     "key": "coverX",
     "format": "number"
    },
    {
     "key": "coverY",
     "format": "number"
    },
    {
     "key": "lastModifiedDate",
     "format": "date"
    },
    {
     "key": "lastModifiedBy",
     "format": "object"
    },
    {
     "key": "lastOpenedDate",
     "format": "date"
    },
    {
     "key": "featuredRelations",
     "format": "object"
    },
    {
     "key": "isFavorite",
     "format": "checkbox"
    },
    {
     "key": "links",
     "format": "object"
    },
    {
     "key": "restrictions",
     "format": "number"
    },
    {
     "key": "6450c4311cac637ebbd1c148",
     "format": "date"
    },
    {
     "key": "6450c4e51cac637ebbd1c14b"
    },
    {
     "key": "6450c5a21cac637ebbd1c14e",
     "format": "number"
    },
    {
     "key": "isArchived",
     "format": "checkbox"
    },
    {
     "key": "spaceId",
     "format": "object"
    },
    {
     "key": "backlinks",
     "format": "object"
    },
    {
     "key": "oldAnytypeID"
    },
    {
     "key": "sourceFilePath"
    },
    {
     "key": "651686661cac630478df2355",
     "format": "number"
    },
    {
     "key": "651686711cac630478df2356",
     "format": "date"
    },
    {
     "key": "651686791cac630478df2357"
    }
   ]
  }
 }
}