{
 "sbType": "STType",
 "snapshot": {
  "data": {
   "blocks": [
    {
     "id": "bafyreidnwd4piz57iw7ii7phmcp6j7s3rtglhot3bvdem434icymgg272i",
     "childrenIds": [
      "header"
     ],
     "smartblock": {

     }
    },
    {
     "id": "header",
     "restrictions": {
      "edit": true,
      "remove": true,
      "drag": true,
      "dropOn": true
     },
     "childrenIds": [
      "title",
      "featuredRelations"
     ],
     "layout": {
      "style": "Header"
     }
    },
    {
     "id": "title",
     "fields": {
       "_detailsKey": [
          "name",
          "done"
         ]
      },
     "restrictions": {
      "remove": true,
      "drag": true,
      "dropOn": true
     },
     "text": {
      "style": "Title",
      "marks": {

      }
     }
    },
    {
     "id": "featuredRelations",
     "restrictions": {
      "remove": true,
      "drag": true,
      "dropOn": true
     },
     "featuredRelations": {

     }
    }
   ],
   "details": {
     "backlinks": [
       ],
     "createdDate": 1702406213,
     "creator": "_id_AAWXzJVAxKwcaHqGVeVUsi78kqRXwsCQVBUdLhxdDT2xjrkC",
     "description": "A piece of work to be done or undertaken",
     "featuredRelations": [
        "type"
       ],
     "iconEmoji": "✅",
     "id": "bafyreidnwd4piz57iw7ii7phmcp6j7s3rtglhot3bvdem434icymgg272i",
     "isHidden": false,
     "isReadonly": true,
     "lastModifiedBy": "_id_AAWXzJVAxKwcaHqGVeVUsi78kqRXwsCQVBUdLhxdDT2xjrkC",
     "lastModifiedDate": 1702406213,
     "layout": 4,
     "links": [
       ],
     "name": "Task",
     "recommendedLayout": 2,
     "recommendedRelations": [
        "bafyreicvyjqu6papwsimbetmynz5mdg77vuirxmcsopes5zd2zsbwxdhdq",
        "bafyreih56vyu3kqmv53hsl5jkutpzg3owdq5mzwquqecohmwrx4ohqyyty",
        "bafyreihiqhiaqwvjtvxyos7lx723zf4www6wnkmv4alm4yauyjeq3d45ka",
        "bafyreihvmubkvnylidm45ksbdhb7px34q2py2opctbswnz5vqptjz2blfi",
        "bafyreiefgw3hujh35wsyk2ocvu55vmxrsq6r7kuwgeui3gqt5yknunp3pa",
        "bafyreialxf5b6qyecpf3nuq54ge4z67ddcscyekmkdkjzvvm3agadagc5a",
        "bafyreigdzrovhmkw3oml5soejfuxtidvbz6ajhevy6x2kz6gpnkvf5oazm",
        "bafyreicxxu5xg4x4jcp6dq5hcejocnrlmuumgztgqz2yga2wm5dkuwalnu",
        "bafyreidg7di44bwdtbqnramvorkmzb4o6cdcao6smlp7uj73mdcumk4eni",
        "bafyreiebfgcgb4sbnlvgif2cethgkpjtk2dtnfbdhvelptvq4jv4nc3xaq"
       ],
     "restrictions": [
        3,
        6,
        5,
        7,
        4,
        1
       ],
     "smartblockTypes": [
        16
       ],
     "snippet": "",
     "sourceObject": "_ottask",
     "spaceId": "bafyreifjcylqxkapxfzx3ejmhk6wtpt36glkgkjlo6tx67526zexvvc62m.3si26jja7kyrt",
     "type": "bafyreihigooxp7folhihrvdoghagj4hftxmyujwedravyc56x3qhuqfltq",
     "uniqueKey": "ot-task"
    },
   "objectTypes": [
    "ot-objectType"
   ],
   "relationLinks": [
    {
     "key": "description"
    },
    {
     "key": "isHidden",
     "format": "checkbox"
    },
    {
     "key": "name",
     "format": "shorttext"
    },
    {
     "key": "sourceObject",
     "format": "object"
    },
    {
     "key": "smartblockTypes",
     "format": "number"
    },
    {
     "key": "recommendedLayout",
     "format": "number"
    },
    {
     "key": "iconEmoji",
     "format": "emoji"
    },
    {
     "key": "recommendedRelations",
     "format": "object"
    },
    {
     "key": "layout",
     "format": "number"
    },
    {
     "key": "backlinks",
     "format": "object"
    },
    {
     "key": "creator",
     "format": "object"
    },
    {
     "key": "createdDate",
     "format": "date"
    },
    {
     "key": "id",
     "format": "object"
    },
    {
     "key": "spaceId",
     "format": "object"
    },
    {
     "key": "type",
     "format": "object"
    },
    {
     "key": "uniqueKey"
    },
    {
     "key": "isReadonly",
     "format": "checkbox"
    },
    {
     "key": "snippet"
    },
    {
     "key": "iconImage",
     "format": "file"
    },
    {
     "key": "layoutAlign",
     "format": "number"
    },
    {
     "key": "coverId"
    },
    {
     "key": "coverScale",
     "format": "number"
    },
    {
     "key": "coverType",
     "format": "number"
    },
    {
     "key": "coverX",
     "format": "number"
    },
    {
     "key": "coverY",
     "format": "number"
    },
    {
     "key": "lastModifiedDate",
     "format": "date"
    },
    {
     "key": "lastModifiedBy",
     "format": "object"
    },
    {
     "key": "lastOpenedDate",
     "format": "date"
    },
    {
     "key": "featuredRelations",
     "format": "object"
    },
    {
     "key": "isFavorite",
     "format": "checkbox"
    },
    {
     "key": "workspaceId",
     "format": "object"
    },
    {
     "key": "links",
     "format": "object"
    },
    {
     "key": "internalFlags",
     "format": "number"
    },
    {
     "key": "restrictions",
     "format": "number"
    }
   ],
   "key": "task"
  }
 }
}