{
 "sbType": "Page",
 "snapshot": {
  "data": {
   "blocks": [
    {
     "id": "bafyreibhozahgtz4cobjxj6r4qsycslgtu7oyp5uhdtmoqoxcx5fdxakwe",
     "restrictions": {

     },
     "childrenIds": [
      "header",
      "r-38bc4f6e7aaf908929645cbcc72420b5",
      "651684f71cac630478df231e"
     ],
     "smartblock": {

     }
    },
    {
     "id": "header",
     "restrictions": {
      "edit": true,
      "remove": true,
      "drag": true,
      "dropOn": true
     },
     "childrenIds": [
      "title",
      "description",
      "featuredRelations"
     ],
     "layout": {
      "style": "Header"
     }
    },
    {
     "id": "r-38bc4f6e7aaf908929645cbcc72420b5",
     "restrictions": {

     },
     "childrenIds": [
      "ct-38bc4f6e7aaf908929645cbcc72420b5",
      "cd-38bc4f6e7aaf908929645cbcc72420b5"
     ],
     "layout": {

     }
    },
    {
     "id": "651684f71cac630478df231e",
     "restrictions": {

     },
     "text": {
      "marks": {

      }
     }
    },
    {
     "id": "title",
     "fields": {
       "_detailsKey": [
          "name",
          "done"
         ]
      },
     "restrictions": {
      "remove": true,
      "drag": true,
      "dropOn": true
     },
     "text": {
      "style": "Title",
      "marks": {

      }
     }
    },
    {
     "id": "description",
     "fields": {
       "_detailsKey": "description"
      },
     "restrictions": {
      "remove": true,
      "drag": true,
      "dropOn": true
     },
     "text": {
      "style": "Description",
      "marks": {

      }
     }
    },
    {
     "id": "featuredRelations",
     "restrictions": {
      "remove": true,
      "drag": true,
      "dropOn": true
     },
     "featuredRelations": {

     }
    },
    {
     "id": "ct-38bc4f6e7aaf908929645cbcc72420b5",
     "restrictions": {

     },
     "childrenIds": [
      "651684b11cac630478df2314",
      "651684be1cac630478df2316",
      "651684e01cac630478df2318",
      "6516873f1cac630478df235d"
     ],
     "layout": {
      "style": "Column"
     }
    },
    {
     "id": "cd-38bc4f6e7aaf908929645cbcc72420b5",
     "restrictions": {

     },
     "childrenIds": [
      "651684f11cac630478df231c",
      "651684e61cac630478df231a",
      "651684f41cac630478df231d",
      "651684ef1cac630478df231b"
     ],
     "layout": {
      "style": "Column"
     }
    },
    {
     "id": "651684b11cac630478df2314",
     "restrictions": {

     },
     "relation": {
      "key": "651686711cac630478df2356"
     }
    },
    {
     "id": "651684be1cac630478df2316",
     "restrictions": {

     },
     "relation": {
      "key": "651687331cac630478df235c"
     }
    },
    {
     "id": "651684e01cac630478df2318",
     "restrictions": {

     },
     "relation": {
      "key": "6516876a1cac630478df235e"
     }
    },
    {
     "id": "6516873f1cac630478df235d",
     "text": {
      "marks": {

      }
     }
    },
    {
     "id": "651684f11cac630478df231c",
     "restrictions": {

     },
     "text": {
      "text": "Front:",
      "marks": {
       "marks": [
        {
         "range": {
          "to": 6
         },
         "type": "Bold"
        }
       ]
      }
     }
    },
    {
     "id": "651684e61cac630478df231a",
     "restrictions": {

     },
     "file": {
      "type": "Image"
     }
    },
    {
     "id": "651684f41cac630478df231d",
     "restrictions": {

     },
     "text": {
      "text": "Back:",
      "marks": {
       "marks": [
        {
         "range": {
          "to": 5
         },
         "type": "Bold"
        }
       ]
      }
     }
    },
    {
     "id": "651684ef1cac630478df231b",
     "restrictions": {

     },
     "file": {
      "type": "Image"
     }
    }
   ],
   "details": {
     "6450c4311cac637ebbd1c148": null,
     "6450c4e51cac637ebbd1c14b": "German Immigration Authority",
     "6450c5a21cac637ebbd1c14e": null,
     "backlinks": [
        "bafyreifiiios724dkmw3bfoahwdplg5lqpvoo7gcbjpswyxdshajutqblu"
       ],
     "createdDate": 1683107003,
     "creator": "bafyreifgsgonjfxqonf5vcgehn5gtryctqkmvzeg22pw2eifxon3ixybpm",
     "description": "",
     "featuredRelations": [
        "type",
        "description"
       ],
     "iconEmoji": "🏡",
     "iconImage": "",
     "id": "bafyreibhozahgtz4cobjxj6r4qsycslgtu7oyp5uhdtmoqoxcx5fdxakwe",
     "internalFlags": [
       ],
     "lastModifiedBy": "bafyreifgsgonjfxqonf5vcgehn5gtryctqkmvzeg22pw2eifxon3ixybpm",
     "lastModifiedDate": 1695975274,
     "lastOpenedDate": 1695975222,
     "layout": 0,
     "links": [
       ],
     "name": "Residence Permit",
     "oldAnytypeID": "bafyreihc5erxyzpdqlmj4oqx36iotq2t7yz4xppks7n35lvdyywyxsznx4",
     "restrictions": [
       ],
     "snippet": "Front:\nBack:",
     "sourceFilePath": "json:/Users/charlotte/Downloads/Anytype.20230929.100832.3.zip/bafyreihc5erxyzpdqlmj4oqx36iotq2t7yz4xppks7n35lvdyywyxsznx4.pb.json",
     "spaceId": "bafyreifjcylqxkapxfzx3ejmhk6wtpt36glkgkjlo6tx67526zexvvc62m.3si26jja7kyrt",
     "type": "bafyreihhstbjwzvoiit5excgc7icc22n4zgt7zks6bzlh47tdk7dwiwkoq",
     "workspaceId": "bafyreiewj2jurco4r4xcpamzdkk3jws5n7jktedr3zdshbyezglsqu4ody"
    },
   "objectTypes": [
    "ot-document"
   ],
   "relationLinks": [
    {
     "key": "id",
     "format": "object"
    },
    {
     "key": "snippet"
    },
    {
     "key": "workspaceId",
     "format": "object"
    },
    {
     "key": "createdDate",
     "format": "date"
    },
    {
     "key": "creator",
     "format": "object"
    },
    {
     "key": "type",
     "format": "object"
    },
    {
     "key": "internalFlags",
     "format": "number"
    },
    {
     "key": "name",
     "format": "shorttext"
    },
    {
     "key": "description"
    },
    {
     "key": "iconEmoji",
     "format": "emoji"
    },
    {
     "key": "iconImage",
     "format": "file"
    },
    {
     "key": "layout",
     "format": "number"
    },
    {
     "key": "layoutAlign",
     "format": "number"
    },
    {
     "key": "coverId",
     "format": "shorttext"
    },
    {
     "key": "coverScale",
     "format": "number"
    },
    {
     "key": "coverType",
     "format": "number"
    },
    {
     "key": "coverX",
     "format": "number"
    },
    {
     "key": "coverY",
     "format": "number"
    },
    {
     "key": "lastModifiedDate",
     "format": "date"
    },
    {
     "key": "lastModifiedBy",
     "format": "object"
    },
    {
     "key": "lastOpenedDate",
     "format": "date"
    },
    {
     "key": "featuredRelations",
     "format": "object"
    },
    {
     "key": "isFavorite",
     "format": "checkbox"
    },
    {
     "key": "links",
     "format": "object"
    },
    {
     "key": "restrictions",
     "format": "number"
    },
    {
     "key": "6450c4e51cac637ebbd1c14b"
    },
    {
     "key": "6450c5a21cac637ebbd1c14e",
     "format": "number"
    },
    {
     "key": "6450c4311cac637ebbd1c148",
     "format": "date"
    },
    {
     "key": "isArchived",
     "format": "checkbox"
    },
    {
     "key": "spaceId",
     "format": "object"
    },
    {
     "key": "backlinks",
     "format": "object"
    },
    {
     "key": "oldAnytypeID"
    },
    {
     "key": "sourceFilePath"
    },
    {
     "key": "address"
    },
    {
     "key": "651686711cac630478df2356",
     "format": "date"
    },
    {
     "key": "651687331cac630478df235c"
    },
    {
     "key": "6516876a1cac630478df235e"
    }
   ]
  }
 }
}