{
 "sbType": "Workspace",
 "snapshot": {
  "data": {
   "blocks": [
    {
     "id": "bafyreiewj2jurco4r4xcpamzdkk3jws5n7jktedr3zdshbyezglsqu4ody",
     "restrictions": {

     },
     "childrenIds": [
      "header"
     ],
     "smartblock": {

     }
    },
    {
     "id": "header",
     "restrictions": {
      "edit": true,
      "remove": true,
      "drag": true,
      "dropOn": true
     },
     "childrenIds": [
      "title",
      "featuredRelations"
     ],
     "layout": {
      "style": "Header"
     }
    },
    {
     "id": "title",
     "fields": {
       "_detailsKey": [
          "name",
          "done"
         ]
      },
     "restrictions": {
      "remove": true,
      "drag": true,
      "dropOn": true
     },
     "text": {
      "style": "Title",
      "marks": {

      }
     }
    },
    {
     "id": "featuredRelations",
     "restrictions": {
      "remove": true,
      "drag": true,
      "dropOn": true
     },
     "featuredRelations": {

     }
    }
   ],
   "details": {
     "backlinks": [
       ],
     "createdDate": 1695974922,
     "creator": "_id_AAWXzJVAxKwcaHqGVeVUsi78kqRXwsCQVBUdLhxdDT2xjrkC",
     "featuredRelations": [
        "type",
        "creator"
       ],
     "iconOption": 8,
     "id": "bafyreiewj2jurco4r4xcpamzdkk3jws5n7jktedr3zdshbyezglsqu4ody",
     "isHidden": true,
     "lastModifiedBy": "_id_AAWXzJVAxKwcaHqGVeVUsi78kqRXwsCQVBUdLhxdDT2xjrkC",
     "lastModifiedDate": 1702406213,
     "layout": 10,
     "links": [
       ],
     "name": "Data Vault",
     "restrictions": [
        3,
        2,
        1,
        6,
        5,
        7,
        8
       ],
     "snippet": "",
     "spaceAccessibility": 1,
     "spaceDashboardId": "bafyreic7ul6qvoyr3zwathfcee3l33isxukgjyvxtfiuiwkjwjk4dxshle",
     "spaceId": "bafyreifjcylqxkapxfzx3ejmhk6wtpt36glkgkjlo6tx67526zexvvc62m.3si26jja7kyrt",
     "type": "bafyreif4kdtri4t2xvdrvl5mwqp2pjvbmayasmd5hynz32ls74wc2wz64i",
     "workspaceId": "bafyreiewj2jurco4r4xcpamzdkk3jws5n7jktedr3zdshbyezglsqu4ody"
    },
   "objectTypes": [
    "ot-space"
   ],
   "collections": {
     "opt": {
        "64cbc073ccba0a7f50247689": {
           "createdDate": 1695974948,
           "featuredRelations": [
              "description",
              "type",
              "sourceObject"
             ],
           "lastModifiedBy": "_anytype_profile",
           "layout": 13,
           "name": "pre-installed",
           "oldAnytypeID": "64cbc073ccba0a7f50247689",
           "relationKey": "tag",
           "relationOptionColor": "yellow",
           "sourceFilePath": "pb:/Users/charlotte/Library/Application Support/anytype/alpha/data/tmp/tmp.20230929.100908.01.zip/64cbc073ccba0a7f50247689.pb",
           "type": "ot-relationOption",
           "uniqueKey": "opt-64cbc073ccba0a7f50247689"
          }
       },
     "ot": {
        "audio": {
           "createdDate": 1695974923,
           "description": "Auto-generated object from .wav, .mp3, .ogg files added to Anytype. Sound when recorded, with ability to reproduce",
           "iconEmoji": "🎵",
           "isHidden": false,
           "layout": 4,
           "name": "Audio",
           "recommendedLayout": 6,
           "recommendedRelations": [
              "rel-artist",
              "rel-audioAlbum",
              "rel-audioAlbumTrackNumber",
              "rel-audioGenre",
              "rel-releasedYear",
              "rel-thumbnailImage",
              "rel-composer",
              "rel-sizeInBytes",
              "rel-fileMimeType",
              "rel-addedDate",
              "rel-fileExt",
              "rel-audioArtist",
              "rel-audioLyrics"
             ],
           "smartblockTypes": [
              256
             ],
           "sourceObject": "_otaudio",
           "type": "ot-objectType"
          },
        "bookmark": {
           "createdDate": 1695974923,
           "description": "URL that is stored as Object and may be categorised and linked with objects",
           "iconEmoji": "🔖",
           "isHidden": false,
           "layout": 4,
           "name": "Bookmark",
           "recommendedLayout": 11,
           "recommendedRelations": [
              "rel-tag",
              "rel-source",
              "rel-picture"
             ],
           "smartblockTypes": [
              16
             ],
           "sourceObject": "_otbookmark",
           "type": "ot-objectType"
          },
        "collection": {
           "createdDate": 1695974923,
           "description": "Collect objects in one place, use different views to organize them",
           "iconEmoji": "🗂️",
           "isHidden": false,
           "layout": 4,
           "name": "Collection",
           "recommendedLayout": 14,
           "recommendedRelations": [
              "rel-tag",
              "rel-name"
             ],
           "smartblockTypes": [
              16
             ],
           "sourceObject": "_otcollection",
           "type": "ot-objectType"
          },
        "dashboard": {
           "createdDate": 1695974923,
           "description": "Internal home dashboard with favourite objects",
           "iconEmoji": "",
           "isHidden": true,
           "layout": 4,
           "name": "Dashboard",
           "recommendedLayout": 7,
           "recommendedRelations": [
             ],
           "smartblockTypes": [
              32
             ],
           "sourceObject": "_otdashboard",
           "type": "ot-objectType"
          },
        "date": {
           "createdDate": 1695974923,
           "description": "Gregorian calendar date",
           "iconEmoji": "📅",
           "isHidden": true,
           "layout": 4,
           "name": "Date",
           "recommendedLayout": 0,
           "recommendedRelations": [
              "rel-tag",
              "rel-name"
             ],
           "smartblockTypes": [
              516
             ],
           "sourceObject": "_otdate",
           "type": "ot-objectType"
          },
        "document": {
           "createdDate": 1695974995,
           "description": "A piece of matter that provides information or evidence or that serves as an official record",
           "iconEmoji": "📃",
           "isHidden": false,
           "layout": 4,
           "name": "Document",
           "recommendedLayout": 0,
           "recommendedRelations": [
              "rel-tag",
              "rel-name"
             ],
           "smartblockTypes": [
              16
             ],
           "sourceObject": "_otdocument",
           "type": "ot-objectType"
          },
        "file": {
           "createdDate": 1695974923,
           "description": "Auto-generated object from files added to Anytype. Computer resource for recording data in a computer storage device",
           "iconEmoji": "📎",
           "isHidden": false,
           "layout": 4,
           "name": "File",
           "recommendedLayout": 6,
           "recommendedRelations": [
              "rel-fileMimeType",
              "rel-sizeInBytes",
              "rel-addedDate",
              "rel-fileExt"
             ],
           "smartblockTypes": [
              256
             ],
           "sourceObject": "_otfile",
           "type": "ot-objectType",
           "uniqueKey": "ot-file"
          },
        "image": {
           "createdDate": 1695974923,
           "description": "Auto-generated object from .jpg \u0026 .png files added to Anytype. A representation of the external form of a person or thing in art",
           "iconEmoji": "🏞",
           "isHidden": false,
           "layout": 4,
           "name": "Image",
           "recommendedLayout": 8,
           "recommendedRelations": [
              "rel-fileMimeType",
              "rel-widthInPixels",
              "rel-camera",
              "rel-heightInPixels",
              "rel-sizeInBytes",
              "rel-cameraIso",
              "rel-aperture",
              "rel-exposure",
              "rel-addedDate",
              "rel-focalRatio",
              "rel-fileExt",
              "rel-iconImage"
             ],
           "smartblockTypes": [
              256
             ],
           "sourceObject": "_otimage",
           "type": "ot-objectType"
          },
        "note": {
           "createdDate": 1695974923,
           "description": "Blank canvas with no Title. A brief record of points written down as an aid to memory",
           "iconEmoji": "📝",
           "isHidden": false,
           "layout": 4,
           "name": "Note",
           "recommendedLayout": 9,
           "recommendedRelations": [
              "rel-tag"
             ],
           "smartblockTypes": [
              16
             ],
           "sourceObject": "_otnote",
           "type": "ot-objectType"
          },
        "objectType": {
           "createdDate": 1695974923,
           "description": "Object that contains a definition of some object type",
           "iconEmoji": "🥚",
           "isHidden": false,
           "layout": 4,
           "name": "Type",
           "recommendedLayout": 4,
           "recommendedRelations": [
              "rel-recommendedRelations",
              "rel-recommendedLayout",
              "rel-name"
             ],
           "smartblockTypes": [
              513,
              514
             ],
           "sourceObject": "_otobjectType",
           "type": "ot-objectType"
          },
        "page": {
           "createdDate": 1695974923,
           "description": "Blank canvas with Title",
           "iconEmoji": "📄",
           "isHidden": false,
           "layout": 4,
           "name": "Page",
           "recommendedLayout": 0,
           "recommendedRelations": [
              "rel-tag",
              "rel-name"
             ],
           "smartblockTypes": [
              16
             ],
           "sourceObject": "_otpage",
           "type": "ot-objectType"
          },
        "profile": {
           "createdDate": 1695974923,
           "description": "Homo sapiens",
           "iconEmoji": "🧍",
           "isHidden": false,
           "layout": 4,
           "name": "Human",
           "recommendedLayout": 1,
           "recommendedRelations": [
              "rel-tag",
              "rel-name"
             ],
           "smartblockTypes": [
              16,
              17
             ],
           "sourceObject": "_otprofile",
           "type": "ot-objectType"
          },
        "relation": {
           "createdDate": 1695974923,
           "description": "Meaningful connection between objects",
           "iconEmoji": "🔗",
           "isHidden": true,
           "layout": 4,
           "name": "Relation",
           "recommendedLayout": 5,
           "recommendedRelations": [
              "rel-relationFormat",
              "rel-relationMaxCount",
              "rel-relationDefaultValue",
              "rel-relationFormatObjectTypes"
             ],
           "smartblockTypes": [
              513,
              512
             ],
           "sourceObject": "_otrelation",
           "type": "ot-objectType"
          },
        "relationOption": {
           "createdDate": 1695974923,
           "description": "Object that contains a relation option",
           "iconEmoji": "🥚",
           "isHidden": true,
           "layout": 4,
           "name": "Relation option",
           "recommendedLayout": 13,
           "recommendedRelations": [
              "rel-name",
              "rel-relationOptionColor"
             ],
           "smartblockTypes": [
              513
             ],
           "sourceObject": "_otrelationOption",
           "type": "ot-objectType"
          },
        "set": {
           "createdDate": 1695974923,
           "description": "Query all objects in your space based on types and relations",
           "iconEmoji": "🔎",
           "isHidden": false,
           "layout": 4,
           "name": "Set",
           "recommendedLayout": 3,
           "recommendedRelations": [
              "rel-tag",
              "rel-setOf",
              "rel-name"
             ],
           "smartblockTypes": [
              16
             ],
           "sourceObject": "_otset",
           "type": "ot-objectType"
          },
        "space": {
           "createdDate": 1695974923,
           "description": "Space for sharing",
           "iconEmoji": "🌎",
           "isHidden": true,
           "layout": 4,
           "name": "Space",
           "recommendedLayout": 10,
           "recommendedRelations": [
              "rel-tag"
             ],
           "smartblockTypes": [
              518
             ],
           "sourceObject": "_otspace",
           "type": "ot-objectType"
          },
        "task": {
           "createdDate": 1695974923,
           "description": "A piece of work to be done or undertaken",
           "iconEmoji": "✅",
           "isHidden": false,
           "layout": 4,
           "name": "Task",
           "recommendedLayout": 2,
           "recommendedRelations": [
              "rel-tag",
              "rel-assignee",
              "rel-dueDate",
              "rel-attachments",
              "rel-status",
              "rel-done",
              "rel-priority",
              "rel-tasks",
              "rel-linkedProjects",
              "rel-name"
             ],
           "smartblockTypes": [
              16
             ],
           "sourceObject": "_ottask",
           "type": "ot-objectType"
          },
        "template": {
           "createdDate": 1695974923,
           "description": "Sample object that has already some details in place and used to create objects from",
           "iconEmoji": "",
           "isHidden": true,
           "layout": 4,
           "name": "Template",
           "recommendedLayout": 0,
           "recommendedRelations": [
              "rel-targetObjectType",
              "rel-templateIsBundled",
              "rel-name"
             ],
           "smartblockTypes": [
              288
             ],
           "sourceObject": "_ottemplate",
           "type": "ot-objectType"
          },
        "video": {
           "createdDate": 1695974923,
           "description": "Auto-generated object from .mpeg-4 files added to Anytype. The recording of moving visual images",
           "iconEmoji": "📽",
           "isHidden": false,
           "layout": 4,
           "name": "Video",
           "recommendedLayout": 6,
           "recommendedRelations": [
              "rel-sizeInBytes",
              "rel-fileMimeType",
              "rel-camera",
              "rel-thumbnailImage",
              "rel-heightInPixels",
              "rel-widthInPixels",
              "rel-cameraIso",
              "rel-aperture",
              "rel-exposure",
              "rel-addedDate",
              "rel-fileExt"
             ],
           "smartblockTypes": [
              256
             ],
           "sourceObject": "_otvideo",
           "type": "ot-objectType"
          }
       },
     "rel": {
        "651686661cac630478df2355": {
           "createdDate": 1695975014,
           "layout": 5,
           "name": "Number",
           "relationFormat": 2,
           "relationFormatObjectTypes": [
             ],
           "relationKey": "651686661cac630478df2355",
           "type": "ot-relation",
           "uniqueKey": "rel-651686661cac630478df2355"
          },
        "651686711cac630478df2356": {
           "createdDate": 1695975025,
           "layout": 5,
           "name": "Expiry Date",
           "relationFormat": 4,
           "relationFormatObjectTypes": [
             ],
           "relationKey": "651686711cac630478df2356",
           "type": "ot-relation",
           "uniqueKey": "rel-651686711cac630478df2356"
          },
        "651686791cac630478df2357": {
           "createdDate": 1695975033,
           "layout": 5,
           "name": "Issuing Authority",
           "relationFormat": 0,
           "relationFormatObjectTypes": [
             ],
           "relationKey": "651686791cac630478df2357",
           "type": "ot-relation",
           "uniqueKey": "rel-651686791cac630478df2357"
          },
        "651686bc1cac630478df2358": {
           "createdDate": 1695975100,
           "layout": 5,
           "name": "Policy Number",
           "relationFormat": 2,
           "relationFormatObjectTypes": [
             ],
           "relationKey": "651686bc1cac630478df2358",
           "type": "ot-relation",
           "uniqueKey": "rel-651686bc1cac630478df2358"
          },
        "651686eb1cac630478df2359": {
           "createdDate": 1695975147,
           "layout": 5,
           "name": "Insurance Company",
           "relationFormat": 0,
           "relationFormatObjectTypes": [
             ],
           "relationKey": "651686eb1cac630478df2359",
           "type": "ot-relation",
           "uniqueKey": "rel-651686eb1cac630478df2359"
          },
        "651686fa1cac630478df235a": {
           "createdDate": 1695975162,
           "layout": 5,
           "name": "Exam Date",
           "relationFormat": 4,
           "relationFormatObjectTypes": [
             ],
           "relationKey": "651686fa1cac630478df235a",
           "type": "ot-relation",
           "uniqueKey": "rel-651686fa1cac630478df235a"
          },
        "6516871f1cac630478df235b": {
           "createdDate": 1695975199,
           "layout": 5,
           "name": "Permit Class",
           "relationFormat": 0,
           "relationFormatObjectTypes": [
             ],
           "relationKey": "6516871f1cac630478df235b",
           "type": "ot-relation",
           "uniqueKey": "rel-6516871f1cac630478df235b"
          },
        "651687331cac630478df235c": {
           "createdDate": 1695975219,
           "layout": 5,
           "name": "Address",
           "relationFormat": 0,
           "relationFormatObjectTypes": [
             ],
           "relationKey": "651687331cac630478df235c",
           "type": "ot-relation",
           "uniqueKey": "rel-651687331cac630478df235c"
          },
        "6516876a1cac630478df235e": {
           "createdDate": 1695975274,
           "layout": 5,
           "name": "Stay Reason",
           "relationFormat": 0,
           "relationFormatObjectTypes": [
             ],
           "relationKey": "6516876a1cac630478df235e",
           "type": "ot-relation",
           "uniqueKey": "rel-6516876a1cac630478df235e"
          },
        "addedDate": {
           "description": "Date when the file were added into the anytype",
           "isHidden": false,
           "layout": 5,
           "name": "Added date",
           "relationDefaultValue": null,
           "relationFormat": 4,
           "relationFormatObjectTypes": [
             ],
           "relationKey": "addedDate",
           "relationMaxCount": 1,
           "relationReadonlyValue": true,
           "scope": 1,
           "sourceObject": "_braddedDate",
           "type": "ot-relation",
           "uniqueKey": "rel-addedDate"
          },
        "aperture": {
           "description": "",
           "isHidden": false,
           "layout": 5,
           "name": "Camera aperture",
           "relationDefaultValue": null,
           "relationFormat": 0,
           "relationFormatObjectTypes": [
             ],
           "relationKey": "aperture",
           "relationMaxCount": 1,
           "relationReadonlyValue": false,
           "scope": 1,
           "sourceObject": "_braperture",
           "type": "ot-relation",
           "uniqueKey": "rel-aperture"
          },
        "artist": {
           "description": "Name of artist",
           "isHidden": false,
           "layout": 5,
           "name": "Artist",
           "relationDefaultValue": null,
           "relationFormat": 0,
           "relationFormatObjectTypes": [
             ],
           "relationKey": "artist",
           "relationMaxCount": 1,
           "relationReadonlyValue": false,
           "scope": 1,
           "sourceObject": "_brartist",
           "type": "ot-relation",
           "uniqueKey": "rel-artist"
          },
        "assignee": {
           "description": "Person who is responsible for this task or object",
           "isHidden": false,
           "layout": 5,
           "name": "Assignee",
           "relationDefaultValue": null,
           "relationFormat": 100,
           "relationFormatObjectTypes": [
              "ot-profile",
              "ot-contact"
             ],
           "relationKey": "assignee",
           "relationMaxCount": 0,
           "relationReadonlyValue": false,
           "scope": 1,
           "sourceObject": "_brassignee",
           "type": "ot-relation",
           "uniqueKey": "rel-assignee"
          },
        "attachments": {
           "description": "",
           "isHidden": false,
           "layout": 5,
           "name": "Attachments",
           "relationDefaultValue": null,
           "relationFormat": 5,
           "relationFormatObjectTypes": [
              "ot-file",
              "ot-image",
              "ot-video",
              "ot-audio"
             ],
           "relationKey": "attachments",
           "relationMaxCount": 0,
           "relationReadonlyValue": false,
           "scope": 1,
           "sourceObject": "_brattachments",
           "type": "ot-relation",
           "uniqueKey": "rel-attachments"
          },
        "audioAlbum": {
           "description": "Audio record's album name",
           "isHidden": false,
           "layout": 5,
           "name": "Album",
           "relationDefaultValue": null,
           "relationFormat": 0,
           "relationFormatObjectTypes": [
             ],
           "relationKey": "audioAlbum",
           "relationMaxCount": 1,
           "relationReadonlyValue": false,
           "scope": 1,
           "sourceObject": "_braudioAlbum",
           "type": "ot-relation",
           "uniqueKey": "rel-audioAlbum"
          },
        "audioAlbumTrackNumber": {
           "description": "Number of the track in the",
           "isHidden": false,
           "layout": 5,
           "name": "Track #",
           "relationDefaultValue": null,
           "relationFormat": 2,
           "relationFormatObjectTypes": [
             ],
           "relationKey": "audioAlbumTrackNumber",
           "relationMaxCount": 1,
           "relationReadonlyValue": false,
           "scope": 1,
           "sourceObject": "_braudioAlbumTrackNumber",
           "type": "ot-relation",
           "uniqueKey": "rel-audioAlbumTrackNumber"
          },
        "audioArtist": {
           "description": "The artist that performed this album or recording",
           "isHidden": false,
           "layout": 5,
           "name": "Recording Artist",
           "relationDefaultValue": null,
           "relationFormat": 0,
           "relationFormatObjectTypes": [
             ],
           "relationKey": "audioArtist",
           "relationMaxCount": 1,
           "relationReadonlyValue": false,
           "scope": 1,
           "sourceObject": "_braudioArtist",
           "type": "ot-relation",
           "uniqueKey": "rel-audioArtist"
          },
        "audioGenre": {
           "description": "Audio record's genre name",
           "isHidden": false,
           "layout": 5,
           "name": "Genre",
           "relationDefaultValue": null,
           "relationFormat": 0,
           "relationFormatObjectTypes": [
             ],
           "relationKey": "audioGenre",
           "relationMaxCount": 1,
           "relationReadonlyValue": false,
           "scope": 1,
           "sourceObject": "_braudioGenre",
           "type": "ot-relation",
           "uniqueKey": "rel-audioGenre"
          },
        "audioLyrics": {
           "description": "The text lyrics of the music record",
           "isHidden": false,
           "layout": 5,
           "name": "Lyrics",
           "relationDefaultValue": null,
           "relationFormat": 0,
           "relationFormatObjectTypes": [
             ],
           "relationKey": "audioLyrics",
           "relationMaxCount": 1,
           "relationReadonlyValue": false,
           "scope": 1,
           "sourceObject": "_braudioLyrics",
           "type": "ot-relation",
           "uniqueKey": "rel-audioLyrics"
          },
        "backlinks": {
           "createdDate": 1695974923,
           "description": "List of backlinks",
           "isHidden": true,
           "layout": 5,
           "name": "Backlinks",
           "relationDefaultValue": null,
           "relationFormat": 100,
           "relationFormatObjectTypes": [
             ],
           "relationKey": "backlinks",
           "relationMaxCount": 1,
           "relationReadonlyValue": false,
           "scope": 1,
           "sourceObject": "_brbacklinks",
           "type": "ot-relation",
           "uniqueKey": "rel-backlinks"
          },
        "camera": {
           "description": "Camera used to capture image or video",
           "isHidden": false,
           "layout": 5,
           "name": "Camera",
           "relationDefaultValue": null,
           "relationFormat": 0,
           "relationFormatObjectTypes": [
             ],
           "relationKey": "camera",
           "relationMaxCount": 1,
           "relationReadonlyValue": false,
           "scope": 1,
           "sourceObject": "_brcamera",
           "type": "ot-relation",
           "uniqueKey": "rel-camera"
          },
        "cameraIso": {
           "description": "",
           "isHidden": false,
           "layout": 5,
           "name": "ISO",
           "relationDefaultValue": null,
           "relationFormat": 2,
           "relationFormatObjectTypes": [
             ],
           "relationKey": "cameraIso",
           "relationMaxCount": 1,
           "relationReadonlyValue": false,
           "scope": 1,
           "sourceObject": "_brcameraIso",
           "type": "ot-relation",
           "uniqueKey": "rel-cameraIso"
          },
        "composer": {
           "description": "",
           "isHidden": false,
           "layout": 5,
           "name": "Composer",
           "relationDefaultValue": null,
           "relationFormat": 0,
           "relationFormatObjectTypes": [
             ],
           "relationKey": "composer",
           "relationMaxCount": 1,
           "relationReadonlyValue": false,
           "scope": 1,
           "sourceObject": "_brcomposer",
           "type": "ot-relation",
           "uniqueKey": "rel-composer"
          },
        "coverId": {
           "createdDate": 1695974923,
           "description": "Can contains image hash, color or prebuild bg id, depends on coverType relation",
           "isHidden": true,
           "layout": 5,
           "name": "Cover image or color",
           "relationDefaultValue": null,
           "relationFormat": 0,
           "relationFormatObjectTypes": [
             ],
           "relationKey": "coverId",
           "relationMaxCount": 1,
           "relationReadonlyValue": false,
           "scope": 1,
           "sourceObject": "_brcoverId",
           "type": "ot-relation",
           "uniqueKey": "rel-coverId"
          },
        "coverScale": {
           "createdDate": 1695974923,
           "description": "Option that contains scale of Cover the image",
           "isHidden": true,
           "layout": 5,
           "name": "Cover scale",
           "relationDefaultValue": null,
           "relationFormat": 2,
           "relationFormatObjectTypes": [
             ],
           "relationKey": "coverScale",
           "relationMaxCount": 1,
           "relationReadonlyValue": false,
           "scope": 1,
           "sourceObject": "_brcoverScale",
           "type": "ot-relation",
           "uniqueKey": "rel-coverScale"
          },
        "coverType": {
           "createdDate": 1695974923,
           "description": "1-image, 2-color, 3-gradient, 4-prebuilt bg image. Value stored in coverId",
           "isHidden": true,
           "layout": 5,
           "name": "Cover type",
           "relationDefaultValue": null,
           "relationFormat": 2,
           "relationFormatObjectTypes": [
             ],
           "relationKey": "coverType",
           "relationMaxCount": 1,
           "relationReadonlyValue": false,
           "scope": 1,
           "sourceObject": "_brcoverType",
           "type": "ot-relation",
           "uniqueKey": "rel-coverType"
          },
        "coverX": {
           "createdDate": 1695974923,
           "description": "Image x offset of the provided image",
           "isHidden": true,
           "layout": 5,
           "name": "Cover x offset",
           "relationDefaultValue": null,
           "relationFormat": 2,
           "relationFormatObjectTypes": [
             ],
           "relationKey": "coverX",
           "relationMaxCount": 1,
           "relationReadonlyValue": false,
           "scope": 1,
           "sourceObject": "_brcoverX",
           "type": "ot-relation",
           "uniqueKey": "rel-coverX"
          },
        "coverY": {
           "createdDate": 1695974923,
           "description": "Image y offset of the provided image",
           "isHidden": true,
           "layout": 5,
           "name": "Cover y offset",
           "relationDefaultValue": null,
           "relationFormat": 2,
           "relationFormatObjectTypes": [
             ],
           "relationKey": "coverY",
           "relationMaxCount": 1,
           "relationReadonlyValue": false,
           "scope": 1,
           "sourceObject": "_brcoverY",
           "type": "ot-relation",
           "uniqueKey": "rel-coverY"
          },
        "createdDate": {
           "createdDate": 1695974923,
           "description": "Date when the object was initially created",
           "isHidden": false,
           "layout": 5,
           "name": "Creation date",
           "relationDefaultValue": null,
           "relationFormat": 4,
           "relationFormatObjectTypes": [
             ],
           "relationKey": "createdDate",
           "relationMaxCount": 1,
           "relationReadonlyValue": true,
           "scope": 1,
           "sourceObject": "_brcreatedDate",
           "type": "ot-relation",
           "uniqueKey": "rel-createdDate"
          },
        "creator": {
           "createdDate": 1695974923,
           "description": "Human which created this object",
           "isHidden": true,
           "layout": 5,
           "name": "Created by",
           "relationDefaultValue": null,
           "relationFormat": 100,
           "relationFormatObjectTypes": [
             ],
           "relationKey": "creator",
           "relationMaxCount": 1,
           "relationReadonlyValue": true,
           "scope": 1,
           "sourceObject": "_brcreator",
           "type": "ot-relation",
           "uniqueKey": "rel-creator"
          },
        "defaultTemplateId": {
           "createdDate": 1695974923,
           "description": "ID of template chosen as default for particular object type",
           "isHidden": true,
           "layout": 5,
           "name": "Default Template ID",
           "relationDefaultValue": null,
           "relationFormat": 100,
           "relationFormatObjectTypes": [
             ],
           "relationKey": "defaultTemplateId",
           "relationMaxCount": 1,
           "relationReadonlyValue": false,
           "scope": 1,
           "sourceObject": "_brdefaultTemplateId",
           "type": "ot-relation",
           "uniqueKey": "rel-defaultTemplateId"
          },
        "description": {
           "createdDate": 1695974923,
           "description": "",
           "isHidden": false,
           "layout": 5,
           "name": "Description",
           "relationDefaultValue": null,
           "relationFormat": 0,
           "relationFormatObjectTypes": [
             ],
           "relationKey": "description",
           "relationMaxCount": 1,
           "relationReadonlyValue": false,
           "scope": 1,
           "sourceObject": "_brdescription",
           "type": "ot-relation",
           "uniqueKey": "rel-description"
          },
        "done": {
           "description": "Done checkbox used to render action layout. ",
           "isHidden": true,
           "layout": 5,
           "name": "Done",
           "relationDefaultValue": null,
           "relationFormat": 6,
           "relationFormatObjectTypes": [
             ],
           "relationKey": "done",
           "relationMaxCount": 1,
           "relationReadonlyValue": false,
           "scope": 1,
           "sourceObject": "_brdone",
           "type": "ot-relation",
           "uniqueKey": "rel-done"
          },
        "dueDate": {
           "description": "",
           "isHidden": false,
           "layout": 5,
           "name": "Due date",
           "relationDefaultValue": null,
           "relationFormat": 4,
           "relationFormatObjectTypes": [
             ],
           "relationKey": "dueDate",
           "relationMaxCount": 1,
           "relationReadonlyValue": false,
           "scope": 1,
           "sourceObject": "_brdueDate",
           "type": "ot-relation",
           "uniqueKey": "rel-dueDate"
          },
        "exposure": {
           "description": "",
           "isHidden": false,
           "layout": 5,
           "name": "Camera exposure",
           "relationDefaultValue": null,
           "relationFormat": 0,
           "relationFormatObjectTypes": [
             ],
           "relationKey": "exposure",
           "relationMaxCount": 1,
           "relationReadonlyValue": false,
           "scope": 1,
           "sourceObject": "_brexposure",
           "type": "ot-relation",
           "uniqueKey": "rel-exposure"
          },
        "featuredRelations": {
           "createdDate": 1695974923,
           "description": "Important relations that always appear at the top of the object",
           "isHidden": true,
           "layout": 5,
           "name": "Featured Relations",
           "relationDefaultValue": null,
           "relationFormat": 100,
           "relationFormatObjectTypes": [
              "ot-relation"
             ],
           "relationKey": "featuredRelations",
           "relationMaxCount": 0,
           "relationReadonlyValue": false,
           "scope": 1,
           "sourceObject": "_brfeaturedRelations",
           "type": "ot-relation",
           "uniqueKey": "rel-featuredRelations"
          },
        "fileExt": {
           "description": "",
           "isHidden": false,
           "layout": 5,
           "name": "File extension",
           "relationDefaultValue": null,
           "relationFormat": 0,
           "relationFormatObjectTypes": [
             ],
           "relationKey": "fileExt",
           "relationMaxCount": 1,
           "relationReadonlyValue": true,
           "scope": 1,
           "sourceObject": "_brfileExt",
           "type": "ot-relation",
           "uniqueKey": "rel-fileExt"
          },
        "fileMimeType": {
           "description": "Mime type of object",
           "isHidden": true,
           "layout": 5,
           "name": "Mime type",
           "relationDefaultValue": null,
           "relationFormat": 0,
           "relationFormatObjectTypes": [
             ],
           "relationKey": "fileMimeType",
           "relationMaxCount": 1,
           "relationReadonlyValue": false,
           "scope": 1,
           "sourceObject": "_brfileMimeType",
           "type": "ot-relation",
           "uniqueKey": "rel-fileMimeType"
          },
        "fileSyncStatus": {
           "createdDate": 1695974923,
           "description": "File sync status",
           "isHidden": true,
           "layout": 5,
           "name": "File sync status",
           "relationDefaultValue": null,
           "relationFormat": 2,
           "relationFormatObjectTypes": [
             ],
           "relationKey": "fileSyncStatus",
           "relationMaxCount": 1,
           "relationReadonlyValue": true,
           "scope": 1,
           "sourceObject": "_brfileSyncStatus",
           "type": "ot-relation",
           "uniqueKey": "rel-fileSyncStatus"
          },
        "focalRatio": {
           "description": "",
           "isHidden": false,
           "layout": 5,
           "name": "Focal ratio",
           "relationDefaultValue": null,
           "relationFormat": 2,
           "relationFormatObjectTypes": [
             ],
           "relationKey": "focalRatio",
           "relationMaxCount": 1,
           "relationReadonlyValue": false,
           "scope": 1,
           "sourceObject": "_brfocalRatio",
           "type": "ot-relation",
           "uniqueKey": "rel-focalRatio"
          },
        "heightInPixels": {
           "description": "Height of image/video in pixels",
           "isHidden": false,
           "layout": 5,
           "name": "Height",
           "relationDefaultValue": null,
           "relationFormat": 2,
           "relationFormatObjectTypes": [
             ],
           "relationKey": "heightInPixels",
           "relationMaxCount": 1,
           "relationReadonlyValue": false,
           "scope": 1,
           "sourceObject": "_brheightInPixels",
           "type": "ot-relation",
           "uniqueKey": "rel-heightInPixels"
          },
        "iconEmoji": {
           "createdDate": 1695974923,
           "description": "1 emoji(can contains multiple UTF symbols) used as an icon",
           "isHidden": true,
           "layout": 5,
           "name": "Emoji",
           "relationDefaultValue": null,
           "relationFormat": 10,
           "relationFormatObjectTypes": [
             ],
           "relationKey": "iconEmoji",
           "relationMaxCount": 1,
           "relationReadonlyValue": false,
           "scope": 1,
           "sourceObject": "_briconEmoji",
           "type": "ot-relation",
           "uniqueKey": "rel-iconEmoji"
          },
        "iconImage": {
           "createdDate": 1695974923,
           "description": "Image icon",
           "isHidden": true,
           "layout": 5,
           "name": "Image",
           "relationDefaultValue": null,
           "relationFormat": 5,
           "relationFormatObjectTypes": [
              "ot-image"
             ],
           "relationKey": "iconImage",
           "relationMaxCount": 1,
           "relationReadonlyValue": false,
           "scope": 1,
           "sourceObject": "_briconImage",
           "type": "ot-relation",
           "uniqueKey": "rel-iconImage"
          },
        "iconOption": {
           "createdDate": 1695974923,
           "description": "Choose one of our pre-installed icons during On-boarding",
           "isHidden": true,
           "layout": 5,
           "name": "Icon option",
           "relationDefaultValue": null,
           "relationFormat": 2,
           "relationFormatObjectTypes": [
             ],
           "relationKey": "iconOption",
           "relationMaxCount": 1,
           "relationReadonlyValue": false,
           "scope": 1,
           "sourceObject": "_briconOption",
           "type": "ot-relation",
           "uniqueKey": "rel-iconOption"
          },
        "id": {
           "createdDate": 1695974923,
           "description": "Link to itself. Used in databases",
           "isHidden": true,
           "layout": 5,
           "name": "Anytype ID",
           "relationDefaultValue": null,
           "relationFormat": 100,
           "relationFormatObjectTypes": [
             ],
           "relationKey": "id",
           "relationMaxCount": 1,
           "relationReadonlyValue": false,
           "scope": 1,
           "sourceObject": "_brid",
           "type": "ot-relation",
           "uniqueKey": "rel-id"
          },
        "internalFlags": {
           "createdDate": 1695974923,
           "description": "Set of internal flags",
           "isHidden": true,
           "layout": 5,
           "name": "Internal flags",
           "relationDefaultValue": null,
           "relationFormat": 2,
           "relationFormatObjectTypes": [
             ],
           "relationKey": "internalFlags",
           "relationMaxCount": 0,
           "relationReadonlyValue": true,
           "scope": 1,
           "sourceObject": "_brinternalFlags",
           "type": "ot-relation",
           "uniqueKey": "rel-internalFlags"
          },
        "isArchived": {
           "createdDate": 1695974923,
           "description": "Hides the object",
           "isHidden": true,
           "layout": 5,
           "name": "Archived",
           "relationDefaultValue": null,
           "relationFormat": 6,
           "relationFormatObjectTypes": [
             ],
           "relationKey": "isArchived",
           "relationMaxCount": 1,
           "relationReadonlyValue": false,
           "scope": 1,
           "sourceObject": "_brisArchived",
           "type": "ot-relation",
           "uniqueKey": "rel-isArchived"
          },
        "isDeleted": {
           "createdDate": 1695974923,
           "description": "Relation that indicates document has been deleted",
           "isHidden": true,
           "layout": 5,
           "name": "Is deleted",
           "relationDefaultValue": null,
           "relationFormat": 6,
           "relationFormatObjectTypes": [
             ],
           "relationKey": "isDeleted",
           "relationMaxCount": 1,
           "relationReadonlyValue": true,
           "scope": 1,
           "sourceObject": "_brisDeleted",
           "type": "ot-relation",
           "uniqueKey": "rel-isDeleted"
          },
        "isFavorite": {
           "createdDate": 1695974923,
           "description": "Adds the object to the home dashboard",
           "isHidden": true,
           "layout": 5,
           "name": "Favorited",
           "relationDefaultValue": null,
           "relationFormat": 6,
           "relationFormatObjectTypes": [
             ],
           "relationKey": "isFavorite",
           "relationMaxCount": 1,
           "relationReadonlyValue": false,
           "scope": 1,
           "sourceObject": "_brisFavorite",
           "type": "ot-relation",
           "uniqueKey": "rel-isFavorite"
          },
        "isHidden": {
           "createdDate": 1695974923,
           "description": "Specify if object is hidden",
           "isHidden": true,
           "layout": 5,
           "name": "Hidden",
           "relationDefaultValue": null,
           "relationFormat": 6,
           "relationFormatObjectTypes": [
             ],
           "relationKey": "isHidden",
           "relationMaxCount": 1,
           "relationReadonlyValue": false,
           "scope": 1,
           "sourceObject": "_brisHidden",
           "type": "ot-relation",
           "uniqueKey": "rel-isHidden"
          },
        "isReadonly": {
           "createdDate": 1695974923,
           "description": "Indicates whether the object is read-only. Means it can't be edited and archived",
           "isHidden": true,
           "layout": 5,
           "name": "Readonly",
           "relationDefaultValue": null,
           "relationFormat": 6,
           "relationFormatObjectTypes": [
             ],
           "relationKey": "isReadonly",
           "relationMaxCount": 1,
           "relationReadonlyValue": true,
           "scope": 1,
           "sourceObject": "_brisReadonly",
           "type": "ot-relation",
           "uniqueKey": "rel-isReadonly"
          },
        "lastModifiedBy": {
           "createdDate": 1695974923,
           "description": "Human who updated the object last time",
           "isHidden": false,
           "layout": 5,
           "name": "Last modified by",
           "relationDefaultValue": null,
           "relationFormat": 100,
           "relationFormatObjectTypes": [
              "ot-profile"
             ],
           "relationKey": "lastModifiedBy",
           "relationMaxCount": 1,
           "relationReadonlyValue": true,
           "scope": 1,
           "sourceObject": "_brlastModifiedBy",
           "type": "ot-relation",
           "uniqueKey": "rel-lastModifiedBy"
          },
        "lastModifiedDate": {
           "createdDate": 1695974923,
           "description": "Date when the object was modified last time",
           "isHidden": false,
           "layout": 5,
           "name": "Last modified date",
           "relationDefaultValue": null,
           "relationFormat": 4,
           "relationFormatObjectTypes": [
             ],
           "relationKey": "lastModifiedDate",
           "relationMaxCount": 1,
           "relationReadonlyValue": true,
           "scope": 1,
           "sourceObject": "_brlastModifiedDate",
           "type": "ot-relation",
           "uniqueKey": "rel-lastModifiedDate"
          },
        "lastOpenedDate": {
           "createdDate": 1695974923,
           "description": "Date when the object was modified last opened",
           "isHidden": false,
           "layout": 5,
           "name": "Last opened date",
           "relationDefaultValue": null,
           "relationFormat": 4,
           "relationFormatObjectTypes": [
             ],
           "relationKey": "lastOpenedDate",
           "relationMaxCount": 1,
           "relationReadonlyValue": true,
           "scope": 1,
           "sourceObject": "_brlastOpenedDate",
           "type": "ot-relation",
           "uniqueKey": "rel-lastOpenedDate"
          },
        "layout": {
           "createdDate": 1695974923,
           "description": "Anytype layout ID(from pb enum)",
           "isHidden": true,
           "layout": 5,
           "name": "Layout",
           "relationDefaultValue": null,
           "relationFormat": 2,
           "relationFormatObjectTypes": [
             ],
           "relationKey": "layout",
           "relationMaxCount": 1,
           "relationReadonlyValue": false,
           "scope": 1,
           "sourceObject": "_brlayout",
           "type": "ot-relation",
           "uniqueKey": "rel-layout"
          },
        "layoutAlign": {
           "createdDate": 1695974923,
           "description": "Specify visual align of the layout",
           "isHidden": true,
           "layout": 5,
           "name": "Layout align",
           "relationDefaultValue": null,
           "relationFormat": 2,
           "relationFormatObjectTypes": [
             ],
           "relationKey": "layoutAlign",
           "relationMaxCount": 1,
           "relationReadonlyValue": false,
           "scope": 1,
           "sourceObject": "_brlayoutAlign",
           "type": "ot-relation",
           "uniqueKey": "rel-layoutAlign"
          },
        "linkedProjects": {
           "description": "",
           "isHidden": false,
           "layout": 5,
           "name": "Linked Projects",
           "relationDefaultValue": null,
           "relationFormat": 100,
           "relationFormatObjectTypes": [
              "ot-task",
              "ot-project"
             ],
           "relationKey": "linkedProjects",
           "relationMaxCount": 0,
           "relationReadonlyValue": false,
           "scope": 1,
           "sourceObject": "_brlinkedProjects",
           "type": "ot-relation",
           "uniqueKey": "rel-linkedProjects"
          },
        "links": {
           "createdDate": 1695974923,
           "description": "Outgoing links",
           "isHidden": true,
           "layout": 5,
           "name": "Outgoing links",
           "relationDefaultValue": null,
           "relationFormat": 100,
           "relationFormatObjectTypes": [
             ],
           "relationKey": "links",
           "relationMaxCount": 0,
           "relationReadonlyValue": true,
           "scope": 1,
           "sourceObject": "_brlinks",
           "type": "ot-relation",
           "uniqueKey": "rel-links"
          },
        "name": {
           "createdDate": 1695974923,
           "description": "Name of the object",
           "isHidden": true,
           "layout": 5,
           "name": "Name",
           "relationDefaultValue": null,
           "relationFormat": 1,
           "relationFormatObjectTypes": [
             ],
           "relationKey": "name",
           "relationMaxCount": 1,
           "relationReadonlyValue": false,
           "scope": 1,
           "sourceObject": "_brname",
           "type": "ot-relation",
           "uniqueKey": "rel-name"
          },
        "oldAnytypeID": {
           "createdDate": 1695974923,
           "description": "",
           "isHidden": true,
           "layout": 5,
           "name": "Old Anytype ID",
           "relationDefaultValue": null,
           "relationFormat": 0,
           "relationFormatObjectTypes": [
             ],
           "relationKey": "oldAnytypeID",
           "relationMaxCount": 1,
           "relationReadonlyValue": true,
           "scope": 1,
           "sourceObject": "_broldAnytypeID",
           "type": "ot-relation",
           "uniqueKey": "rel-oldAnytypeID"
          },
        "picture": {
           "description": "An image is an artifact that depicts visual perception, such as a photograph or other two-dimensional picture",
           "isHidden": true,
           "layout": 5,
           "name": "Picture",
           "relationDefaultValue": null,
           "relationFormat": 5,
           "relationFormatObjectTypes": [
              "ot-image"
             ],
           "relationKey": "picture",
           "relationMaxCount": 1,
           "relationReadonlyValue": false,
           "scope": 1,
           "sourceObject": "_brpicture",
           "type": "ot-relation",
           "uniqueKey": "rel-picture"
          },
        "priority": {
           "description": "Used to order tasks in list/canban",
           "isHidden": false,
           "layout": 5,
           "name": "Priority",
           "relationDefaultValue": null,
           "relationFormat": 2,
           "relationFormatObjectTypes": [
             ],
           "relationKey": "priority",
           "relationMaxCount": 1,
           "relationReadonlyValue": false,
           "scope": 1,
           "sourceObject": "_brpriority",
           "type": "ot-relation",
           "uniqueKey": "rel-priority"
          },
        "recommendedLayout": {
           "description": "Recommended layout for new templates and objects of specific objec",
           "isHidden": true,
           "layout": 5,
           "name": "Recommended layout",
           "relationDefaultValue": null,
           "relationFormat": 2,
           "relationFormatObjectTypes": [
             ],
           "relationKey": "recommendedLayout",
           "relationMaxCount": 1,
           "relationReadonlyValue": false,
           "scope": 1,
           "sourceObject": "_brrecommendedLayout",
           "type": "ot-relation",
           "uniqueKey": "rel-recommendedLayout"
          },
        "recommendedRelations": {
           "description": "List of recommended relations",
           "isHidden": true,
           "layout": 5,
           "name": "Recommended relations",
           "relationDefaultValue": null,
           "relationFormat": 100,
           "relationFormatObjectTypes": [
              "ot-relation"
             ],
           "relationKey": "recommendedRelations",
           "relationMaxCount": 0,
           "relationReadonlyValue": false,
           "scope": 1,
           "sourceObject": "_brrecommendedRelations",
           "type": "ot-relation",
           "uniqueKey": "rel-recommendedRelations"
          },
        "relationDefaultValue": {
           "description": "",
           "isHidden": false,
           "layout": 5,
           "name": "Default value",
           "relationDefaultValue": null,
           "relationFormat": 0,
           "relationFormatObjectTypes": [
             ],
           "relationKey": "relationDefaultValue",
           "relationMaxCount": 1,
           "relationReadonlyValue": false,
           "scope": 1,
           "sourceObject": "_brrelationDefaultValue",
           "type": "ot-relation",
           "uniqueKey": "rel-relationDefaultValue"
          },
        "relationFormat": {
           "description": "Type of the underlying value",
           "isHidden": true,
           "layout": 5,
           "name": "Format",
           "relationDefaultValue": null,
           "relationFormat": 2,
           "relationFormatObjectTypes": [
             ],
           "relationKey": "relationFormat",
           "relationMaxCount": 1,
           "relationReadonlyValue": true,
           "scope": 1,
           "sourceObject": "_brrelationFormat",
           "type": "ot-relation",
           "uniqueKey": "rel-relationFormat"
          },
        "relationFormatObjectTypes": {
           "description": "Prioritized target types for the relation's value",
           "isHidden": true,
           "layout": 5,
           "name": "Relation's target object types",
           "relationDefaultValue": null,
           "relationFormat": 100,
           "relationFormatObjectTypes": [
             ],
           "relationKey": "relationFormatObjectTypes",
           "relationMaxCount": 0,
           "relationReadonlyValue": true,
           "scope": 1,
           "sourceObject": "_brrelationFormatObjectTypes",
           "type": "ot-relation",
           "uniqueKey": "rel-relationFormatObjectTypes"
          },
        "relationKey": {
           "createdDate": 1695974923,
           "description": "Relation key",
           "isHidden": true,
           "layout": 5,
           "name": "Relation key",
           "relationDefaultValue": null,
           "relationFormat": 0,
           "relationFormatObjectTypes": [
             ],
           "relationKey": "relationKey",
           "relationMaxCount": 1,
           "relationReadonlyValue": true,
           "scope": 1,
           "sourceObject": "_brrelationKey",
           "type": "ot-relation",
           "uniqueKey": "rel-relationKey"
          },
        "relationMaxCount": {
           "description": "Relation allows multi values",
           "isHidden": false,
           "layout": 5,
           "name": "Max values",
           "relationDefaultValue": null,
           "relationFormat": 2,
           "relationFormatObjectTypes": [
             ],
           "relationKey": "relationMaxCount",
           "relationMaxCount": 1,
           "relationReadonlyValue": false,
           "scope": 1,
           "sourceObject": "_brrelationMaxCount",
           "type": "ot-relation",
           "uniqueKey": "rel-relationMaxCount"
          },
        "relationOptionColor": {
           "createdDate": 1695974923,
           "description": "Relation option color",
           "isHidden": true,
           "layout": 5,
           "name": "Relation option color",
           "relationDefaultValue": null,
           "relationFormat": 0,
           "relationFormatObjectTypes": [
             ],
           "relationKey": "relationOptionColor",
           "relationMaxCount": 1,
           "relationReadonlyValue": true,
           "scope": 1,
           "sourceObject": "_brrelationOptionColor",
           "type": "ot-relation",
           "uniqueKey": "rel-relationOptionColor"
          },
        "relationReadonlyValue": {
           "createdDate": 1695974923,
           "description": "Indicates whether the relation value is readonly",
           "isHidden": true,
           "layout": 5,
           "name": "Relation value is readonly",
           "relationDefaultValue": null,
           "relationFormat": 6,
           "relationFormatObjectTypes": [
             ],
           "relationKey": "relationReadonlyValue",
           "relationMaxCount": 1,
           "relationReadonlyValue": true,
           "scope": 1,
           "sourceObject": "_brrelationReadonlyValue",
           "type": "ot-relation",
           "uniqueKey": "rel-relationReadonlyValue"
          },
        "releasedYear": {
           "description": "Year when this object were released",
           "isHidden": false,
           "layout": 5,
           "name": "Released year",
           "relationDefaultValue": null,
           "relationFormat": 2,
           "relationFormatObjectTypes": [
             ],
           "relationKey": "releasedYear",
           "relationMaxCount": 1,
           "relationReadonlyValue": false,
           "scope": 1,
           "sourceObject": "_brreleasedYear",
           "type": "ot-relation",
           "uniqueKey": "rel-releasedYear"
          },
        "restrictions": {
           "createdDate": 1695974923,
           "description": "Object restrictions list",
           "isHidden": true,
           "layout": 5,
           "name": "Object restrictions",
           "relationDefaultValue": null,
           "relationFormat": 2,
           "relationFormatObjectTypes": [
             ],
           "relationKey": "restrictions",
           "relationMaxCount": 1,
           "relationReadonlyValue": true,
           "scope": 1,
           "sourceObject": "_brrestrictions",
           "type": "ot-relation",
           "uniqueKey": "rel-restrictions"
          },
        "setOf": {
           "description": "Point to the object types or realtions used to aggregate the set. Empty means object of all types will be aggregated ",
           "isHidden": false,
           "layout": 5,
           "name": "Set of",
           "relationDefaultValue": null,
           "relationFormat": 100,
           "relationFormatObjectTypes": [
              "ot-objectType"
             ],
           "relationKey": "setOf",
           "relationMaxCount": 0,
           "relationReadonlyValue": true,
           "scope": 1,
           "sourceObject": "_brsetOf",
           "type": "ot-relation",
           "uniqueKey": "rel-setOf"
          },
        "sizeInBytes": {
           "description": "Size of file/image in bytes",
           "isHidden": false,
           "layout": 5,
           "name": "Size",
           "relationDefaultValue": null,
           "relationFormat": 2,
           "relationFormatObjectTypes": [
             ],
           "relationKey": "sizeInBytes",
           "relationMaxCount": 1,
           "relationReadonlyValue": false,
           "scope": 1,
           "sourceObject": "_brsizeInBytes",
           "type": "ot-relation",
           "uniqueKey": "rel-sizeInBytes"
          },
        "smartblockTypes": {
           "createdDate": 1695974923,
           "description": "Stored for object type. Contains tge list of smartblock types used to create the object",
           "isHidden": true,
           "layout": 5,
           "name": "Smartblock types",
           "relationDefaultValue": null,
           "relationFormat": 2,
           "relationFormatObjectTypes": [
             ],
           "relationKey": "smartblockTypes",
           "relationMaxCount": 0,
           "relationReadonlyValue": true,
           "scope": 1,
           "sourceObject": "_brsmartblockTypes",
           "type": "ot-relation",
           "uniqueKey": "rel-smartblockTypes"
          },
        "snippet": {
           "createdDate": 1695974923,
           "description": "Plaintext extracted from the object's blocks ",
           "isHidden": true,
           "layout": 5,
           "name": "Snippet",
           "relationDefaultValue": null,
           "relationFormat": 0,
           "relationFormatObjectTypes": [
             ],
           "relationKey": "snippet",
           "relationMaxCount": 1,
           "relationReadonlyValue": true,
           "scope": 1,
           "sourceObject": "_brsnippet",
           "type": "ot-relation",
           "uniqueKey": "rel-snippet"
          },
        "source": {
           "description": "",
           "isHidden": false,
           "layout": 5,
           "name": "Source",
           "relationDefaultValue": null,
           "relationFormat": 7,
           "relationFormatObjectTypes": [
             ],
           "relationKey": "source",
           "relationMaxCount": 1,
           "relationReadonlyValue": false,
           "scope": 1,
           "sourceObject": "_brsource",
           "type": "ot-relation",
           "uniqueKey": "rel-source"
          },
        "sourceFilePath": {
           "createdDate": 1695974923,
           "description": "File path or url with original object",
           "isHidden": true,
           "layout": 5,
           "name": "Source file path",
           "relationDefaultValue": null,
           "relationFormat": 0,
           "relationFormatObjectTypes": [
             ],
           "relationKey": "sourceFilePath",
           "relationMaxCount": 1,
           "relationReadonlyValue": false,
           "scope": 1,
           "sourceObject": "_brsourceFilePath",
           "type": "ot-relation",
           "uniqueKey": "rel-sourceFilePath"
          },
        "sourceObject": {
           "createdDate": 1695974923,
           "description": "",
           "isHidden": false,
           "layout": 5,
           "name": "Source object",
           "relationDefaultValue": null,
           "relationFormat": 100,
           "relationFormatObjectTypes": [
             ],
           "relationKey": "sourceObject",
           "relationMaxCount": 1,
           "relationReadonlyValue": true,
           "scope": 1,
           "sourceObject": "_brsourceObject",
           "type": "ot-relation",
           "uniqueKey": "rel-sourceObject"
          },
        "spaceAccessibility": {
           "createdDate": 1695974923,
           "description": "There are two options of accessibility of workspace - private (0) or public (1)",
           "isHidden": true,
           "layout": 5,
           "name": "Space accessibility",
           "relationDefaultValue": null,
           "relationFormat": 2,
           "relationFormatObjectTypes": [
             ],
           "relationKey": "spaceAccessibility",
           "relationMaxCount": 1,
           "relationReadonlyValue": false,
           "scope": 1,
           "sourceObject": "_brspaceAccessibility",
           "type": "ot-relation",
           "uniqueKey": "rel-spaceAccessibility"
          },
        "spaceDashboardId": {
           "createdDate": 1695974923,
           "description": "Space Dashboard object ID",
           "isHidden": true,
           "layout": 5,
           "name": "Space Dashboard ID",
           "relationDefaultValue": null,
           "relationFormat": 100,
           "relationFormatObjectTypes": [
             ],
           "relationKey": "spaceDashboardId",
           "relationMaxCount": 1,
           "relationReadonlyValue": false,
           "scope": 1,
           "sourceObject": "_brspaceDashboardId",
           "type": "ot-relation",
           "uniqueKey": "rel-spaceDashboardId"
          },
        "status": {
           "description": "Task status",
           "isHidden": false,
           "layout": 5,
           "name": "Status",
           "relationDefaultValue": null,
           "relationFormat": 3,
           "relationFormatObjectTypes": [
             ],
           "relationKey": "status",
           "relationMaxCount": 1,
           "relationReadonlyValue": true,
           "scope": 1,
           "sourceObject": "_brstatus",
           "type": "ot-relation",
           "uniqueKey": "rel-status"
          },
        "tag": {
           "description": "",
           "isHidden": false,
           "layout": 5,
           "name": "Tag",
           "relationDefaultValue": null,
           "relationFormat": 11,
           "relationFormatObjectTypes": [
             ],
           "relationKey": "tag",
           "relationMaxCount": 0,
           "relationReadonlyValue": true,
           "scope": 1,
           "sourceObject": "_brtag",
           "type": "ot-relation",
           "uniqueKey": "rel-tag"
          },
        "targetObjectType": {
           "description": "Type that is used for templating",
           "isHidden": true,
           "layout": 5,
           "name": "Template's Type",
           "relationDefaultValue": null,
           "relationFormat": 100,
           "relationFormatObjectTypes": [
              "ot-objectType"
             ],
           "relationKey": "targetObjectType",
           "relationMaxCount": 1,
           "relationReadonlyValue": false,
           "scope": 1,
           "sourceObject": "_brtargetObjectType",
           "type": "ot-relation",
           "uniqueKey": "rel-targetObjectType"
          },
        "tasks": {
           "description": "List of related tasks\n",
           "isHidden": false,
           "layout": 5,
           "name": "Tasks",
           "relationDefaultValue": null,
           "relationFormat": 100,
           "relationFormatObjectTypes": [
              "ot-task"
             ],
           "relationKey": "tasks",
           "relationMaxCount": 0,
           "relationReadonlyValue": false,
           "scope": 1,
           "sourceObject": "_brtasks",
           "type": "ot-relation",
           "uniqueKey": "rel-tasks"
          },
        "templateIsBundled": {
           "description": "Specifies whether template is provided by anytype",
           "isHidden": true,
           "layout": 5,
           "name": "Bundled Template",
           "relationDefaultValue": null,
           "relationFormat": 6,
           "relationFormatObjectTypes": [
             ],
           "relationKey": "templateIsBundled",
           "relationMaxCount": 1,
           "relationReadonlyValue": true,
           "scope": 1,
           "sourceObject": "_brtemplateIsBundled",
           "type": "ot-relation",
           "uniqueKey": "rel-templateIsBundled"
          },
        "thumbnailImage": {
           "description": "",
           "isHidden": false,
           "layout": 5,
           "name": "Thumbnail image",
           "relationDefaultValue": null,
           "relationFormat": 5,
           "relationFormatObjectTypes": [
              "ot-image"
             ],
           "relationKey": "thumbnailImage",
           "relationMaxCount": 0,
           "relationReadonlyValue": false,
           "scope": 1,
           "sourceObject": "_brthumbnailImage",
           "type": "ot-relation",
           "uniqueKey": "rel-thumbnailImage"
          },
        "type": {
           "createdDate": 1695974923,
           "description": "Relation that stores the object's type",
           "isHidden": false,
           "layout": 5,
           "name": "Object type",
           "relationDefaultValue": null,
           "relationFormat": 100,
           "relationFormatObjectTypes": [
              "ot-objectType"
             ],
           "relationKey": "type",
           "relationMaxCount": 1,
           "relationReadonlyValue": true,
           "scope": 1,
           "sourceObject": "_brtype",
           "type": "ot-relation",
           "uniqueKey": "rel-type"
          },
        "widthInPixels": {
           "description": "Width of image/video in pixels",
           "isHidden": false,
           "layout": 5,
           "name": "Width",
           "relationDefaultValue": null,
           "relationFormat": 2,
           "relationFormatObjectTypes": [
             ],
           "relationKey": "widthInPixels",
           "relationMaxCount": 1,
           "relationReadonlyValue": false,
           "scope": 1,
           "sourceObject": "_brwidthInPixels",
           "type": "ot-relation",
           "uniqueKey": "rel-widthInPixels"
          },
        "workspaceId": {
           "createdDate": 1695974923,
           "description": "Space object belongs to",
           "isHidden": true,
           "layout": 5,
           "name": "Space",
           "relationDefaultValue": null,
           "relationFormat": 100,
           "relationFormatObjectTypes": [
              "ot-space"
             ],
           "relationKey": "workspaceId",
           "relationMaxCount": 1,
           "relationReadonlyValue": true,
           "scope": 1,
           "sourceObject": "_brworkspaceId",
           "type": "ot-relation",
           "uniqueKey": "rel-workspaceId"
          }
       },
     "settings": {
        "_migrated_opt-64cbc073ccba0a7f50247689": true,
        "_migrated_ot-audio": true,
        "_migrated_ot-bookmark": true,
        "_migrated_ot-collection": true,
        "_migrated_ot-dashboard": true,
        "_migrated_ot-date": true,
        "_migrated_ot-document": true,
        "_migrated_ot-file": true,
        "_migrated_ot-image": true,
        "_migrated_ot-note": true,
        "_migrated_ot-objectType": true,
        "_migrated_ot-page": true,
        "_migrated_ot-profile": true,
        "_migrated_ot-relation": true,
        "_migrated_ot-relationOption": true,
        "_migrated_ot-set": true,
        "_migrated_ot-space": true,
        "_migrated_ot-task": true,
        "_migrated_ot-template": true,
        "_migrated_ot-video": true,
        "_migrated_rel-651686661cac630478df2355": true,
        "_migrated_rel-651686711cac630478df2356": true,
        "_migrated_rel-651686791cac630478df2357": true,
        "_migrated_rel-651686bc1cac630478df2358": true,
        "_migrated_rel-651686eb1cac630478df2359": true,
        "_migrated_rel-651686fa1cac630478df235a": true,
        "_migrated_rel-6516871f1cac630478df235b": true,
        "_migrated_rel-651687331cac630478df235c": true,
        "_migrated_rel-6516876a1cac630478df235e": true,
        "_migrated_rel-addedDate": true,
        "_migrated_rel-aperture": true,
        "_migrated_rel-artist": true,
        "_migrated_rel-assignee": true,
        "_migrated_rel-attachments": true,
        "_migrated_rel-audioAlbum": true,
        "_migrated_rel-audioAlbumTrackNumber": true,
        "_migrated_rel-audioArtist": true,
        "_migrated_rel-audioGenre": true,
        "_migrated_rel-audioLyrics": true,
        "_migrated_rel-backlinks": true,
        "_migrated_rel-camera": true,
        "_migrated_rel-cameraIso": true,
        "_migrated_rel-composer": true,
        "_migrated_rel-coverId": true,
        "_migrated_rel-coverScale": true,
        "_migrated_rel-coverType": true,
        "_migrated_rel-coverX": true,
        "_migrated_rel-coverY": true,
        "_migrated_rel-createdDate": true,
        "_migrated_rel-creator": true,
        "_migrated_rel-defaultTemplateId": true,
        "_migrated_rel-description": true,
        "_migrated_rel-done": true,
        "_migrated_rel-dueDate": true,
        "_migrated_rel-exposure": true,
        "_migrated_rel-featuredRelations": true,
        "_migrated_rel-fileExt": true,
        "_migrated_rel-fileMimeType": true,
        "_migrated_rel-fileSyncStatus": true,
        "_migrated_rel-focalRatio": true,
        "_migrated_rel-heightInPixels": true,
        "_migrated_rel-iconEmoji": true,
        "_migrated_rel-iconImage": true,
        "_migrated_rel-iconOption": true,
        "_migrated_rel-id": true,
        "_migrated_rel-internalFlags": true,
        "_migrated_rel-isArchived": true,
        "_migrated_rel-isDeleted": true,
        "_migrated_rel-isFavorite": true,
        "_migrated_rel-isHidden": true,
        "_migrated_rel-isReadonly": true,
        "_migrated_rel-lastModifiedBy": true,
        "_migrated_rel-lastModifiedDate": true,
        "_migrated_rel-lastOpenedDate": true,
        "_migrated_rel-layout": true,
        "_migrated_rel-layoutAlign": true,
        "_migrated_rel-linkedProjects": true,
        "_migrated_rel-links": true,
        "_migrated_rel-name": true,
        "_migrated_rel-oldAnytypeID": true,
        "_migrated_rel-picture": true,
        "_migrated_rel-priority": true,
        "_migrated_rel-recommendedLayout": true,
        "_migrated_rel-recommendedRelations": true,
        "_migrated_rel-relationDefaultValue": true,
        "_migrated_rel-relationFormat": true,
        "_migrated_rel-relationFormatObjectTypes": true,
        "_migrated_rel-relationKey": true,
        "_migrated_rel-relationMaxCount": true,
        "_migrated_rel-relationOptionColor": true,
        "_migrated_rel-relationReadonlyValue": true,
        "_migrated_rel-releasedYear": true,
        "_migrated_rel-restrictions": true,
        "_migrated_rel-setOf": true,
        "_migrated_rel-sizeInBytes": true,
        "_migrated_rel-smartblockTypes": true,
        "_migrated_rel-snippet": true,
        "_migrated_rel-source": true,
        "_migrated_rel-sourceFilePath": true,
        "_migrated_rel-sourceObject": true,
        "_migrated_rel-spaceAccessibility": true,
        "_migrated_rel-spaceDashboardId": true,
        "_migrated_rel-status": true,
        "_migrated_rel-tag": true,
        "_migrated_rel-targetObjectType": true,
        "_migrated_rel-tasks": true,
        "_migrated_rel-templateIsBundled": true,
        "_migrated_rel-thumbnailImage": true,
        "_migrated_rel-type": true,
        "_migrated_rel-widthInPixels": true,
        "_migrated_rel-workspaceId": true,
        "analyticsID": "81e264fe-801c-4179-adfa-560ada9d577b"
       }
    },
   "relationLinks": [
    {
     "key": "id",
     "format": "object"
    },
    {
     "key": "snippet"
    },
    {
     "key": "backlinks",
     "format": "object"
    },
    {
     "key": "creator",
     "format": "object"
    },
    {
     "key": "workspaceId",
     "format": "object"
    },
    {
     "key": "isHidden",
     "format": "checkbox"
    },
    {
     "key": "spaceAccessibility",
     "format": "number"
    },
    {
     "key": "layout",
     "format": "number"
    },
    {
     "key": "type",
     "format": "object"
    },
    {
     "key": "featuredRelations",
     "format": "object"
    },
    {
     "key": "lastModifiedBy",
     "format": "object"
    },
    {
     "key": "lastModifiedDate",
     "format": "date"
    },
    {
     "key": "name",
     "format": "shorttext"
    },
    {
     "key": "iconOption",
     "format": "number"
    },
    {
     "key": "spaceDashboardId",
     "format": "object"
    },
    {
     "key": "links",
     "format": "object"
    },
    {
     "key": "restrictions",
     "format": "number"
    },
    {
     "key": "createdDate",
     "format": "date"
    },
    {
     "key": "spaceId",
     "format": "object"
    }
   ]
  }
 }
}