{
 "sbType": "Widget",
 "snapshot": {
  "data": {
   "blocks": [
    {
     "id": "bafyreih5efqshh332cmklrz4bjvs6lncgnaghrkhpgocz73ufui2d2ywbe",
     "childrenIds": [
      "651686241cac630478df2330",
      "651686241cac630478df2332",
      "651686241cac630478df2334",
      "651686241cac630478df2336"
     ],
     "smartblock": {

     }
    },
    {
     "id": "651686241cac630478df2330",
     "childrenIds": [
      "651686241cac630478df232f"
     ],
     "widget": {

     }
    },
    {
     "id": "651686241cac630478df2332",
     "childrenIds": [
      "651686241cac630478df2331"
     ],
     "widget": {
      "layout": "CompactList"
     }
    },
    {
     "id": "651686241cac630478df2334",
     "childrenIds": [
      "651686241cac630478df2333"
     ],
     "widget": {
      "layout": "CompactList"
     }
    },
    {
     "id": "651686241cac630478df2336",
     "childrenIds": [
      "651686241cac630478df2335"
     ],
     "widget": {
      "layout": "CompactList"
     }
    },
    {
     "id": "651686241cac630478df232f",
     "link": {
      "targetBlockId": "bafyreic7ul6qvoyr3zwathfcee3l33isxukgjyvxtfiuiwkjwjk4dxshle",
      "cardStyle": "Inline"
     }
    },
    {
     "id": "651686241cac630478df2331",
     "link": {
      "targetBlockId": "favorite",
      "cardStyle": "Inline"
     }
    },
    {
     "id": "651686241cac630478df2333",
     "link": {
      "targetBlockId": "set",
      "cardStyle": "Inline"
     }
    },
    {
     "id": "651686241cac630478df2335",
     "link": {
      "targetBlockId": "recent",
      "cardStyle": "Inline"
     }
    }
   ],
   "details": {
     "backlinks": [
       ],
     "createdDate": 1695974922,
     "creator": "_id_AAWXzJVAxKwcaHqGVeVUsi78kqRXwsCQVBUdLhxdDT2xjrkC",
     "id": "bafyreih5efqshh332cmklrz4bjvs6lncgnaghrkhpgocz73ufui2d2ywbe",
     "isHidden": true,
     "lastModifiedBy": "_id_AAWXzJVAxKwcaHqGVeVUsi78kqRXwsCQVBUdLhxdDT2xjrkC",
     "lastModifiedDate": 1702406213,
     "lastOpenedDate": 1702406214,
     "layout": 7,
     "links": [
        "bafyreic7ul6qvoyr3zwathfcee3l33isxukgjyvxtfiuiwkjwjk4dxshle",
        "favorite",
        "set",
        "recent"
       ],
     "restrictions": [
        2,
        4,
        1,
        6,
        5,
        7,
        8
       ],
     "snippet": "",
     "spaceId": "bafyreifjcylqxkapxfzx3ejmhk6wtpt36glkgkjlo6tx67526zexvvc62m.3si26jja7kyrt",
     "type": "bafyreifjzbt6uvkgeac7jws2ncdjdq7f6jrawu4o7nm2nlkcawxsrzhivu",
     "workspaceId": "bafyreiewj2jurco4r4xcpamzdkk3jws5n7jktedr3zdshbyezglsqu4ody"
    },
   "objectTypes": [
    "ot-dashboard"
   ],
   "relationLinks": [
    {
     "key": "id",
     "format": "object"
    },
    {
     "key": "snippet"
    },
    {
     "key": "workspaceId",
     "format": "object"
    },
    {
     "key": "backlinks",
     "format": "object"
    },
    {
     "key": "creator",
     "format": "object"
    },
    {
     "key": "type",
     "format": "object"
    },
    {
     "key": "layout",
     "format": "number"
    },
    {
     "key": "isHidden",
     "format": "checkbox"
    },
    {
     "key": "lastModifiedBy",
     "format": "object"
    },
    {
     "key": "lastModifiedDate",
     "format": "date"
    },
    {
     "key": "restrictions",
     "format": "number"
    },
    {
     "key": "links",
     "format": "object"
    },
    {
     "key": "lastOpenedDate",
     "format": "date"
    },
    {
     "key": "createdDate",
     "format": "date"
    },
    {
     "key": "spaceId",
     "format": "object"
    }
   ]
  }
 }
}