{
 "sbType": "Page",
 "snapshot": {
  "data": {
   "blocks": [
    {
     "id": "bafyreibtvyqvbn2kve7vr4uiopcjr57lu4d43db5l54nqaah6vnxy7gx6q",
     "restrictions": {

     },
     "childrenIds": [
      "header",
      "r-d59344bb24c1823faf15a5407e45bad8",
      "651685bd1cac630478df232a"
     ],
     "smartblock": {

     }
    },
    {
     "id": "header",
     "restrictions": {
      "edit": true,
      "remove": true,
      "drag": true,
      "dropOn": true
     },
     "childrenIds": [
      "title",
      "description",
      "featuredRelations"
     ],
     "layout": {
      "style": "Header"
     }
    },
    {
     "id": "r-d59344bb24c1823faf15a5407e45bad8",
     "restrictions": {

     },
     "childrenIds": [
      "ct-d59344bb24c1823faf15a5407e45bad8",
      "cd-d59344bb24c1823faf15a5407e45bad8"
     ],
     "layout": {

     }
    },
    {
     "id": "651685bd1cac630478df232a",
     "restrictions": {

     },
     "text": {
      "marks": {

      }
     }
    },
    {
     "id": "title",
     "fields": {
       "_detailsKey": [
          "name",
          "done"
         ]
      },
     "restrictions": {
      "remove": true,
      "drag": true,
      "dropOn": true
     },
     "text": {
      "style": "Title",
      "marks": {

      }
     }
    },
    {
     "id": "description",
     "fields": {
       "_detailsKey": "description"
      },
     "restrictions": {
      "remove": true,
      "drag": true,
      "dropOn": true
     },
     "text": {
      "style": "Description",
      "marks": {

      }
     }
    },
    {
     "id": "featuredRelations",
     "restrictions": {
      "remove": true,
      "drag": true,
      "dropOn": true
     },
     "featuredRelations": {

     }
    },
    {
     "id": "ct-d59344bb24c1823faf15a5407e45bad8",
     "restrictions": {

     },
     "childrenIds": [
      "651685741cac630478df2320",
      "6516859c1cac630478df2325",
      "6516857f1cac630478df2322",
      "651685ae1cac630478df2327"
     ],
     "layout": {
      "style": "Column"
     }
    },
    {
     "id": "cd-d59344bb24c1823faf15a5407e45bad8",
     "childrenIds": [
      "651685b41cac630478df2329"
     ],
     "layout": {
      "style": "Column"
     }
    },
    {
     "id": "651685741cac630478df2320",
     "restrictions": {

     },
     "relation": {
      "key": "651686661cac630478df2355"
     }
    },
    {
     "id": "6516859c1cac630478df2325",
     "restrictions": {

     },
     "relation": {
      "key": "6516871f1cac630478df235b"
     }
    },
    {
     "id": "6516857f1cac630478df2322",
     "restrictions": {

     },
     "relation": {
      "key": "651686711cac630478df2356"
     }
    },
    {
     "id": "651685ae1cac630478df2327",
     "restrictions": {

     },
     "relation": {
      "key": "651687331cac630478df235c"
     }
    },
    {
     "id": "651685b41cac630478df2329",
     "restrictions": {

     },
     "file": {
      "type": "Image"
     }
    }
   ],
   "details": {
     "backlinks": [
        "bafyreifiiios724dkmw3bfoahwdplg5lqpvoo7gcbjpswyxdshajutqblu"
       ],
     "createdDate": 1685476428,
     "creator": "bafyreifgsgonjfxqonf5vcgehn5gtryctqkmvzeg22pw2eifxon3ixybpm",
     "description": "",
     "featuredRelations": [
        "type",
        "description"
       ],
     "iconEmoji": "🚗",
     "iconImage": "",
     "id": "bafyreibtvyqvbn2kve7vr4uiopcjr57lu4d43db5l54nqaah6vnxy7gx6q",
     "internalFlags": [
       ],
     "lastModifiedBy": "bafyreifgsgonjfxqonf5vcgehn5gtryctqkmvzeg22pw2eifxon3ixybpm",
     "lastModifiedDate": 1695975219,
     "lastOpenedDate": 1702406251,
     "layout": 0,
     "links": [
       ],
     "name": "Driver's License",
     "oldAnytypeID": "bafyreidruf6orkai3ur5bc4ffbhvf2aanbauaksjyedd6mljdoqu5iteyu",
     "restrictions": [
       ],
     "snippet": "",
     "sourceFilePath": "json:/Users/charlotte/Downloads/Anytype.20230929.100832.3.zip/bafyreidruf6orkai3ur5bc4ffbhvf2aanbauaksjyedd6mljdoqu5iteyu.pb.json",
     "spaceId": "bafyreifjcylqxkapxfzx3ejmhk6wtpt36glkgkjlo6tx67526zexvvc62m.3si26jja7kyrt",
     "type": "bafyreihhstbjwzvoiit5excgc7icc22n4zgt7zks6bzlh47tdk7dwiwkoq",
     "workspaceId": "bafyreiewj2jurco4r4xcpamzdkk3jws5n7jktedr3zdshbyezglsqu4ody"
    },
   "objectTypes": [
    "ot-document"
   ],
   "relationLinks": [
    {
     "key": "workspaceId",
     "format": "object"
    },
    {
     "key": "createdDate",
     "format": "date"
    },
    {
     "key": "creator",
     "format": "object"
    },
    {
     "key": "type",
     "format": "object"
    },
    {
     "key": "id",
     "format": "object"
    },
    {
     "key": "snippet"
    },
    {
     "key": "internalFlags",
     "format": "number"
    },
    {
     "key": "layout",
     "format": "number"
    },
    {
     "key": "name",
     "format": "shorttext"
    },
    {
     "key": "description"
    },
    {
     "key": "iconEmoji",
     "format": "emoji"
    },
    {
     "key": "iconImage",
     "format": "file"
    },
    {
     "key": "layoutAlign",
     "format": "number"
    },
    {
     "key": "coverId",
     "format": "shorttext"
    },
    {
     "key": "coverScale",
     "format": "number"
    },
    {
     "key": "coverType",
     "format": "number"
    },
    {
     "key": "coverX",
     "format": "number"
    },
    {
     "key": "coverY",
     "format": "number"
    },
    {
     "key": "lastModifiedDate",
     "format": "date"
    },
    {
     "key": "lastModifiedBy",
     "format": "object"
    },
    {
     "key": "lastOpenedDate",
     "format": "date"
    },
    {
     "key": "featuredRelations",
     "format": "object"
    },
    {
     "key": "isFavorite",
     "format": "checkbox"
    },
    {
     "key": "links",
     "format": "object"
    },
    {
     "key": "restrictions",
     "format": "number"
    },
    {
     "key": "spaceId",
     "format": "object"
    },
    {
     "key": "backlinks",
     "format": "object"
    },
    {
     "key": "oldAnytypeID"
    },
    {
     "key": "sourceFilePath"
    },
    {
     "key": "6450c5a21cac637ebbd1c14e",
     "format": "number"
    },
    {
     "key": "651685971cac630478df2323"
    },
    {
     "key": "6450c4311cac637ebbd1c148",
     "format": "date"
    },
    {
     "key": "6450c4e51cac637ebbd1c14b"
    },
    {
     "key": "651686661cac630478df2355",
     "format": "number"
    },
    {
     "key": "6516871f1cac630478df235b"
    },
    {
     "key": "651686711cac630478df2356",
     "format": "date"
    },
    {
     "key": "651687331cac630478df235c"
    }
   ]
  }
 }
}