{
 "sbType": "Page",
 "snapshot": {
  "data": {
   "blocks": [
    {
     "id": "bafyreicgf54fmuvbmbkz7b3jn66jrz45j5oe4ewgfcpuzsev5sfb7aib4e",
     "restrictions": {

     },
     "childrenIds": [
      "header",
      "r-08e2cf5f8d73849487ef2e40e80fb4cb",
      "651680051cac630478df22e6"
     ],
     "smartblock": {

     }
    },
    {
     "id": "header",
     "restrictions": {
      "edit": true,
      "remove": true,
      "drag": true,
      "dropOn": true
     },
     "childrenIds": [
      "title",
      "description",
      "featuredRelations"
     ],
     "layout": {
      "style": "Header"
     }
    },
    {
     "id": "r-08e2cf5f8d73849487ef2e40e80fb4cb",
     "restrictions": {

     },
     "childrenIds": [
      "ct-08e2cf5f8d73849487ef2e40e80fb4cb",
      "cd-08e2cf5f8d73849487ef2e40e80fb4cb"
     ],
     "layout": {

     }
    },
    {
     "id": "651680051cac630478df22e6",
     "restrictions": {

     },
     "text": {
      "marks": {

      }
     }
    },
    {
     "id": "title",
     "fields": {
       "_detailsKey": [
          "name",
          "done"
         ]
      },
     "restrictions": {
      "remove": true,
      "drag": true,
      "dropOn": true
     },
     "text": {
      "style": "Title",
      "marks": {

      }
     }
    },
    {
     "id": "description",
     "fields": {
       "_detailsKey": "description"
      },
     "restrictions": {
      "remove": true,
      "drag": true,
      "dropOn": true
     },
     "text": {
      "style": "Description",
      "marks": {

      }
     }
    },
    {
     "id": "featuredRelations",
     "restrictions": {
      "remove": true,
      "drag": true,
      "dropOn": true
     },
     "featuredRelations": {

     }
    },
    {
     "id": "ct-08e2cf5f8d73849487ef2e40e80fb4cb",
     "restrictions": {

     },
     "childrenIds": [
      "65167fd31cac630478df22e2"
     ],
     "layout": {
      "style": "Column"
     }
    },
    {
     "id": "cd-08e2cf5f8d73849487ef2e40e80fb4cb",
     "childrenIds": [
      "65167fcb1cac630478df22e0"
     ],
     "layout": {
      "style": "Column"
     }
    },
    {
     "id": "65167fd31cac630478df22e2",
     "restrictions": {

     },
     "relation": {
      "key": "651686791cac630478df2357"
     }
    },
    {
     "id": "65167fcb1cac630478df22e0",
     "restrictions": {

     },
     "file": {
      "type": "Image"
     }
    }
   ],
   "details": {
     "6450c4311cac637ebbd1c148": null,
     "6450c4e51cac637ebbd1c14b": "",
     "backlinks": [
        "bafyreifiiios724dkmw3bfoahwdplg5lqpvoo7gcbjpswyxdshajutqblu"
       ],
     "createdDate": 1683106988,
     "creator": "bafyreifgsgonjfxqonf5vcgehn5gtryctqkmvzeg22pw2eifxon3ixybpm",
     "description": "",
     "featuredRelations": [
        "type",
        "description"
       ],
     "iconEmoji": "💒",
     "iconImage": "",
     "id": "bafyreicgf54fmuvbmbkz7b3jn66jrz45j5oe4ewgfcpuzsev5sfb7aib4e",
     "internalFlags": [
       ],
     "lastModifiedBy": "bafyreifgsgonjfxqonf5vcgehn5gtryctqkmvzeg22pw2eifxon3ixybpm",
     "lastModifiedDate": 1695975060,
     "lastOpenedDate": 1695975279,
     "layout": 0,
     "links": [
       ],
     "name": "Marriage Certificate",
     "oldAnytypeID": "bafyreic3vcrjtx5o6xw5lmedtiuzz7bhk6pefsv6svsi7idaze5fj3onjm",
     "restrictions": [
       ],
     "snippet": "",
     "sourceFilePath": "json:/Users/charlotte/Downloads/Anytype.20230929.100832.3.zip/bafyreic3vcrjtx5o6xw5lmedtiuzz7bhk6pefsv6svsi7idaze5fj3onjm.pb.json",
     "spaceId": "bafyreifjcylqxkapxfzx3ejmhk6wtpt36glkgkjlo6tx67526zexvvc62m.3si26jja7kyrt",
     "type": "bafyreihhstbjwzvoiit5excgc7icc22n4zgt7zks6bzlh47tdk7dwiwkoq",
     "workspaceId": "bafyreiewj2jurco4r4xcpamzdkk3jws5n7jktedr3zdshbyezglsqu4ody"
    },
   "objectTypes": [
    "ot-document"
   ],
   "relationLinks": [
    {
     "key": "id",
     "format": "object"
    },
    {
     "key": "snippet"
    },
    {
     "key": "workspaceId",
     "format": "object"
    },
    {
     "key": "createdDate",
     "format": "date"
    },
    {
     "key": "creator",
     "format": "object"
    },
    {
     "key": "type",
     "format": "object"
    },
    {
     "key": "internalFlags",
     "format": "number"
    },
    {
     "key": "name",
     "format": "shorttext"
    },
    {
     "key": "description"
    },
    {
     "key": "iconEmoji",
     "format": "emoji"
    },
    {
     "key": "iconImage",
     "format": "file"
    },
    {
     "key": "layout",
     "format": "number"
    },
    {
     "key": "layoutAlign",
     "format": "number"
    },
    {
     "key": "coverId",
     "format": "shorttext"
    },
    {
     "key": "coverScale",
     "format": "number"
    },
    {
     "key": "coverType",
     "format": "number"
    },
    {
     "key": "coverX",
     "format": "number"
    },
    {
     "key": "coverY",
     "format": "number"
    },
    {
     "key": "lastModifiedDate",
     "format": "date"
    },
    {
     "key": "lastModifiedBy",
     "format": "object"
    },
    {
     "key": "lastOpenedDate",
     "format": "date"
    },
    {
     "key": "featuredRelations",
     "format": "object"
    },
    {
     "key": "isFavorite",
     "format": "checkbox"
    },
    {
     "key": "links",
     "format": "object"
    },
    {
     "key": "restrictions",
     "format": "number"
    },
    {
     "key": "6450c4e51cac637ebbd1c14b"
    },
    {
     "key": "6450c4311cac637ebbd1c148",
     "format": "date"
    },
    {
     "key": "isArchived",
     "format": "checkbox"
    },
    {
     "key": "spaceId",
     "format": "object"
    },
    {
     "key": "backlinks",
     "format": "object"
    },
    {
     "key": "oldAnytypeID"
    },
    {
     "key": "sourceFilePath"
    },
    {
     "key": "65167ff91cac630478df22e5",
     "format": "date"
    },
    {
     "key": "651686791cac630478df2357"
    }
   ]
  }
 }
}