{
 "sbType": "Page",
 "snapshot": {
  "data": {
   "blocks": [
    {
     "id": "bafyreiagfieezf745lznchl3y7keinlkvthgalnfsd6gquawyueu5bcyd4",
     "restrictions": {

     },
     "childrenIds": [
      "header",
      "651680bb1cac630478df22f8",
      "651680be1cac630478df22fa",
      "651680c11cac630478df22fc"
     ],
     "smartblock": {

     }
    },
    {
     "id": "header",
     "restrictions": {
      "edit": true,
      "remove": true,
      "drag": true,
      "dropOn": true
     },
     "childrenIds": [
      "title",
      "description",
      "featuredRelations"
     ],
     "layout": {
      "style": "Header"
     }
    },
    {
     "id": "651680bb1cac630478df22f8",
     "file": {
      "type": "Image"
     }
    },
    {
     "id": "651680be1cac630478df22fa",
     "file": {
      "type": "Image"
     }
    },
    {
     "id": "651680c11cac630478df22fc",
     "file": {
      "type": "Image"
     }
    },
    {
     "id": "title",
     "fields": {
       "_detailsKey": [
          "name",
          "done"
         ]
      },
     "restrictions": {
      "remove": true,
      "drag": true,
      "dropOn": true
     },
     "text": {
      "style": "Title",
      "marks": {

      }
     }
    },
    {
     "id": "description",
     "fields": {
       "_detailsKey": "description"
      },
     "restrictions": {
      "remove": true,
      "drag": true,
      "dropOn": true
     },
     "text": {
      "style": "Description",
      "marks": {

      }
     }
    },
    {
     "id": "featuredRelations",
     "restrictions": {
      "remove": true,
      "drag": true,
      "dropOn": true
     },
     "featuredRelations": {

     }
    }
   ],
   "details": {
     "backlinks": [
        "bafyreicjnreicutcjkedg6e4ww4mmd26keqlhoaqra7syjaqtedxcr4gwa"
       ],
     "createdDate": 1695973544,
     "creator": "bafyreifgsgonjfxqonf5vcgehn5gtryctqkmvzeg22pw2eifxon3ixybpm",
     "description": "Keep track of your medications and show to the pharmacist or referred doctor if needed",
     "featuredRelations": [
        "type",
        "description"
       ],
     "iconEmoji": "💊",
     "iconImage": "",
     "id": "bafyreiagfieezf745lznchl3y7keinlkvthgalnfsd6gquawyueu5bcyd4",
     "internalFlags": [
       ],
     "lastModifiedBy": "_id_AAWXzJVAxKwcaHqGVeVUsi78kqRXwsCQVBUdLhxdDT2xjrkC",
     "lastModifiedDate": 1702406213,
     "lastOpenedDate": 1695975165,
     "layout": 0,
     "links": [
       ],
     "name": "Prescriptions",
     "oldAnytypeID": "bafyreiezcm6iwpcaibdjp6rmvckwu3n3fqh6neb4c5gt6u3ohxi2tb7izm",
     "restrictions": [
       ],
     "snippet": "",
     "sourceFilePath": "json:/Users/charlotte/Downloads/Anytype.20230929.100832.3.zip/bafyreiezcm6iwpcaibdjp6rmvckwu3n3fqh6neb4c5gt6u3ohxi2tb7izm.pb.json",
     "spaceId": "bafyreifjcylqxkapxfzx3ejmhk6wtpt36glkgkjlo6tx67526zexvvc62m.3si26jja7kyrt",
     "type": "bafyreihjdnutjrqk5sfw2phmpkj355nxclsm2hugo3h53l7omd2ux7xyb4",
     "workspaceId": "bafyreiewj2jurco4r4xcpamzdkk3jws5n7jktedr3zdshbyezglsqu4ody"
    },
   "objectTypes": [
    "ot-page"
   ],
   "relationLinks": [
    {
     "key": "workspaceId",
     "format": "object"
    },
    {
     "key": "createdDate",
     "format": "date"
    },
    {
     "key": "creator",
     "format": "object"
    },
    {
     "key": "type",
     "format": "object"
    },
    {
     "key": "id",
     "format": "object"
    },
    {
     "key": "snippet"
    },
    {
     "key": "internalFlags",
     "format": "number"
    },
    {
     "key": "backlinks",
     "format": "object"
    },
    {
     "key": "layout",
     "format": "number"
    },
    {
     "key": "name",
     "format": "shorttext"
    },
    {
     "key": "description"
    },
    {
     "key": "iconEmoji",
     "format": "emoji"
    },
    {
     "key": "iconImage",
     "format": "file"
    },
    {
     "key": "layoutAlign",
     "format": "number"
    },
    {
     "key": "coverId"
    },
    {
     "key": "coverScale",
     "format": "number"
    },
    {
     "key": "coverType",
     "format": "number"
    },
    {
     "key": "coverX",
     "format": "number"
    },
    {
     "key": "coverY",
     "format": "number"
    },
    {
     "key": "lastModifiedDate",
     "format": "date"
    },
    {
     "key": "lastModifiedBy",
     "format": "object"
    },
    {
     "key": "lastOpenedDate",
     "format": "date"
    },
    {
     "key": "featuredRelations",
     "format": "object"
    },
    {
     "key": "isFavorite",
     "format": "checkbox"
    },
    {
     "key": "links",
     "format": "object"
    },
    {
     "key": "restrictions",
     "format": "number"
    },
    {
     "key": "sourceFilePath"
    },
    {
     "key": "oldAnytypeID"
    },
    {
     "key": "spaceId",
     "format": "object"
    }
   ]
  }
 }
}