{
 "sbType": "STType",
 "snapshot": {
  "data": {
   "blocks": [
    {
     "id": "bafyreigog2x3yuthxrywnb3goikqbe3lqw4uj2jnokv4bu5wfczegpo6du",
     "childrenIds": [
      "header"
     ],
     "smartblock": {

     }
    },
    {
     "id": "header",
     "restrictions": {
      "edit": true,
      "remove": true,
      "drag": true,
      "dropOn": true
     },
     "childrenIds": [
      "title",
      "featuredRelations"
     ],
     "layout": {
      "style": "Header"
     }
    },
    {
     "id": "title",
     "fields": {
       "_detailsKey": [
          "name",
          "done"
         ]
      },
     "restrictions": {
      "remove": true,
      "drag": true,
      "dropOn": true
     },
     "text": {
      "style": "Title",
      "marks": {

      }
     }
    },
    {
     "id": "featuredRelations",
     "restrictions": {
      "remove": true,
      "drag": true,
      "dropOn": true
     },
     "featuredRelations": {

     }
    }
   ],
   "details": {
     "backlinks": [
       ],
     "createdDate": 1702406213,
     "creator": "_id_AAWXzJVAxKwcaHqGVeVUsi78kqRXwsCQVBUdLhxdDT2xjrkC",
     "description": "Auto-generated object from .wav, .mp3, .ogg files added to Anytype. Sound when recorded, with ability to reproduce",
     "featuredRelations": [
        "type"
       ],
     "iconEmoji": "🎵",
     "id": "bafyreigog2x3yuthxrywnb3goikqbe3lqw4uj2jnokv4bu5wfczegpo6du",
     "isHidden": false,
     "isReadonly": true,
     "lastModifiedBy": "_id_AAWXzJVAxKwcaHqGVeVUsi78kqRXwsCQVBUdLhxdDT2xjrkC",
     "lastModifiedDate": 1702406213,
     "layout": 4,
     "links": [
       ],
     "name": "Audio",
     "recommendedLayout": 6,
     "recommendedRelations": [
        "bafyreibt5g32carehpjixiwkihuxjwd75h662yhl5tczmquxzuxw3ctyvu",
        "bafyreiacc7kyesp2av7mvdmjzxnj3repncmtxfkeibehxawkyn2szrzkkq",
        "bafyreigtiw6ycmfu6n4skeziyu2ojhen4c5orhu6bs75kxpflipvshrzuy",
        "bafyreiaehpp2bqyjom3a5jlyn53lm7blgtmlyq3tirjvpkr32c5jovgjhe",
        "bafyreig4kw6rx4d4mmf5zfyfq5u55xsgrqua3ok2acxrrhg4hctx6wvxw4",
        "bafyreigxg7qvsa52j2a2pw7jtkunbmuahkpqjndbb3lsruvo5k6dhonzee",
        "bafyreibycggzdupkqbhoxovrg5lm4qz54pqnx7hi3hoikciexdyy3p4noi",
        "bafyreigppnqh7w6gpo5foqrw5mrzttj7mlcku45ftyrnqfjfr5xdv4rq2m",
        "bafyreiag3vxw4oexsep5h5lpwrizfilnmwy2fl3kncxhgoda7uts7zs2xq",
        "bafyreibtkzafraenj3wtjjug3aedwlbdkmscduak5c5ts2sisntxagq2da",
        "bafyreiadt343odrhl3sriz3bxpl7cdpt7vp2onfqehdxlcgc2g75qys25q",
        "bafyreicx2p5f5exrjrquyyjzqftpyl6uf4cxxng4f6d5rk7twr4ddnqrju",
        "bafyreicvccmgnfsponfdnf6drmrus6w63hzfgyxgazvzs2fm7estj23dhu"
       ],
     "restrictions": [
        3,
        6,
        5,
        7,
        4,
        1
       ],
     "smartblockTypes": [
        256
       ],
     "snippet": "",
     "sourceObject": "_otaudio",
     "spaceId": "bafyreifjcylqxkapxfzx3ejmhk6wtpt36glkgkjlo6tx67526zexvvc62m.3si26jja7kyrt",
     "type": "bafyreihigooxp7folhihrvdoghagj4hftxmyujwedravyc56x3qhuqfltq",
     "uniqueKey": "ot-audio"
    },
   "objectTypes": [
    "ot-objectType"
   ],
   "relationLinks": [
    {
     "key": "description"
    },
    {
     "key": "layout",
     "format": "number"
    },
    {
     "key": "isHidden",
     "format": "checkbox"
    },
    {
     "key": "sourceObject",
     "format": "object"
    },
    {
     "key": "recommendedRelations",
     "format": "object"
    },
    {
     "key": "name",
     "format": "shorttext"
    },
    {
     "key": "recommendedLayout",
     "format": "number"
    },
    {
     "key": "smartblockTypes",
     "format": "number"
    },
    {
     "key": "iconEmoji",
     "format": "emoji"
    },
    {
     "key": "backlinks",
     "format": "object"
    },
    {
     "key": "creator",
     "format": "object"
    },
    {
     "key": "createdDate",
     "format": "date"
    },
    {
     "key": "id",
     "format": "object"
    },
    {
     "key": "spaceId",
     "format": "object"
    },
    {
     "key": "type",
     "format": "object"
    },
    {
     "key": "uniqueKey"
    },
    {
     "key": "isReadonly",
     "format": "checkbox"
    },
    {
     "key": "snippet"
    },
    {
     "key": "iconImage",
     "format": "file"
    },
    {
     "key": "layoutAlign",
     "format": "number"
    },
    {
     "key": "coverId"
    },
    {
     "key": "coverScale",
     "format": "number"
    },
    {
     "key": "coverType",
     "format": "number"
    },
    {
     "key": "coverX",
     "format": "number"
    },
    {
     "key": "coverY",
     "format": "number"
    },
    {
     "key": "lastModifiedDate",
     "format": "date"
    },
    {
     "key": "lastModifiedBy",
     "format": "object"
    },
    {
     "key": "lastOpenedDate",
     "format": "date"
    },
    {
     "key": "featuredRelations",
     "format": "object"
    },
    {
     "key": "isFavorite",
     "format": "checkbox"
    },
    {
     "key": "workspaceId",
     "format": "object"
    },
    {
     "key": "links",
     "format": "object"
    },
    {
     "key": "internalFlags",
     "format": "number"
    },
    {
     "key": "restrictions",
     "format": "number"
    }
   ],
   "key": "audio"
  }
 }
}