{
 "sbType": "Page",
 "snapshot": {
  "data": {
   "blocks": [
    {
     "id": "bafyreifiiios724dkmw3bfoahwdplg5lqpvoo7gcbjpswyxdshajutqblu",
     "restrictions": {

     },
     "childrenIds": [
      "header",
      "651685101cac630478df231f",
      "r-f02a732a742f8613293e4c731cb9259d",
      "651685ce1cac630478df232b"
     ],
     "smartblock": {

     }
    },
    {
     "id": "header",
     "restrictions": {
      "edit": true,
      "remove": true,
      "drag": true,
      "dropOn": true
     },
     "childrenIds": [
      "title",
      "description",
      "featuredRelations"
     ],
     "layout": {
      "style": "Header"
     }
    },
    {
     "id": "651685101cac630478df231f",
     "restrictions": {

     },
     "backgroundColor": "grey",
     "text": {
      "text": "Here are some templates to save your important documents. Add what you need, remove what you don't, and rest easy knowing that no matter where you go, you'll always have an encrypted copy of your essential documents.",
      "style": "Callout",
      "marks": {

      }
     }
    },
    {
     "id": "r-f02a732a742f8613293e4c731cb9259d",
     "restrictions": {

     },
     "childrenIds": [
      "ct-f02a732a742f8613293e4c731cb9259d",
      "cd-f02a732a742f8613293e4c731cb9259d"
     ],
     "layout": {

     }
    },
    {
     "id": "651685ce1cac630478df232b",
     "restrictions": {

     },
     "text": {
      "marks": {

      }
     }
    },
    {
     "id": "title",
     "fields": {
       "_detailsKey": [
          "name",
          "done"
         ]
      },
     "restrictions": {
      "remove": true,
      "drag": true,
      "dropOn": true
     },
     "text": {
      "style": "Title",
      "marks": {

      }
     }
    },
    {
     "id": "description",
     "fields": {
       "_detailsKey": "description"
      },
     "restrictions": {
      "remove": true,
      "drag": true,
      "dropOn": true
     },
     "text": {
      "style": "Description",
      "marks": {

      }
     }
    },
    {
     "id": "featuredRelations",
     "restrictions": {
      "remove": true,
      "drag": true,
      "dropOn": true
     },
     "featuredRelations": {

     }
    },
    {
     "id": "ct-f02a732a742f8613293e4c731cb9259d",
     "childrenIds": [
      "64522ca0090478aa6baf3759",
      "64522cac090478aa6baf375d",
      "6476545bc1bdc505cb97a8ee"
     ],
     "layout": {
      "style": "Column"
     }
    },
    {
     "id": "cd-f02a732a742f8613293e4c731cb9259d",
     "childrenIds": [
      "6476544dc1bdc505cb97a8ec",
      "64522cbb090478aa6baf375f"
     ],
     "layout": {
      "style": "Column"
     }
    },
    {
     "id": "64522ca0090478aa6baf3759",
     "restrictions": {

     },
     "link": {
      "targetBlockId": "bafyreicngp2zb2daae6f7myrqhpyapfyl35e3dlihurgtgxcxuajzcquou",
      "iconSize": "SizeSmall",
      "cardStyle": "Card"
     }
    },
    {
     "id": "64522cac090478aa6baf375d",
     "fields": {
       "_link_migrated": true,
       "cardStyle": 0,
       "description": 0,
       "iconSize": 1,
       "relations": [
         ]
      },
     "link": {
      "targetBlockId": "bafyreicgf54fmuvbmbkz7b3jn66jrz45j5oe4ewgfcpuzsev5sfb7aib4e",
      "iconSize": "SizeSmall",
      "cardStyle": "Card"
     }
    },
    {
     "id": "6476545bc1bdc505cb97a8ee",
     "fields": {
       "_link_migrated": true,
       "cardStyle": 0,
       "description": 0,
       "iconSize": 1,
       "relations": [
         ]
      },
     "restrictions": {

     },
     "link": {
      "targetBlockId": "bafyreicjnreicutcjkedg6e4ww4mmd26keqlhoaqra7syjaqtedxcr4gwa",
      "iconSize": "SizeSmall",
      "cardStyle": "Card"
     }
    },
    {
     "id": "6476544dc1bdc505cb97a8ec",
     "fields": {
       "_link_migrated": true,
       "cardStyle": 0,
       "description": 0,
       "iconSize": 1,
       "relations": [
         ]
      },
     "restrictions": {

     },
     "link": {
      "targetBlockId": "bafyreibtvyqvbn2kve7vr4uiopcjr57lu4d43db5l54nqaah6vnxy7gx6q",
      "iconSize": "SizeSmall",
      "cardStyle": "Card"
     }
    },
    {
     "id": "64522cbb090478aa6baf375f",
     "fields": {
       "_link_migrated": true,
       "cardStyle": 0,
       "description": 0,
       "iconSize": 1,
       "relations": [
         ]
      },
     "link": {
      "targetBlockId": "bafyreibhozahgtz4cobjxj6r4qsycslgtu7oyp5uhdtmoqoxcx5fdxakwe",
      "iconSize": "SizeSmall",
      "cardStyle": "Card"
     }
    }
   ],
   "details": {
     "backlinks": [
        "bafyreibkyval6mzphwtaq6qlike7cm3xln76dxd6gvneu4g2tsistrlwmu"
       ],
     "coverId": "bafybeihwaymcmfexlhn3ymb2hvfmtzibwokh6obog4ghsbrc6xlcjwfjri",
     "coverScale": 0,
     "coverType": 1,
     "coverX": 0,
     "coverY": -0.046572540811590395,
     "createdDate": 1683106934,
     "creator": "bafyreifgsgonjfxqonf5vcgehn5gtryctqkmvzeg22pw2eifxon3ixybpm",
     "description": "Digital records and safekeeping",
     "featuredRelations": [
        "type",
        "description"
       ],
     "iconEmoji": "🔒",
     "iconImage": "",
     "id": "bafyreifiiios724dkmw3bfoahwdplg5lqpvoo7gcbjpswyxdshajutqblu",
     "isFavorite": true,
     "lastModifiedBy": "_id_AAWXzJVAxKwcaHqGVeVUsi78kqRXwsCQVBUdLhxdDT2xjrkC",
     "lastModifiedDate": 1702406227,
     "lastOpenedDate": 1702406252,
     "layout": 0,
     "links": [
        "bafyreicngp2zb2daae6f7myrqhpyapfyl35e3dlihurgtgxcxuajzcquou",
        "bafyreicgf54fmuvbmbkz7b3jn66jrz45j5oe4ewgfcpuzsev5sfb7aib4e",
        "bafyreicjnreicutcjkedg6e4ww4mmd26keqlhoaqra7syjaqtedxcr4gwa",
        "bafyreibtvyqvbn2kve7vr4uiopcjr57lu4d43db5l54nqaah6vnxy7gx6q",
        "bafyreibhozahgtz4cobjxj6r4qsycslgtu7oyp5uhdtmoqoxcx5fdxakwe"
       ],
     "name": "My Important Documents",
     "oldAnytypeID": "bafyreib7zzuk7hjwpfpbnfh7bcs6vnhske7iggrtkhtqvy5zjknyuv64dq",
     "restrictions": [
       ],
     "snippet": "Here are some templates to save your important documents. Add what you need, remove what you don't, and rest easy knowing that no matter where you go, you'll always have an encrypted copy of your essential documents.",
     "sourceFilePath": "json:/Users/charlotte/Downloads/Anytype.20230929.100832.3.zip/bafyreib7zzuk7hjwpfpbnfh7bcs6vnhske7iggrtkhtqvy5zjknyuv64dq.pb.json",
     "spaceId": "bafyreifjcylqxkapxfzx3ejmhk6wtpt36glkgkjlo6tx67526zexvvc62m.3si26jja7kyrt",
     "type": "bafyreihjdnutjrqk5sfw2phmpkj355nxclsm2hugo3h53l7omd2ux7xyb4",
     "workspaceId": "bafyreiewj2jurco4r4xcpamzdkk3jws5n7jktedr3zdshbyezglsqu4ody"
    },
   "objectTypes": [
    "ot-page"
   ],
   "relationLinks": [
    {
     "key": "id",
     "format": "object"
    },
    {
     "key": "snippet"
    },
    {
     "key": "workspaceId",
     "format": "object"
    },
    {
     "key": "createdDate",
     "format": "date"
    },
    {
     "key": "creator",
     "format": "object"
    },
    {
     "key": "type",
     "format": "object"
    },
    {
     "key": "internalFlags",
     "format": "number"
    },
    {
     "key": "name",
     "format": "shorttext"
    },
    {
     "key": "description"
    },
    {
     "key": "iconEmoji",
     "format": "emoji"
    },
    {
     "key": "iconImage",
     "format": "file"
    },
    {
     "key": "layout",
     "format": "number"
    },
    {
     "key": "layoutAlign",
     "format": "number"
    },
    {
     "key": "coverId",
     "format": "shorttext"
    },
    {
     "key": "coverScale",
     "format": "number"
    },
    {
     "key": "coverType",
     "format": "number"
    },
    {
     "key": "coverX",
     "format": "number"
    },
    {
     "key": "coverY",
     "format": "number"
    },
    {
     "key": "lastModifiedDate",
     "format": "date"
    },
    {
     "key": "lastModifiedBy",
     "format": "object"
    },
    {
     "key": "lastOpenedDate",
     "format": "date"
    },
    {
     "key": "featuredRelations",
     "format": "object"
    },
    {
     "key": "isFavorite",
     "format": "checkbox"
    },
    {
     "key": "links",
     "format": "object"
    },
    {
     "key": "restrictions",
     "format": "number"
    },
    {
     "key": "isArchived",
     "format": "checkbox"
    },
    {
     "key": "spaceId",
     "format": "object"
    },
    {
     "key": "backlinks",
     "format": "object"
    },
    {
     "key": "sourceFilePath"
    },
    {
     "key": "oldAnytypeID"
    }
   ]
  },
  "fileKeys": [
   {
    "hash": "bafybeihwaymcmfexlhn3ymb2hvfmtzibwokh6obog4ghsbrc6xlcjwfjri",
    "keys": {
     "/0/exif/": "byastlos5lk4twrtqpcdfmwatfvq4oyfdqi442bx7molntnymj4ia",
     "/0/large/": "b4mzus7ez4imwex32i4wxqfvblopbgrkw4x6xq2qupjxaqllkqjdq",
     "/0/original/": "b2tehn3mivlif6l5gjmav5cwb3sqkfmbgbvmnasojkkojtz2uwnaa",
     "/0/small/": "bvlwakovz4m3p6rlagoayvq6natyr5qzfkkm2lyuxilhwuo5pn3xq",
     "/0/thumb/": "bbenwwyqfxswt4vqpfnfzk3hqjclus4hcnx34ptq42ohk5aplfkka"
    }
   }
  ]
 }
}