{
 "sbType": "STType",
 "snapshot": {
  "data": {
   "blocks": [
    {
     "id": "bafyreid7yconsskmbwytugsls7aywauj2azil4pxckjl5jjam4sphu7zt4",
     "childrenIds": [
      "header"
     ],
     "smartblock": {

     }
    },
    {
     "id": "header",
     "restrictions": {
      "edit": true,
      "remove": true,
      "drag": true,
      "dropOn": true
     },
     "childrenIds": [
      "title",
      "featuredRelations"
     ],
     "layout": {
      "style": "Header"
     }
    },
    {
     "id": "title",
     "fields": {
       "_detailsKey": [
          "name",
          "done"
         ]
      },
     "restrictions": {
      "remove": true,
      "drag": true,
      "dropOn": true
     },
     "text": {
      "style": "Title",
      "marks": {

      }
     }
    },
    {
     "id": "featuredRelations",
     "restrictions": {
      "remove": true,
      "drag": true,
      "dropOn": true
     },
     "featuredRelations": {

     }
    }
   ],
   "details": {
     "backlinks": [
       ],
     "createdDate": 1702406213,
     "creator": "_id_AAWXzJVAxKwcaHqGVeVUsi78kqRXwsCQVBUdLhxdDT2xjrkC",
     "description": "Auto-generated object from .mpeg-4 files added to Anytype. The recording of moving visual images",
     "featuredRelations": [
        "type"
       ],
     "iconEmoji": "📽",
     "id": "bafyreid7yconsskmbwytugsls7aywauj2azil4pxckjl5jjam4sphu7zt4",
     "isHidden": false,
     "isReadonly": true,
     "lastModifiedBy": "_id_AAWXzJVAxKwcaHqGVeVUsi78kqRXwsCQVBUdLhxdDT2xjrkC",
     "lastModifiedDate": 1702406213,
     "layout": 4,
     "links": [
       ],
     "name": "Video",
     "recommendedLayout": 6,
     "recommendedRelations": [
        "bafyreigppnqh7w6gpo5foqrw5mrzttj7mlcku45ftyrnqfjfr5xdv4rq2m",
        "bafyreiag3vxw4oexsep5h5lpwrizfilnmwy2fl3kncxhgoda7uts7zs2xq",
        "bafyreicadijowrgusdwxy5mc6kmcy3ukr2aqa4fyxigemi7gkty5llonie",
        "bafyreigxg7qvsa52j2a2pw7jtkunbmuahkpqjndbb3lsruvo5k6dhonzee",
        "bafyreiffwcb2uhwiyyd7c4h2vvygkwq7s7mhxgnt5kgvqyd7wyn4snehce",
        "bafyreiblo2tbcke4eh2j73upajfvmgpct5px5dtho2sqx74zxhuwlvar7m",
        "bafyreig2j4pcorq25ole5b7g2x6ftqddvfbi2f7nyzsfxacgoghzzdjc2a",
        "bafyreid6rqfyvmzog3ah7qqjnwu3mekzy3suhka6obj53eagmjt75g7xuy",
        "bafyreic3b3gcpwalooo7yqjfocx776hybr5puxnav6ntrgdbcznic5unsa",
        "bafyreibtkzafraenj3wtjjug3aedwlbdkmscduak5c5ts2sisntxagq2da",
        "bafyreiadt343odrhl3sriz3bxpl7cdpt7vp2onfqehdxlcgc2g75qys25q"
       ],
     "restrictions": [
        3,
        6,
        5,
        7,
        4,
        1
       ],
     "smartblockTypes": [
        256
       ],
     "snippet": "",
     "sourceObject": "_otvideo",
     "spaceId": "bafyreifjcylqxkapxfzx3ejmhk6wtpt36glkgkjlo6tx67526zexvvc62m.3si26jja7kyrt",
     "type": "bafyreihigooxp7folhihrvdoghagj4hftxmyujwedravyc56x3qhuqfltq",
     "uniqueKey": "ot-video"
    },
   "objectTypes": [
    "ot-objectType"
   ],
   "relationLinks": [
    {
     "key": "isHidden",
     "format": "checkbox"
    },
    {
     "key": "description"
    },
    {
     "key": "recommendedRelations",
     "format": "object"
    },
    {
     "key": "sourceObject",
     "format": "object"
    },
    {
     "key": "smartblockTypes",
     "format": "number"
    },
    {
     "key": "layout",
     "format": "number"
    },
    {
     "key": "iconEmoji",
     "format": "emoji"
    },
    {
     "key": "recommendedLayout",
     "format": "number"
    },
    {
     "key": "name",
     "format": "shorttext"
    },
    {
     "key": "backlinks",
     "format": "object"
    },
    {
     "key": "creator",
     "format": "object"
    },
    {
     "key": "createdDate",
     "format": "date"
    },
    {
     "key": "id",
     "format": "object"
    },
    {
     "key": "spaceId",
     "format": "object"
    },
    {
     "key": "type",
     "format": "object"
    },
    {
     "key": "uniqueKey"
    },
    {
     "key": "isReadonly",
     "format": "checkbox"
    },
    {
     "key": "snippet"
    },
    {
     "key": "iconImage",
     "format": "file"
    },
    {
     "key": "layoutAlign",
     "format": "number"
    },
    {
     "key": "coverId"
    },
    {
     "key": "coverScale",
     "format": "number"
    },
    {
     "key": "coverType",
     "format": "number"
    },
    {
     "key": "coverX",
     "format": "number"
    },
    {
     "key": "coverY",
     "format": "number"
    },
    {
     "key": "lastModifiedDate",
     "format": "date"
    },
    {
     "key": "lastModifiedBy",
     "format": "object"
    },
    {
     "key": "lastOpenedDate",
     "format": "date"
    },
    {
     "key": "featuredRelations",
     "format": "object"
    },
    {
     "key": "isFavorite",
     "format": "checkbox"
    },
    {
     "key": "workspaceId",
     "format": "object"
    },
    {
     "key": "links",
     "format": "object"
    },
    {
     "key": "internalFlags",
     "format": "number"
    },
    {
     "key": "restrictions",
     "format": "number"
    }
   ],
   "key": "video"
  }
 }
}