{
 "sbType": "Page",
 "snapshot": {
  "data": {
   "blocks": [
    {
     "id": "bafyreicjnreicutcjkedg6e4ww4mmd26keqlhoaqra7syjaqtedxcr4gwa",
     "restrictions": {

     },
     "childrenIds": [
      "header",
      "651681721cac630478df22fe",
      "6516801b1cac630478df22e8",
      "6516803f1cac630478df22ec",
      "651680a81cac630478df22f6"
     ],
     "smartblock": {

     }
    },
    {
     "id": "header",
     "restrictions": {
      "edit": true,
      "remove": true,
      "drag": true,
      "dropOn": true
     },
     "childrenIds": [
      "title",
      "description",
      "featuredRelations"
     ],
     "layout": {
      "style": "Header"
     }
    },
    {
     "id": "651681721cac630478df22fe",
     "fields": {
       "_link_migrated": true,
       "cardStyle": 0,
       "description": 0,
       "iconSize": 1,
       "relations": [
         ]
      },
     "restrictions": {

     },
     "link": {
      "targetBlockId": "bafyreifzq4zgfffk62y5c2l6tbc2azg7cgak7xojxwjuzepgo6wrhgvq6i",
      "iconSize": "SizeSmall",
      "cardStyle": "Card",
      "description": "Added"
     }
    },
    {
     "id": "6516801b1cac630478df22e8",
     "fields": {
       "_link_migrated": true,
       "cardStyle": 0,
       "description": 0,
       "iconSize": 1,
       "relations": [
         ]
      },
     "restrictions": {

     },
     "link": {
      "targetBlockId": "bafyreicjyte4km55xwnrmap4rqff47qhzbckpjb3mxg2leztrtsywl6g6m",
      "iconSize": "SizeSmall",
      "cardStyle": "Card",
      "description": "Added"
     }
    },
    {
     "id": "6516803f1cac630478df22ec",
     "fields": {
       "_link_migrated": true,
       "cardStyle": 0,
       "description": 0,
       "iconSize": 1,
       "relations": [
         ]
      },
     "restrictions": {

     },
     "link": {
      "targetBlockId": "bafyreib6ps6jpz6mprh5mel6ggl53ljygyiuw422s3enrua5wvsklnrhda",
      "iconSize": "SizeSmall",
      "cardStyle": "Card",
      "description": "Added"
     }
    },
    {
     "id": "651680a81cac630478df22f6",
     "fields": {
       "_link_migrated": true,
       "cardStyle": 0,
       "description": 0,
       "iconSize": 1,
       "relations": [
         ]
      },
     "restrictions": {

     },
     "link": {
      "targetBlockId": "bafyreiagfieezf745lznchl3y7keinlkvthgalnfsd6gquawyueu5bcyd4",
      "iconSize": "SizeSmall",
      "cardStyle": "Card",
      "description": "Added"
     }
    },
    {
     "id": "title",
     "fields": {
       "_detailsKey": [
          "name",
          "done"
         ]
      },
     "restrictions": {
      "remove": true,
      "drag": true,
      "dropOn": true
     },
     "text": {
      "style": "Title",
      "marks": {

      }
     }
    },
    {
     "id": "description",
     "fields": {
       "_detailsKey": "description"
      },
     "restrictions": {
      "remove": true,
      "drag": true,
      "dropOn": true
     },
     "text": {
      "style": "Description",
      "marks": {

      }
     }
    },
    {
     "id": "featuredRelations",
     "restrictions": {
      "remove": true,
      "drag": true,
      "dropOn": true
     },
     "featuredRelations": {

     }
    }
   ],
   "details": {
     "backlinks": [
        "bafyreifiiios724dkmw3bfoahwdplg5lqpvoo7gcbjpswyxdshajutqblu"
       ],
     "createdDate": 1685476443,
     "creator": "bafyreifgsgonjfxqonf5vcgehn5gtryctqkmvzeg22pw2eifxon3ixybpm",
     "description": "A place to keep your health-related records so you have them on hand in case you go to the doctor's office or hospital",
     "featuredRelations": [
        "type",
        "description"
       ],
     "iconEmoji": "🩺",
     "iconImage": "",
     "id": "bafyreicjnreicutcjkedg6e4ww4mmd26keqlhoaqra7syjaqtedxcr4gwa",
     "internalFlags": [
       ],
     "lastModifiedBy": "bafyreifgsgonjfxqonf5vcgehn5gtryctqkmvzeg22pw2eifxon3ixybpm",
     "lastModifiedDate": 1695975084,
     "lastOpenedDate": 1695975284,
     "layout": 0,
     "links": [
        "bafyreifzq4zgfffk62y5c2l6tbc2azg7cgak7xojxwjuzepgo6wrhgvq6i",
        "bafyreicjyte4km55xwnrmap4rqff47qhzbckpjb3mxg2leztrtsywl6g6m",
        "bafyreib6ps6jpz6mprh5mel6ggl53ljygyiuw422s3enrua5wvsklnrhda",
        "bafyreiagfieezf745lznchl3y7keinlkvthgalnfsd6gquawyueu5bcyd4"
       ],
     "name": "Medical Records",
     "oldAnytypeID": "bafyreigjqoouckoha2m2untqq2ii2werznjr5emc4eqjv66qn3iq45yan4",
     "restrictions": [
       ],
     "snippet": "",
     "sourceFilePath": "json:/Users/charlotte/Downloads/Anytype.20230929.100832.3.zip/bafyreigjqoouckoha2m2untqq2ii2werznjr5emc4eqjv66qn3iq45yan4.pb.json",
     "spaceId": "bafyreifjcylqxkapxfzx3ejmhk6wtpt36glkgkjlo6tx67526zexvvc62m.3si26jja7kyrt",
     "type": "bafyreihhstbjwzvoiit5excgc7icc22n4zgt7zks6bzlh47tdk7dwiwkoq",
     "workspaceId": "bafyreiewj2jurco4r4xcpamzdkk3jws5n7jktedr3zdshbyezglsqu4ody"
    },
   "objectTypes": [
    "ot-document"
   ],
   "relationLinks": [
    {
     "key": "workspaceId",
     "format": "object"
    },
    {
     "key": "createdDate",
     "format": "date"
    },
    {
     "key": "creator",
     "format": "object"
    },
    {
     "key": "type",
     "format": "object"
    },
    {
     "key": "id",
     "format": "object"
    },
    {
     "key": "snippet"
    },
    {
     "key": "internalFlags",
     "format": "number"
    },
    {
     "key": "layout",
     "format": "number"
    },
    {
     "key": "name",
     "format": "shorttext"
    },
    {
     "key": "description"
    },
    {
     "key": "iconEmoji",
     "format": "emoji"
    },
    {
     "key": "iconImage",
     "format": "file"
    },
    {
     "key": "layoutAlign",
     "format": "number"
    },
    {
     "key": "coverId",
     "format": "shorttext"
    },
    {
     "key": "coverScale",
     "format": "number"
    },
    {
     "key": "coverType",
     "format": "number"
    },
    {
     "key": "coverX",
     "format": "number"
    },
    {
     "key": "coverY",
     "format": "number"
    },
    {
     "key": "lastModifiedDate",
     "format": "date"
    },
    {
     "key": "lastModifiedBy",
     "format": "object"
    },
    {
     "key": "lastOpenedDate",
     "format": "date"
    },
    {
     "key": "featuredRelations",
     "format": "object"
    },
    {
     "key": "isFavorite",
     "format": "checkbox"
    },
    {
     "key": "links",
     "format": "object"
    },
    {
     "key": "restrictions",
     "format": "number"
    },
    {
     "key": "spaceId",
     "format": "object"
    },
    {
     "key": "backlinks",
     "format": "object"
    },
    {
     "key": "sourceFilePath"
    },
    {
     "key": "oldAnytypeID"
    }
   ]
  }
 }
}