{
 "sbType": "STType",
 "snapshot": {
  "data": {
   "blocks": [
    {
     "id": "bafyreieyoqgnymfhmqxi56naaot4np5grr6n5mvuhej25p63kc34g44yaq",
     "restrictions": {

     },
     "childrenIds": [
      "header"
     ],
     "smartblock": {

     }
    },
    {
     "id": "header",
     "restrictions": {
      "edit": true,
      "remove": true,
      "drag": true,
      "dropOn": true
     },
     "childrenIds": [
      "title",
      "featuredRelations"
     ],
     "layout": {
      "style": "Header"
     }
    },
    {
     "id": "title",
     "fields": {
       "_detailsKey": [
          "name",
          "done"
         ]
      },
     "restrictions": {
      "remove": true,
      "drag": true,
      "dropOn": true
     },
     "text": {
      "style": "Title",
      "marks": {

      }
     }
    },
    {
     "id": "featuredRelations",
     "restrictions": {
      "remove": true,
      "drag": true,
      "dropOn": true
     },
     "featuredRelations": {

     }
    }
   ],
   "details": {
     "backlinks": [
       ],
     "createdDate": 1702405873,
     "creator": "_id_A9TDd5ZzvtVCdu7CccxCtG84xJYQfdr2f4mC14f2P7jqCJr9",
     "description": "A piece of work to be done or undertaken",
     "featuredRelations": [
        "type"
       ],
     "iconEmoji": "✅",
     "id": "bafyreieyoqgnymfhmqxi56naaot4np5grr6n5mvuhej25p63kc34g44yaq",
     "isHidden": false,
     "isReadonly": true,
     "lastModifiedBy": "_id_A9TDd5ZzvtVCdu7CccxCtG84xJYQfdr2f4mC14f2P7jqCJr9",
     "lastModifiedDate": 1702405873,
     "layout": 4,
     "links": [
       ],
     "name": "Task",
     "recommendedLayout": 2,
     "recommendedRelations": [
        "bafyreib3sblsytlbosmasopo2325cah6dk5feek4juvjopsccatry3agv4",
        "bafyreif3hbaeb7sapzturolrfvj43sxclttwai3znb4kqnqsxnaoltqcoi",
        "bafyreibdih4kfkhcj2iv7ujsdyl5o4thtt7t4fnkatkrj3w2yeoaqrmhs4",
        "bafyreidd3jybejqrjl34ujyrne7l3guqcwdjiulbo5e4wsxm22nm422qky",
        "bafyreias2vpflwku7iocym3magdemi3aq3exxict4fptjwguua5irfuc4a",
        "bafyreifwkz2bbndztdxcvu4e6bfstxeh3m5bsldo6ozmtyodfaegtp426y",
        "bafyreiegdgsgb42nzipnptzosxikkd26gfbk435erjck7a6fdbkb6a3u3i",
        "bafyreigkalomkghnjuygmb2afm565x5tphi2u5ga3r5kumyl42ctnfaq7m",
        "bafyreid5w6v2nwopbugxzdbrmq74dfefss5pxvgr32gbmvzvxi4ocjly6a",
        "bafyreicqz2yg4mp5yvem2cokvv3y6lerhorapn735xke7kqj4q5nkpnpoy"
       ],
     "restrictions": [
        3,
        6,
        5,
        7,
        4,
        1
       ],
     "smartblockTypes": [
        16
       ],
     "snippet": "",
     "sourceObject": "_ottask",
     "spaceId": "bafyreibax5xr3xduoj66hse7capo3a75mxarjjbdepuwkecdiddqujbzfm.ui14ot4rq1ni",
     "type": "bafyreiatdvyx4yalrojy3kvpy7f2bd4clyo45wsdtxby24tlskoic6uhcy",
     "uniqueKey": "ot-task"
    },
   "objectTypes": [
    "ot-objectType"
   ],
   "relationLinks": [
    {
     "key": "recommendedLayout",
     "format": "number"
    },
    {
     "key": "name",
     "format": "shorttext"
    },
    {
     "key": "recommendedRelations",
     "format": "object"
    },
    {
     "key": "description"
    },
    {
     "key": "iconEmoji",
     "format": "emoji"
    },
    {
     "key": "isHidden",
     "format": "checkbox"
    },
    {
     "key": "sourceObject",
     "format": "object"
    },
    {
     "key": "smartblockTypes",
     "format": "number"
    },
    {
     "key": "layout",
     "format": "number"
    },
    {
     "key": "backlinks",
     "format": "object"
    },
    {
     "key": "creator",
     "format": "object"
    },
    {
     "key": "createdDate",
     "format": "date"
    },
    {
     "key": "id",
     "format": "object"
    },
    {
     "key": "spaceId",
     "format": "object"
    },
    {
     "key": "type",
     "format": "object"
    },
    {
     "key": "uniqueKey"
    },
    {
     "key": "isReadonly",
     "format": "checkbox"
    },
    {
     "key": "snippet"
    },
    {
     "key": "iconImage",
     "format": "file"
    },
    {
     "key": "layoutAlign",
     "format": "number"
    },
    {
     "key": "coverId"
    },
    {
     "key": "coverScale",
     "format": "number"
    },
    {
     "key": "coverType",
     "format": "number"
    },
    {
     "key": "coverX",
     "format": "number"
    },
    {
     "key": "coverY",
     "format": "number"
    },
    {
     "key": "lastModifiedDate",
     "format": "date"
    },
    {
     "key": "lastModifiedBy",
     "format": "object"
    },
    {
     "key": "lastOpenedDate",
     "format": "date"
    },
    {
     "key": "featuredRelations",
     "format": "object"
    },
    {
     "key": "isFavorite",
     "format": "checkbox"
    },
    {
     "key": "workspaceId",
     "format": "object"
    },
    {
     "key": "links",
     "format": "object"
    },
    {
     "key": "internalFlags",
     "format": "number"
    },
    {
     "key": "restrictions",
     "format": "number"
    }
   ],
   "key": "task"
  }
 }
}