{
 "sbType": "Template",
 "snapshot": {
  "data": {
   "blocks": [
    {
     "id": "bafyreicn6mdqtmlrw3phovf7dtla6bavtqqht2kkpbbx4zvl52fj6ybdu4",
     "restrictions": {

     },
     "childrenIds": [
      "header",
      "651673511cac630478df22ce",
      "651673581cac630478df22d1",
      "6516735e1cac630478df22d3",
      "651673671cac630478df22d5",
      "651673691cac630478df22d7",
      "6516736d1cac630478df22d9",
      "651673831cac630478df22da"
     ],
     "smartblock": {

     }
    },
    {
     "id": "header",
     "restrictions": {
      "edit": true,
      "remove": true,
      "drag": true,
      "dropOn": true
     },
     "childrenIds": [
      "title",
      "description",
      "featuredRelations"
     ],
     "layout": {
      "style": "Header"
     }
    },
    {
     "id": "651673511cac630478df22ce",
     "relation": {
      "key": "651670fa1cac630478df22c0"
     }
    },
    {
     "id": "651673581cac630478df22d1",
     "relation": {
      "key": "651671051cac630478df22c1"
     }
    },
    {
     "id": "6516735e1cac630478df22d3",
     "relation": {
      "key": "6516710f1cac630478df22c2"
     }
    },
    {
     "id": "651673671cac630478df22d5",
     "relation": {
      "key": "651671241cac630478df22c3"
     }
    },
    {
     "id": "651673691cac630478df22d7",
     "relation": {
      "key": "mood"
     }
    },
    {
     "id": "6516736d1cac630478df22d9",
     "relation": {
      "key": "651671e61cac630478df22c6"
     }
    },
    {
     "id": "651673831cac630478df22da",
     "text": {
      "marks": {

      }
     }
    },
    {
     "id": "title",
     "fields": {
       "_detailsKey": [
          "name",
          "done"
         ]
      },
     "restrictions": {
      "remove": true,
      "drag": true,
      "dropOn": true
     },
     "text": {
      "style": "Title",
      "marks": {

      }
     }
    },
    {
     "id": "description",
     "fields": {
       "_detailsKey": "description"
      },
     "restrictions": {
      "remove": true,
      "drag": true,
      "dropOn": true
     },
     "text": {
      "style": "Description",
      "marks": {

      }
     }
    },
    {
     "id": "featuredRelations",
     "restrictions": {
      "remove": true,
      "drag": true,
      "dropOn": true
     },
     "featuredRelations": {

     }
    }
   ],
   "details": {
     "6516740f1cac630478df22dc": [
        "bafyreianx5ddlchlbtsnzh5gorcqhj2ayr4h357ybykpnzchusw4bkiv6y"
       ],
     "backlinks": [
       ],
     "createdDate": 1695970164,
     "creator": "bafyreifhh5gf2bhxnjnlvvmicjhik4laqj5dv7hwjcjfnxwufk2ysqh5dy",
     "description": "",
     "featuredRelations": [
        "type",
        "description"
       ],
     "id": "bafyreicn6mdqtmlrw3phovf7dtla6bavtqqht2kkpbbx4zvl52fj6ybdu4",
     "internalFlags": [
       ],
     "lastModifiedBy": "_id_A9TDd5ZzvtVCdu7CccxCtG84xJYQfdr2f4mC14f2P7jqCJr9",
     "lastModifiedDate": 1702405873,
     "lastOpenedDate": 1695970388,
     "layout": 0,
     "links": [
        "bafyreianx5ddlchlbtsnzh5gorcqhj2ayr4h357ybykpnzchusw4bkiv6y"
       ],
     "name": "Day X - Habit",
     "restrictions": [
        5,
        7
       ],
     "snippet": "",
     "spaceId": "bafyreibax5xr3xduoj66hse7capo3a75mxarjjbdepuwkecdiddqujbzfm.ui14ot4rq1ni",
     "targetObjectType": "bafyreieu46rtqb6sbdglrpnzxuciqabtf7co55j37oejyacw3bn2o4h5t4",
     "type": "bafyreieq6ezmxig6jw3s5lu24t223c7hhnxjphge5pc4nejbkkasf75ycu",
     "workspaceId": "bafyreihvbis7qi4h5lxpaf447wpxj3ktgjy4cbeme7b2c6waymdazbkefy"
    },
   "objectTypes": [
    "ot-template",
    "ot-651670cf1cac630478df22bf"
   ],
   "relationLinks": [
    {
     "key": "workspaceId",
     "format": "object"
    },
    {
     "key": "createdDate",
     "format": "date"
    },
    {
     "key": "creator",
     "format": "object"
    },
    {
     "key": "type",
     "format": "object"
    },
    {
     "key": "id",
     "format": "object"
    },
    {
     "key": "snippet"
    },
    {
     "key": "internalFlags",
     "format": "number"
    },
    {
     "key": "backlinks",
     "format": "object"
    },
    {
     "key": "layout",
     "format": "number"
    },
    {
     "key": "name",
     "format": "shorttext"
    },
    {
     "key": "description"
    },
    {
     "key": "iconEmoji",
     "format": "emoji"
    },
    {
     "key": "iconImage",
     "format": "file"
    },
    {
     "key": "layoutAlign",
     "format": "number"
    },
    {
     "key": "coverId"
    },
    {
     "key": "coverScale",
     "format": "number"
    },
    {
     "key": "coverType",
     "format": "number"
    },
    {
     "key": "coverX",
     "format": "number"
    },
    {
     "key": "coverY",
     "format": "number"
    },
    {
     "key": "lastModifiedDate",
     "format": "date"
    },
    {
     "key": "lastModifiedBy",
     "format": "object"
    },
    {
     "key": "lastOpenedDate",
     "format": "date"
    },
    {
     "key": "featuredRelations",
     "format": "object"
    },
    {
     "key": "isFavorite",
     "format": "checkbox"
    },
    {
     "key": "links",
     "format": "object"
    },
    {
     "key": "restrictions",
     "format": "number"
    },
    {
     "key": "651670fa1cac630478df22c0"
    },
    {
     "key": "651671051cac630478df22c1"
    },
    {
     "key": "6516710f1cac630478df22c2"
    },
    {
     "key": "651671241cac630478df22c3"
    },
    {
     "key": "mood",
     "format": "tag"
    },
    {
     "key": "651671e61cac630478df22c6"
    },
    {
     "key": "651672681cac630478df22c8",
     "format": "checkbox"
    },
    {
     "key": "targetObjectType",
     "format": "object"
    },
    {
     "key": "6516740f1cac630478df22dc",
     "format": "object"
    },
    {
     "key": "spaceId",
     "format": "object"
    }
   ]
  }
 }
}