{
 "sbType": "Widget",
 "snapshot": {
  "data": {
   "blocks": [
    {
     "id": "bafyreibza44oaofhiegldrmfdamg25xnrk5jq3hpaer5satxoolcali3de",
     "restrictions": {

     },
     "childrenIds": [
      "6516709d1cac630478df22a1",
      "6516709d1cac630478df22a3",
      "6516709d1cac630478df22a5"
     ],
     "smartblock": {

     }
    },
    {
     "id": "6516709d1cac630478df22a1",
     "childrenIds": [
      "6516709d1cac630478df22a0"
     ],
     "widget": {

     }
    },
    {
     "id": "6516709d1cac630478df22a3",
     "childrenIds": [
      "6516709d1cac630478df22a2"
     ],
     "widget": {
      "layout": "CompactList"
     }
    },
    {
     "id": "6516709d1cac630478df22a5",
     "childrenIds": [
      "6516709d1cac630478df22a4"
     ],
     "widget": {
      "layout": "CompactList"
     }
    },
    {
     "id": "6516709d1cac630478df22a0",
     "link": {
      "targetBlockId": "bafyreibd77lw7jbz7e2fj76c7qehm6xrwcto56szyatxj3pyomqtobs5ku",
      "cardStyle": "Inline"
     }
    },
    {
     "id": "6516709d1cac630478df22a2",
     "link": {
      "targetBlockId": "favorite",
      "cardStyle": "Inline"
     }
    },
    {
     "id": "6516709d1cac630478df22a4",
     "link": {
      "targetBlockId": "set",
      "cardStyle": "Inline"
     }
    }
   ],
   "details": {
     "backlinks": [
       ],
     "createdDate": 1695969408,
     "creator": "_id_A9TDd5ZzvtVCdu7CccxCtG84xJYQfdr2f4mC14f2P7jqCJr9",
     "id": "bafyreibza44oaofhiegldrmfdamg25xnrk5jq3hpaer5satxoolcali3de",
     "isHidden": true,
     "lastModifiedBy": "_id_A9TDd5ZzvtVCdu7CccxCtG84xJYQfdr2f4mC14f2P7jqCJr9",
     "lastModifiedDate": 1702405890,
     "lastOpenedDate": 1702405874,
     "layout": 7,
     "links": [
        "bafyreibd77lw7jbz7e2fj76c7qehm6xrwcto56szyatxj3pyomqtobs5ku",
        "favorite",
        "set"
       ],
     "restrictions": [
        2,
        4,
        1,
        6,
        5,
        7,
        8
       ],
     "snippet": "",
     "spaceId": "bafyreibax5xr3xduoj66hse7capo3a75mxarjjbdepuwkecdiddqujbzfm.ui14ot4rq1ni",
     "type": "bafyreiduxwn2j36xulvjculbcav3mpidusmdvu363frvnpgfru36j64zba",
     "workspaceId": "bafyreihvbis7qi4h5lxpaf447wpxj3ktgjy4cbeme7b2c6waymdazbkefy"
    },
   "objectTypes": [
    "ot-dashboard"
   ],
   "relationLinks": [
    {
     "key": "id",
     "format": "object"
    },
    {
     "key": "snippet"
    },
    {
     "key": "workspaceId",
     "format": "object"
    },
    {
     "key": "backlinks",
     "format": "object"
    },
    {
     "key": "creator",
     "format": "object"
    },
    {
     "key": "type",
     "format": "object"
    },
    {
     "key": "layout",
     "format": "number"
    },
    {
     "key": "isHidden",
     "format": "checkbox"
    },
    {
     "key": "lastModifiedBy",
     "format": "object"
    },
    {
     "key": "lastModifiedDate",
     "format": "date"
    },
    {
     "key": "restrictions",
     "format": "number"
    },
    {
     "key": "lastOpenedDate",
     "format": "date"
    },
    {
     "key": "links",
     "format": "object"
    },
    {
     "key": "createdDate",
     "format": "date"
    },
    {
     "key": "spaceId",
     "format": "object"
    }
   ]
  }
 }
}