{
 "sbType": "Page",
 "snapshot": {
  "data": {
   "blocks": [
    {
     "id": "bafyreigi4b7ydp27bxayju5uoaygcvvmmxiezt5gaowlo7erebwbpmdkdu",
     "restrictions": {

     },
     "childrenIds": [
      "header",
      "651672a71cac630478df22cb",
      "651673541cac630478df22d0",
      "651673511cac630478df22ce",
      "651673581cac630478df22d1",
      "6516735e1cac630478df22d3",
      "651673671cac630478df22d5",
      "651673691cac630478df22d7",
      "6516736d1cac630478df22d9"
     ],
     "smartblock": {

     }
    },
    {
     "id": "header",
     "restrictions": {
      "edit": true,
      "remove": true,
      "drag": true,
      "dropOn": true
     },
     "childrenIds": [
      "title",
      "description",
      "featuredRelations"
     ],
     "layout": {
      "style": "Header"
     }
    },
    {
     "id": "651672a71cac630478df22cb",
     "backgroundColor": "grey",
     "text": {
      "text": "This is an example of an entry documenting the completion of a habit on a given day, and the results. You can easily add your data through the Habit Tracker set by creating a new row. You can create different views for each habit that you're tracking, and add relations for the specific results you'd like to track. Good luck!",
      "style": "Callout",
      "marks": {
       "marks": [
        {
         "range": {
          "from": 143,
          "to": 156
         },
         "type": "Italic"
        }
       ]
      }
     }
    },
    {
     "id": "651673541cac630478df22d0",
     "text": {
      "marks": {

      }
     }
    },
    {
     "id": "651673511cac630478df22ce",
     "relation": {
      "key": "651670fa1cac630478df22c0"
     }
    },
    {
     "id": "651673581cac630478df22d1",
     "relation": {
      "key": "651671051cac630478df22c1"
     }
    },
    {
     "id": "6516735e1cac630478df22d3",
     "relation": {
      "key": "6516710f1cac630478df22c2"
     }
    },
    {
     "id": "651673671cac630478df22d5",
     "relation": {
      "key": "651671241cac630478df22c3"
     }
    },
    {
     "id": "651673691cac630478df22d7",
     "relation": {
      "key": "mood"
     }
    },
    {
     "id": "6516736d1cac630478df22d9",
     "relation": {
      "key": "651671e61cac630478df22c6"
     }
    },
    {
     "id": "title",
     "fields": {
       "_detailsKey": [
          "name",
          "done"
         ]
      },
     "restrictions": {
      "remove": true,
      "drag": true,
      "dropOn": true
     },
     "text": {
      "style": "Title",
      "marks": {

      }
     }
    },
    {
     "id": "description",
     "fields": {
       "_detailsKey": "description"
      },
     "restrictions": {
      "remove": true,
      "drag": true,
      "dropOn": true
     },
     "text": {
      "style": "Description",
      "marks": {

      }
     }
    },
    {
     "id": "featuredRelations",
     "restrictions": {
      "remove": true,
      "drag": true,
      "dropOn": true
     },
     "featuredRelations": {

     }
    }
   ],
   "details": {
     "651670fa1cac630478df22c0": "☁️☁️☁️☁️",
     "651671051cac630478df22c1": "⚡⚡⚡",
     "6516710f1cac630478df22c2": "⚡⚡",
     "651671241cac630478df22c3": "🎯🎯🎯",
     "651671e61cac630478df22c6": "Had a walk after lunch when the sugar craving hit",
     "651672681cac630478df22c8": true,
     "6516740f1cac630478df22dc": [
        "bafyreianx5ddlchlbtsnzh5gorcqhj2ayr4h357ybykpnzchusw4bkiv6y"
       ],
     "backlinks": [
       ],
     "createdDate": 1695969711,
     "creator": "bafyreifhh5gf2bhxnjnlvvmicjhik4laqj5dv7hwjcjfnxwufk2ysqh5dy",
     "description": "",
     "featuredRelations": [
        "type",
        "description"
       ],
     "id": "bafyreigi4b7ydp27bxayju5uoaygcvvmmxiezt5gaowlo7erebwbpmdkdu",
     "internalFlags": [
       ],
     "lastModifiedBy": "_id_A9TDd5ZzvtVCdu7CccxCtG84xJYQfdr2f4mC14f2P7jqCJr9",
     "lastModifiedDate": 1702405955,
     "lastOpenedDate": 1702405901,
     "layout": 0,
     "links": [
        "bafyreianx5ddlchlbtsnzh5gorcqhj2ayr4h357ybykpnzchusw4bkiv6y"
       ],
     "mood": [
        "bafyreib4qekz272tuuozwdtkzjinhsnatrxkzmjpw2xykqawh3nastiutq"
       ],
     "name": "Day 1 - Sugar Free",
     "restrictions": [
       ],
     "snippet": "This is an example of an entry documenting the completion of a habit on a given day, and the results. You can easily add your data through the Habit Tracker set by creating a new row. You can create different views for each habit that you're tracking, and add relations for the specific results you'd …",
     "spaceId": "bafyreibax5xr3xduoj66hse7capo3a75mxarjjbdepuwkecdiddqujbzfm.ui14ot4rq1ni",
     "type": "bafyreieu46rtqb6sbdglrpnzxuciqabtf7co55j37oejyacw3bn2o4h5t4",
     "workspaceId": "bafyreihvbis7qi4h5lxpaf447wpxj3ktgjy4cbeme7b2c6waymdazbkefy"
    },
   "objectTypes": [
    "ot-651670cf1cac630478df22bf"
   ],
   "relationLinks": [
    {
     "key": "workspaceId",
     "format": "object"
    },
    {
     "key": "createdDate",
     "format": "date"
    },
    {
     "key": "creator",
     "format": "object"
    },
    {
     "key": "type",
     "format": "object"
    },
    {
     "key": "id",
     "format": "object"
    },
    {
     "key": "snippet"
    },
    {
     "key": "internalFlags",
     "format": "number"
    },
    {
     "key": "backlinks",
     "format": "object"
    },
    {
     "key": "layout",
     "format": "number"
    },
    {
     "key": "name",
     "format": "shorttext"
    },
    {
     "key": "description"
    },
    {
     "key": "iconEmoji",
     "format": "emoji"
    },
    {
     "key": "iconImage",
     "format": "file"
    },
    {
     "key": "layoutAlign",
     "format": "number"
    },
    {
     "key": "coverId"
    },
    {
     "key": "coverScale",
     "format": "number"
    },
    {
     "key": "coverType",
     "format": "number"
    },
    {
     "key": "coverX",
     "format": "number"
    },
    {
     "key": "coverY",
     "format": "number"
    },
    {
     "key": "lastModifiedDate",
     "format": "date"
    },
    {
     "key": "lastModifiedBy",
     "format": "object"
    },
    {
     "key": "lastOpenedDate",
     "format": "date"
    },
    {
     "key": "featuredRelations",
     "format": "object"
    },
    {
     "key": "isFavorite",
     "format": "checkbox"
    },
    {
     "key": "links",
     "format": "object"
    },
    {
     "key": "restrictions",
     "format": "number"
    },
    {
     "key": "651670fa1cac630478df22c0"
    },
    {
     "key": "651671051cac630478df22c1"
    },
    {
     "key": "6516710f1cac630478df22c2"
    },
    {
     "key": "651671241cac630478df22c3"
    },
    {
     "key": "mood",
     "format": "tag"
    },
    {
     "key": "651671e61cac630478df22c6"
    },
    {
     "key": "651672681cac630478df22c8",
     "format": "checkbox"
    },
    {
     "key": "6516740f1cac630478df22dc",
     "format": "object"
    },
    {
     "key": "spaceId",
     "format": "object"
    }
   ]
  }
 }
}