{
 "sbType": "STType",
 "snapshot": {
  "data": {
   "blocks": [
    {
     "id": "bafyreice7ivwblvg2fwdyxwafgleoxpxxp46z4h2netymk2v2fiayf4jhu",
     "restrictions": {

     },
     "childrenIds": [
      "header"
     ],
     "smartblock": {

     }
    },
    {
     "id": "header",
     "restrictions": {
      "edit": true,
      "remove": true,
      "drag": true,
      "dropOn": true
     },
     "childrenIds": [
      "title",
      "featuredRelations"
     ],
     "layout": {
      "style": "Header"
     }
    },
    {
     "id": "title",
     "fields": {
       "_detailsKey": [
          "name",
          "done"
         ]
      },
     "restrictions": {
      "remove": true,
      "drag": true,
      "dropOn": true
     },
     "text": {
      "style": "Title",
      "marks": {

      }
     }
    },
    {
     "id": "featuredRelations",
     "restrictions": {
      "remove": true,
      "drag": true,
      "dropOn": true
     },
     "featuredRelations": {

     }
    }
   ],
   "details": {
     "backlinks": [
       ],
     "createdDate": 1702405873,
     "creator": "_id_A9TDd5ZzvtVCdu7CccxCtG84xJYQfdr2f4mC14f2P7jqCJr9",
     "description": "Auto-generated object from files added to Anytype. Computer resource for recording data in a computer storage device",
     "featuredRelations": [
        "type"
       ],
     "iconEmoji": "📎",
     "id": "bafyreice7ivwblvg2fwdyxwafgleoxpxxp46z4h2netymk2v2fiayf4jhu",
     "isHidden": false,
     "isReadonly": true,
     "lastModifiedBy": "_id_A9TDd5ZzvtVCdu7CccxCtG84xJYQfdr2f4mC14f2P7jqCJr9",
     "lastModifiedDate": 1702405873,
     "layout": 4,
     "links": [
       ],
     "name": "File",
     "recommendedLayout": 6,
     "recommendedRelations": [
        "bafyreidgstjgydt46b2b55le32pa7ze7itgwhbrzbp33gpdlebb6o76ydm",
        "bafyreiea4a5spjprlh3ku2ij34dj74mzalleecedmgyvgifhsk2zskkzom",
        "bafyreiezujznekfdfidjkvjaqlwyupza2lbjhkej2kxyfhms4nyrixykca",
        "bafyreigcqsbyq73k2sqf3uzhxlz6nscobl26gzhootocprce4cyuc4ub5u"
       ],
     "restrictions": [
        3,
        6,
        5,
        7,
        4,
        1
       ],
     "smartblockTypes": [
        256
       ],
     "snippet": "",
     "sourceObject": "_otfile",
     "spaceId": "bafyreibax5xr3xduoj66hse7capo3a75mxarjjbdepuwkecdiddqujbzfm.ui14ot4rq1ni",
     "type": "bafyreiatdvyx4yalrojy3kvpy7f2bd4clyo45wsdtxby24tlskoic6uhcy",
     "uniqueKey": "ot-file"
    },
   "objectTypes": [
    "ot-objectType"
   ],
   "relationLinks": [
    {
     "key": "layout",
     "format": "number"
    },
    {
     "key": "recommendedLayout",
     "format": "number"
    },
    {
     "key": "isHidden",
     "format": "checkbox"
    },
    {
     "key": "description"
    },
    {
     "key": "smartblockTypes",
     "format": "number"
    },
    {
     "key": "recommendedRelations",
     "format": "object"
    },
    {
     "key": "name",
     "format": "shorttext"
    },
    {
     "key": "iconEmoji",
     "format": "emoji"
    },
    {
     "key": "sourceObject",
     "format": "object"
    },
    {
     "key": "backlinks",
     "format": "object"
    },
    {
     "key": "creator",
     "format": "object"
    },
    {
     "key": "createdDate",
     "format": "date"
    },
    {
     "key": "id",
     "format": "object"
    },
    {
     "key": "spaceId",
     "format": "object"
    },
    {
     "key": "type",
     "format": "object"
    },
    {
     "key": "uniqueKey"
    },
    {
     "key": "isReadonly",
     "format": "checkbox"
    },
    {
     "key": "snippet"
    },
    {
     "key": "iconImage",
     "format": "file"
    },
    {
     "key": "layoutAlign",
     "format": "number"
    },
    {
     "key": "coverId"
    },
    {
     "key": "coverScale",
     "format": "number"
    },
    {
     "key": "coverType",
     "format": "number"
    },
    {
     "key": "coverX",
     "format": "number"
    },
    {
     "key": "coverY",
     "format": "number"
    },
    {
     "key": "lastModifiedDate",
     "format": "date"
    },
    {
     "key": "lastModifiedBy",
     "format": "object"
    },
    {
     "key": "lastOpenedDate",
     "format": "date"
    },
    {
     "key": "featuredRelations",
     "format": "object"
    },
    {
     "key": "isFavorite",
     "format": "checkbox"
    },
    {
     "key": "workspaceId",
     "format": "object"
    },
    {
     "key": "links",
     "format": "object"
    },
    {
     "key": "internalFlags",
     "format": "number"
    },
    {
     "key": "restrictions",
     "format": "number"
    }
   ],
   "key": "file"
  }
 }
}