{
 "sbType": "Page",
 "snapshot": {
  "data": {
   "blocks": [
    {
     "id": "bafyreiadegbcgzfb6vqbyeg2sz26uewj3wgda4n4hova2t56o3vlaxtsae",
     "fields": {
       "analyticsContext": "skip",
       "analyticsOriginalId": "bafyreifggforpgjete27xiuw4qm3i4ind24fgo6lx362ydpg32p44bvrja"
      },
     "restrictions": {
      "edit": true,
      "remove": true,
      "drag": true,
      "dropOn": true
     },
     "childrenIds": [
      "header",
      "dataview"
     ],
     "smartblock": {

     }
    },
    {
     "id": "header",
     "restrictions": {
      "edit": true,
      "remove": true,
      "drag": true,
      "dropOn": true
     },
     "childrenIds": [
      "title",
      "description",
      "featuredRelations"
     ],
     "layout": {
      "style": "Header"
     }
    },
    {
     "id": "dataview",
     "dataview": {
      "source": [
       "status"
      ],
      "views": [
       {
        "id": "1",
        "name": "All",
        "sorts": [
         {
          "RelationKey": "name"
         }
        ],
        "filters": [
         {
          "RelationKey": "status",
          "condition": "In",
          "value": "bafyreibfyx6ayrqxjkooxzou6df74lvdgexrtd2xaj2m7c3bmo2szesq6e"
         }
        ]
       }
      ]
     }
    },
    {
     "id": "title",
     "fields": {
       "_detailsKey": [
          "name",
          "done"
         ]
      },
     "restrictions": {
      "remove": true,
      "drag": true,
      "dropOn": true
     },
     "text": {
      "style": "Title",
      "marks": {

      }
     }
    },
    {
     "id": "description",
     "fields": {
       "_detailsKey": "description"
      },
     "restrictions": {
      "remove": true,
      "drag": true,
      "dropOn": true
     },
     "text": {
      "style": "Description",
      "marks": {

      }
     }
    },
    {
     "id": "featuredRelations",
     "restrictions": {
      "remove": true,
      "drag": true,
      "dropOn": true
     },
     "featuredRelations": {

     }
    }
   ],
   "details": {
     "backlinks": [
       ],
     "createdDate": 1695969437,
     "creator": "bafyreifhh5gf2bhxnjnlvvmicjhik4laqj5dv7hwjcjfnxwufk2ysqh5dy",
     "description": "",
     "featuredRelations": [
        "description",
        "type"
       ],
     "id": "bafyreiadegbcgzfb6vqbyeg2sz26uewj3wgda4n4hova2t56o3vlaxtsae",
     "lastModifiedBy": "_id_A9TDd5ZzvtVCdu7CccxCtG84xJYQfdr2f4mC14f2P7jqCJr9",
     "lastModifiedDate": 1702405873,
     "layout": 13,
     "links": [
       ],
     "name": "In Progress",
     "oldAnytypeID": "bafyreidytexrisdjv7byhf5uflfi4dwsg6honi6mmji3kwrdxiamjj5pzu",
     "relationKey": "status",
     "relationOptionColor": "orange",
     "restrictions": [
        3,
        6,
        5,
        7
       ],
     "snippet": "",
     "sourceFilePath": "pb:/Users/charlotte/Library/Application Support/anytype/alpha/data/tmp/tmp.20230929.083717.66.zip/bafyreidytexrisdjv7byhf5uflfi4dwsg6honi6mmji3kwrdxiamjj5pzu.pb",
     "spaceId": "bafyreibax5xr3xduoj66hse7capo3a75mxarjjbdepuwkecdiddqujbzfm.ui14ot4rq1ni",
     "type": "bafyreifwt3gf4zjls4n7u2uzcwxqc6aoc5iijcoxyel2nwpdfq3dbob2gy",
     "workspaceId": "bafyreihvbis7qi4h5lxpaf447wpxj3ktgjy4cbeme7b2c6waymdazbkefy"
    },
   "objectTypes": [
    "ot-relationOption"
   ],
   "relationLinks": [
    {
     "key": "id",
     "format": "object"
    },
    {
     "key": "snippet"
    },
    {
     "key": "layout",
     "format": "number"
    },
    {
     "key": "relationKey",
     "format": "shorttext"
    },
    {
     "key": "featuredRelations",
     "format": "object"
    },
    {
     "key": "createdDate",
     "format": "date"
    },
    {
     "key": "name",
     "format": "shorttext"
    },
    {
     "key": "relationOptionColor",
     "format": "shorttext"
    },
    {
     "key": "lastModifiedBy",
     "format": "object"
    },
    {
     "key": "type",
     "format": "object"
    },
    {
     "key": "creator",
     "format": "object"
    },
    {
     "key": "lastModifiedDate",
     "format": "date"
    },
    {
     "key": "lastOpenedDate",
     "format": "date"
    },
    {
     "key": "workspaceId",
     "format": "object"
    },
    {
     "key": "isReadonly",
     "format": "checkbox"
    },
    {
     "key": "restrictions",
     "format": "number"
    },
    {
     "key": "links",
     "format": "object"
    },
    {
     "key": "sourceFilePath"
    },
    {
     "key": "oldAnytypeID"
    },
    {
     "key": "description"
    },
    {
     "key": "iconEmoji",
     "format": "emoji"
    },
    {
     "key": "iconImage",
     "format": "file"
    },
    {
     "key": "layoutAlign",
     "format": "number"
    },
    {
     "key": "coverId",
     "format": "shorttext"
    },
    {
     "key": "coverScale",
     "format": "number"
    },
    {
     "key": "coverType",
     "format": "number"
    },
    {
     "key": "coverX",
     "format": "number"
    },
    {
     "key": "coverY",
     "format": "number"
    },
    {
     "key": "isFavorite",
     "format": "checkbox"
    },
    {
     "key": "internalFlags",
     "format": "number"
    },
    {
     "key": "backlinks",
     "format": "object"
    },
    {
     "key": "spaceId",
     "format": "object"
    }
   ]
  }
 }
}