{
 "sbType": "STType",
 "snapshot": {
  "data": {
   "blocks": [
    {
     "id": "bafyreiczeu4ycg6bztlnrquyaprvkw7uvb7eywgbemoid3yi45urdbfcfm",
     "restrictions": {

     },
     "childrenIds": [
      "header"
     ],
     "smartblock": {

     }
    },
    {
     "id": "header",
     "restrictions": {
      "edit": true,
      "remove": true,
      "drag": true,
      "dropOn": true
     },
     "childrenIds": [
      "title",
      "featuredRelations"
     ],
     "layout": {
      "style": "Header"
     }
    },
    {
     "id": "title",
     "fields": {
       "_detailsKey": [
          "name",
          "done"
         ]
      },
     "restrictions": {
      "remove": true,
      "drag": true,
      "dropOn": true
     },
     "text": {
      "style": "Title",
      "marks": {

      }
     }
    },
    {
     "id": "featuredRelations",
     "restrictions": {
      "remove": true,
      "drag": true,
      "dropOn": true
     },
     "featuredRelations": {

     }
    }
   ],
   "details": {
     "backlinks": [
       ],
     "createdDate": 1702405873,
     "creator": "_id_A9TDd5ZzvtVCdu7CccxCtG84xJYQfdr2f4mC14f2P7jqCJr9",
     "description": "Auto-generated object from .jpg \u0026 .png files added to Anytype. A representation of the external form of a person or thing in art",
     "featuredRelations": [
        "type"
       ],
     "iconEmoji": "🏞",
     "id": "bafyreiczeu4ycg6bztlnrquyaprvkw7uvb7eywgbemoid3yi45urdbfcfm",
     "isHidden": false,
     "isReadonly": true,
     "lastModifiedBy": "_id_A9TDd5ZzvtVCdu7CccxCtG84xJYQfdr2f4mC14f2P7jqCJr9",
     "lastModifiedDate": 1702405873,
     "layout": 4,
     "links": [
       ],
     "name": "Image",
     "recommendedLayout": 8,
     "recommendedRelations": [
        "bafyreidgstjgydt46b2b55le32pa7ze7itgwhbrzbp33gpdlebb6o76ydm",
        "bafyreiczxt7iuu4jb5etgcebqjeorg6p77eegklo6sda7tzbzwpp6dnuay",
        "bafyreidi4bv7rbsf4c7lbm2ou5jowncmhiko4yc4n2mzuox35bro5sltsu",
        "bafyreidgd7obcavcucvws7ojc6thhqx7v6ek6plae3oz2z6jccvqmm7kjq",
        "bafyreiea4a5spjprlh3ku2ij34dj74mzalleecedmgyvgifhsk2zskkzom",
        "bafyreia76hlmc3axfvlzhi3qcsmtp2ekqqwhvxub7sqed65w5zpe26aioq",
        "bafyreihw7mwim4amy4tmwgwzkxll6zi7axqubqwpednkgx3jppehrevhl4",
        "bafyreiao3gq77kxihahdc25oxvlmyivekpv4mzrd4winq4pvapnltpmpfq",
        "bafyreiezujznekfdfidjkvjaqlwyupza2lbjhkej2kxyfhms4nyrixykca",
        "bafyreidjsvwg43wl2zdxn7l37jb54lsb33g3mor5qkcto6ogt6vsayx6ca",
        "bafyreigcqsbyq73k2sqf3uzhxlz6nscobl26gzhootocprce4cyuc4ub5u",
        "bafyreiaboa3vrwvce27i3sdde2uwl4vf4cavbjrbpktk6zqufnuwo6bl5i"
       ],
     "restrictions": [
        3,
        6,
        5,
        7,
        4,
        1
       ],
     "smartblockTypes": [
        256
       ],
     "snippet": "",
     "sourceObject": "_otimage",
     "spaceId": "bafyreibax5xr3xduoj66hse7capo3a75mxarjjbdepuwkecdiddqujbzfm.ui14ot4rq1ni",
     "type": "bafyreiatdvyx4yalrojy3kvpy7f2bd4clyo45wsdtxby24tlskoic6uhcy",
     "uniqueKey": "ot-image"
    },
   "objectTypes": [
    "ot-objectType"
   ],
   "relationLinks": [
    {
     "key": "iconEmoji",
     "format": "emoji"
    },
    {
     "key": "name",
     "format": "shorttext"
    },
    {
     "key": "smartblockTypes",
     "format": "number"
    },
    {
     "key": "sourceObject",
     "format": "object"
    },
    {
     "key": "description"
    },
    {
     "key": "isHidden",
     "format": "checkbox"
    },
    {
     "key": "recommendedLayout",
     "format": "number"
    },
    {
     "key": "recommendedRelations",
     "format": "object"
    },
    {
     "key": "layout",
     "format": "number"
    },
    {
     "key": "backlinks",
     "format": "object"
    },
    {
     "key": "creator",
     "format": "object"
    },
    {
     "key": "createdDate",
     "format": "date"
    },
    {
     "key": "id",
     "format": "object"
    },
    {
     "key": "spaceId",
     "format": "object"
    },
    {
     "key": "type",
     "format": "object"
    },
    {
     "key": "uniqueKey"
    },
    {
     "key": "isReadonly",
     "format": "checkbox"
    },
    {
     "key": "snippet"
    },
    {
     "key": "iconImage",
     "format": "file"
    },
    {
     "key": "layoutAlign",
     "format": "number"
    },
    {
     "key": "coverId"
    },
    {
     "key": "coverScale",
     "format": "number"
    },
    {
     "key": "coverType",
     "format": "number"
    },
    {
     "key": "coverX",
     "format": "number"
    },
    {
     "key": "coverY",
     "format": "number"
    },
    {
     "key": "lastModifiedDate",
     "format": "date"
    },
    {
     "key": "lastModifiedBy",
     "format": "object"
    },
    {
     "key": "lastOpenedDate",
     "format": "date"
    },
    {
     "key": "featuredRelations",
     "format": "object"
    },
    {
     "key": "isFavorite",
     "format": "checkbox"
    },
    {
     "key": "workspaceId",
     "format": "object"
    },
    {
     "key": "links",
     "format": "object"
    },
    {
     "key": "internalFlags",
     "format": "number"
    },
    {
     "key": "restrictions",
     "format": "number"
    }
   ],
   "key": "image"
  }
 }
}