{
 "sbType": "Page",
 "snapshot": {
  "data": {
   "blocks": [
    {
     "id": "bafyreianx5ddlchlbtsnzh5gorcqhj2ayr4h357ybykpnzchusw4bkiv6y",
     "restrictions": {

     },
     "childrenIds": [
      "header",
      "dataview"
     ],
     "smartblock": {

     }
    },
    {
     "id": "header",
     "restrictions": {
      "edit": true,
      "remove": true,
      "drag": true,
      "dropOn": true
     },
     "childrenIds": [
      "title",
      "description",
      "featuredRelations"
     ],
     "layout": {
      "style": "Header"
     }
    },
    {
     "id": "dataview",
     "dataview": {
      "views": [
       {
        "id": "651671371cac630478df22c4",
        "name": "All",
        "sorts": [
         {
          "id": "651671371cac630478df22c5",
          "RelationKey": "lastModifiedDate",
          "type": "Desc"
         }
        ],
        "relations": [
         {
          "key": "651672681cac630478df22c8",
          "isVisible": true,
          "width": 102
         },
         {
          "key": "name",
          "isVisible": true,
          "width": 166
         },
         {
          "key": "651670fa1cac630478df22c0",
          "isVisible": true,
          "width": 110
         },
         {
          "key": "651671051cac630478df22c1",
          "isVisible": true,
          "width": 121
         },
         {
          "key": "6516710f1cac630478df22c2",
          "isVisible": true,
          "width": 126
         },
         {
          "key": "651671241cac630478df22c3",
          "isVisible": true,
          "width": 109
         },
         {
          "key": "mood",
          "isVisible": true,
          "width": 116
         },
         {
          "key": "651671e61cac630478df22c6",
          "isVisible": true,
          "width": 192
         }
        ],
        "defaultTemplateId": "bafyreicn6mdqtmlrw3phovf7dtla6bavtqqht2kkpbbx4zvl52fj6ybdu4"
       }
      ],
      "relationLinks": [
       {
        "key": "name",
        "format": "shorttext"
       },
       {
        "key": "tag",
        "format": "tag"
       },
       {
        "key": "description"
       },
       {
        "key": "type",
        "format": "object"
       },
       {
        "key": "createdDate",
        "format": "date"
       },
       {
        "key": "lastModifiedDate",
        "format": "date"
       },
       {
        "key": "lastModifiedBy",
        "format": "object"
       },
       {
        "key": "lastOpenedDate",
        "format": "date"
       },
       {
        "key": "651670fa1cac630478df22c0"
       },
       {
        "key": "651671051cac630478df22c1"
       },
       {
        "key": "6516710f1cac630478df22c2"
       },
       {
        "key": "651671241cac630478df22c3"
       },
       {
        "key": "mood",
        "format": "tag"
       },
       {
        "key": "651671e61cac630478df22c6"
       },
       {
        "key": "651672681cac630478df22c8",
        "format": "checkbox"
       }
      ]
     }
    },
    {
     "id": "title",
     "fields": {
       "_detailsKey": [
          "name",
          "done"
         ]
      },
     "restrictions": {
      "remove": true,
      "drag": true,
      "dropOn": true
     },
     "text": {
      "style": "Title",
      "marks": {

      }
     }
    },
    {
     "id": "description",
     "fields": {
       "_detailsKey": "description"
      },
     "restrictions": {
      "remove": true,
      "drag": true,
      "dropOn": true
     },
     "text": {
      "style": "Description",
      "marks": {

      }
     }
    },
    {
     "id": "featuredRelations",
     "restrictions": {
      "remove": true,
      "drag": true,
      "dropOn": true
     },
     "featuredRelations": {

     }
    }
   ],
   "details": {
     "6516740f1cac630478df22dc": [
        "bafyreianx5ddlchlbtsnzh5gorcqhj2ayr4h357ybykpnzchusw4bkiv6y"
       ],
     "backlinks": [
        "bafyreicn6mdqtmlrw3phovf7dtla6bavtqqht2kkpbbx4zvl52fj6ybdu4",
        "bafyreigi4b7ydp27bxayju5uoaygcvvmmxiezt5gaowlo7erebwbpmdkdu"
       ],
     "coverId": "bafybeicbnwb55q2cvpvwmqe5qvc6utcn7f24znbae63nkkau7jx7xbgav4",
     "coverScale": 0,
     "coverType": 1,
     "coverX": 0,
     "coverY": -0.25,
     "createdDate": 1695969589,
     "creator": "bafyreifhh5gf2bhxnjnlvvmicjhik4laqj5dv7hwjcjfnxwufk2ysqh5dy",
     "description": "Documenting my Results",
     "featuredRelations": [
        "type",
        "description",
        "setOf"
       ],
     "id": "bafyreianx5ddlchlbtsnzh5gorcqhj2ayr4h357ybykpnzchusw4bkiv6y",
     "lastModifiedBy": "_id_A9TDd5ZzvtVCdu7CccxCtG84xJYQfdr2f4mC14f2P7jqCJr9",
     "lastModifiedDate": 1702405873,
     "lastOpenedDate": 1702405883,
     "layout": 3,
     "links": [
       ],
     "name": "Habit Tracker",
     "restrictions": [
        3,
        6,
        5,
        7
       ],
     "setOf": [
        "bafyreieu46rtqb6sbdglrpnzxuciqabtf7co55j37oejyacw3bn2o4h5t4"
       ],
     "snippet": "",
     "spaceId": "bafyreibax5xr3xduoj66hse7capo3a75mxarjjbdepuwkecdiddqujbzfm.ui14ot4rq1ni",
     "type": "bafyreifdz3cju2wtgdkz6xkqjttsnbjlqumyyfu247lj6mq336xpfqceje",
     "workspaceId": "bafyreihvbis7qi4h5lxpaf447wpxj3ktgjy4cbeme7b2c6waymdazbkefy"
    },
   "objectTypes": [
    "ot-set"
   ],
   "relationLinks": [
    {
     "key": "workspaceId",
     "format": "object"
    },
    {
     "key": "createdDate",
     "format": "date"
    },
    {
     "key": "creator",
     "format": "object"
    },
    {
     "key": "type",
     "format": "object"
    },
    {
     "key": "id",
     "format": "object"
    },
    {
     "key": "snippet"
    },
    {
     "key": "internalFlags",
     "format": "number"
    },
    {
     "key": "backlinks",
     "format": "object"
    },
    {
     "key": "layout",
     "format": "number"
    },
    {
     "key": "name",
     "format": "shorttext"
    },
    {
     "key": "description"
    },
    {
     "key": "iconEmoji",
     "format": "emoji"
    },
    {
     "key": "iconImage",
     "format": "file"
    },
    {
     "key": "layoutAlign",
     "format": "number"
    },
    {
     "key": "coverId"
    },
    {
     "key": "coverScale",
     "format": "number"
    },
    {
     "key": "coverType",
     "format": "number"
    },
    {
     "key": "coverX",
     "format": "number"
    },
    {
     "key": "coverY",
     "format": "number"
    },
    {
     "key": "lastModifiedDate",
     "format": "date"
    },
    {
     "key": "lastModifiedBy",
     "format": "object"
    },
    {
     "key": "lastOpenedDate",
     "format": "date"
    },
    {
     "key": "featuredRelations",
     "format": "object"
    },
    {
     "key": "isFavorite",
     "format": "checkbox"
    },
    {
     "key": "links",
     "format": "object"
    },
    {
     "key": "restrictions",
     "format": "number"
    },
    {
     "key": "setOf",
     "format": "object"
    },
    {
     "key": "6516740f1cac630478df22dc",
     "format": "object"
    },
    {
     "key": "spaceId",
     "format": "object"
    }
   ]
  },
  "fileKeys": [
   {
    "hash": "bafybeie5to2rhoksxzj4al2fr6cnxgijvjs6jjyhtsq2xliwbnsz22bybi",
    "keys": {
     "/0/exif/": "bxdb6tl3oxgujhocdoyf27hsdzn37xdsxfe52vgqmv6fo4b5kxlca",
     "/0/large/": "batmzgwjzsmokz6gbsz7vaeijhfnz5esqdp27wtuuy36qp3yx4mja",
     "/0/original/": "batmzgwjzsmokz6gbsz7vaeijhfnz5esqdp27wtuuy36qp3yx4mja",
     "/0/small/": "bs3qujhfxq4k4wpjpxy2kl2wcq2cotj2ua6krzo7c7kwmeqeyrxfq",
     "/0/thumb/": "b2ruxnjcusdkyy2qo276fr7ddfq2xqvrwd42i5iikqpacsd4ai26a"
    }
   },
   {
    "hash": "bafybeicbnwb55q2cvpvwmqe5qvc6utcn7f24znbae63nkkau7jx7xbgav4",
    "keys": {
     "/0/exif/": "bojvjvdq75am5lvgc5vypjyx7mvawnpdj6rflrfdrsfc3xsjipfca",
     "/0/large/": "b5gxj5qunnfo5a3z4gd7uugxgritfgdmmlygl2xuq7nxekrg5vlmq",
     "/0/original/": "b5gxj5qunnfo5a3z4gd7uugxgritfgdmmlygl2xuq7nxekrg5vlmq",
     "/0/small/": "btvlalq274ya6g7zubnvjk5ohomcxtrke562ayrnqbzfdcnhwk2pa",
     "/0/thumb/": "bvheyrrqj7m5dpuk72ajcisw36rsgrro5zd4p7wufc7ocaj4wxe5a"
    }
   }
  ]
 }
}