{
 "sbType": "STType",
 "snapshot": {
  "data": {
   "blocks": [
    {
     "id": "bafyreieu46rtqb6sbdglrpnzxuciqabtf7co55j37oejyacw3bn2o4h5t4",
     "restrictions": {

     },
     "childrenIds": [
      "header"
     ],
     "smartblock": {

     }
    },
    {
     "id": "header",
     "restrictions": {
      "edit": true,
      "remove": true,
      "drag": true,
      "dropOn": true
     },
     "childrenIds": [
      "title",
      "featuredRelations"
     ],
     "layout": {
      "style": "Header"
     }
    },
    {
     "id": "title",
     "fields": {
       "_detailsKey": [
          "name",
          "done"
         ]
      },
     "restrictions": {
      "remove": true,
      "drag": true,
      "dropOn": true
     },
     "text": {
      "style": "Title",
      "marks": {

      }
     }
    },
    {
     "id": "featuredRelations",
     "restrictions": {
      "remove": true,
      "drag": true,
      "dropOn": true
     },
     "featuredRelations": {

     }
    }
   ],
   "details": {
     "backlinks": [
       ],
     "createdDate": 1695970171,
     "creator": "_id_A9TDd5ZzvtVCdu7CccxCtG84xJYQfdr2f4mC14f2P7jqCJr9",
     "defaultTemplateId": "bafyreicn6mdqtmlrw3phovf7dtla6bavtqqht2kkpbbx4zvl52fj6ybdu4",
     "featuredRelations": [
        "description",
        "type",
        "sourceObject"
       ],
     "iconEmoji": "📅",
     "iconImage": "",
     "id": "bafyreieu46rtqb6sbdglrpnzxuciqabtf7co55j37oejyacw3bn2o4h5t4",
     "lastModifiedBy": "_id_A9TDd5ZzvtVCdu7CccxCtG84xJYQfdr2f4mC14f2P7jqCJr9",
     "lastModifiedDate": 1695970171,
     "layout": 4,
     "links": [
       ],
     "name": "Habit",
     "recommendedLayout": 0,
     "recommendedRelations": [
        "bafyreic6nqjlunikkvsqzlwnnmdn2u77upr6jxij4tywjedkgnpv554x2m",
        "bafyreicxo5gj6ndisrkloy5ebhhvnehk27re6huobrmp47a5jltyczdkt4",
        "bafyreigymj322ek2s4srg6xa3lmnte46i3j6ftcdof5wz2mgheg57xacwe",
        "bafyreidv5dcfiyawj5mpikuhta7jbh3itvgama4tl2olrn2zlzmve6krie",
        "bafyreiffqkmkmagmh7jh3bvow6i75bfborortny5mrv7h4rmljomlojpve"
       ],
     "restrictions": [
       ],
     "smartblockTypes": [
        16
       ],
     "snippet": "",
     "spaceId": "bafyreibax5xr3xduoj66hse7capo3a75mxarjjbdepuwkecdiddqujbzfm.ui14ot4rq1ni",
     "type": "bafyreiatdvyx4yalrojy3kvpy7f2bd4clyo45wsdtxby24tlskoic6uhcy",
     "uniqueKey": "ot-651670cf1cac630478df22bf"
    },
   "objectTypes": [
    "ot-objectType"
   ],
   "relationLinks": [
    {
     "key": "defaultTemplateId",
     "format": "object"
    },
    {
     "key": "iconEmoji",
     "format": "emoji"
    },
    {
     "key": "iconImage",
     "format": "file"
    },
    {
     "key": "recommendedLayout",
     "format": "number"
    },
    {
     "key": "layout",
     "format": "number"
    },
    {
     "key": "featuredRelations",
     "format": "object"
    },
    {
     "key": "recommendedRelations",
     "format": "object"
    },
    {
     "key": "smartblockTypes",
     "format": "number"
    },
    {
     "key": "name",
     "format": "shorttext"
    },
    {
     "key": "backlinks",
     "format": "object"
    },
    {
     "key": "creator",
     "format": "object"
    },
    {
     "key": "createdDate",
     "format": "date"
    },
    {
     "key": "id",
     "format": "object"
    },
    {
     "key": "spaceId",
     "format": "object"
    },
    {
     "key": "type",
     "format": "object"
    },
    {
     "key": "uniqueKey"
    },
    {
     "key": "snippet"
    },
    {
     "key": "description"
    },
    {
     "key": "layoutAlign",
     "format": "number"
    },
    {
     "key": "coverId"
    },
    {
     "key": "coverScale",
     "format": "number"
    },
    {
     "key": "coverType",
     "format": "number"
    },
    {
     "key": "coverX",
     "format": "number"
    },
    {
     "key": "coverY",
     "format": "number"
    },
    {
     "key": "lastModifiedDate",
     "format": "date"
    },
    {
     "key": "lastModifiedBy",
     "format": "object"
    },
    {
     "key": "lastOpenedDate",
     "format": "date"
    },
    {
     "key": "isFavorite",
     "format": "checkbox"
    },
    {
     "key": "workspaceId",
     "format": "object"
    },
    {
     "key": "links",
     "format": "object"
    },
    {
     "key": "internalFlags",
     "format": "number"
    },
    {
     "key": "restrictions",
     "format": "number"
    }
   ],
   "key": "651670cf1cac630478df22bf"
  }
 }
}