{
 "sbType": "STType",
 "snapshot": {
  "data": {
   "blocks": [
    {
     "id": "bafyreigjzjtokago6pyth2n5fk2r252252oz64trjejecx6d73jib4klme",
     "restrictions": {

     },
     "childrenIds": [
      "header"
     ],
     "smartblock": {

     }
    },
    {
     "id": "header",
     "restrictions": {
      "edit": true,
      "remove": true,
      "drag": true,
      "dropOn": true
     },
     "childrenIds": [
      "title",
      "featuredRelations"
     ],
     "layout": {
      "style": "Header"
     }
    },
    {
     "id": "title",
     "fields": {
       "_detailsKey": [
          "name",
          "done"
         ]
      },
     "restrictions": {
      "remove": true,
      "drag": true,
      "dropOn": true
     },
     "text": {
      "style": "Title",
      "marks": {

      }
     }
    },
    {
     "id": "featuredRelations",
     "restrictions": {
      "remove": true,
      "drag": true,
      "dropOn": true
     },
     "featuredRelations": {

     }
    }
   ],
   "details": {
     "backlinks": [
       ],
     "createdDate": 1702406676,
     "creator": "_id_A8E5niy7N9BJYpnHsRigt1Vo9VdtYRZ97PgiXhR5dYa1REKN",
     "description": "Auto-generated object from .mpeg-4 files added to Anytype. The recording of moving visual images",
     "featuredRelations": [
        "type"
       ],
     "iconEmoji": "📽",
     "id": "bafyreigjzjtokago6pyth2n5fk2r252252oz64trjejecx6d73jib4klme",
     "isHidden": false,
     "isReadonly": true,
     "lastModifiedBy": "_id_A8E5niy7N9BJYpnHsRigt1Vo9VdtYRZ97PgiXhR5dYa1REKN",
     "lastModifiedDate": 1702406676,
     "layout": 4,
     "links": [
       ],
     "name": "Video",
     "recommendedLayout": 6,
     "recommendedRelations": [
        "bafyreig7siqzaaoz7ae3mo3qtygoufdeupb5g2nhhx5cckje5mqeymj6pq",
        "bafyreibsnifnftnkcdksxa7c3gdts3bxz3uvmsf442zg7misjwb5vctevu",
        "bafyreielrk3qcannqeexi63savdggrbyaf6ohhl3denzowxesteyggendu",
        "bafyreif3xg3aaubaw4zcqhlsilvitb7kwzxfqpd4njmkecqpiezymnk34y",
        "bafyreid4y4xpkgyuqbqi37bl24es3zbjh4dwzgdh2lr2o24vhmeo5re4f4",
        "bafyreifp3jlnjuyo6woadmv4tb66jdsltytflqghhli4klu7rasih6ns5a",
        "bafyreihoxvx5inr4or64lfc4dklcjbkzlsio33i3mfca4fxzvcd5ctjnzq",
        "bafyreihias3qrx5qfhpeai7fg7pxnwoxnaelv2lgvq7keaw2vya7mdy7h4",
        "bafyreibekmct4zzffnv2hxtnudfpcyvwjrkxatx7gq4unxbyrx65lmm3x4",
        "bafyreibnzt6u5qxzhjtrjjc76v5u7ssh6vaoefoh2cmr6hf54n437ea6yy",
        "bafyreibv52ivdz5x4v3zk3beribn257iheoalwmsyrjlpwictktc6hqmsy"
       ],
     "restrictions": [
        3,
        6,
        5,
        7,
        4,
        1
       ],
     "smartblockTypes": [
        256
       ],
     "snippet": "",
     "sourceObject": "_otvideo",
     "spaceId": "bafyreic64pvb2yfxno5w7ypce6a3nwzbazu3cospumtyhvqy7urcxcxfqu.1z3swiw5bra42",
     "type": "bafyreihe4jhphz6kvyjswd6dz43t5qo76nt2miu2zn2mgdexbvwdnnkgja",
     "uniqueKey": "ot-video"
    },
   "objectTypes": [
    "ot-objectType"
   ],
   "relationLinks": [
    {
     "key": "layout",
     "format": "number"
    },
    {
     "key": "smartblockTypes",
     "format": "number"
    },
    {
     "key": "sourceObject",
     "format": "object"
    },
    {
     "key": "description"
    },
    {
     "key": "name",
     "format": "shorttext"
    },
    {
     "key": "recommendedRelations",
     "format": "object"
    },
    {
     "key": "recommendedLayout",
     "format": "number"
    },
    {
     "key": "isHidden",
     "format": "checkbox"
    },
    {
     "key": "iconEmoji",
     "format": "emoji"
    },
    {
     "key": "backlinks",
     "format": "object"
    },
    {
     "key": "creator",
     "format": "object"
    },
    {
     "key": "createdDate",
     "format": "date"
    },
    {
     "key": "id",
     "format": "object"
    },
    {
     "key": "spaceId",
     "format": "object"
    },
    {
     "key": "type",
     "format": "object"
    },
    {
     "key": "uniqueKey"
    },
    {
     "key": "isReadonly",
     "format": "checkbox"
    },
    {
     "key": "snippet"
    },
    {
     "key": "iconImage",
     "format": "file"
    },
    {
     "key": "layoutAlign",
     "format": "number"
    },
    {
     "key": "coverId"
    },
    {
     "key": "coverScale",
     "format": "number"
    },
    {
     "key": "coverType",
     "format": "number"
    },
    {
     "key": "coverX",
     "format": "number"
    },
    {
     "key": "coverY",
     "format": "number"
    },
    {
     "key": "lastModifiedDate",
     "format": "date"
    },
    {
     "key": "lastModifiedBy",
     "format": "object"
    },
    {
     "key": "lastOpenedDate",
     "format": "date"
    },
    {
     "key": "featuredRelations",
     "format": "object"
    },
    {
     "key": "isFavorite",
     "format": "checkbox"
    },
    {
     "key": "workspaceId",
     "format": "object"
    },
    {
     "key": "links",
     "format": "object"
    },
    {
     "key": "internalFlags",
     "format": "number"
    },
    {
     "key": "restrictions",
     "format": "number"
    }
   ],
   "key": "video"
  }
 }
}