{
 "sbType": "Widget",
 "snapshot": {
  "data": {
   "blocks": [
    {
     "id": "bafyreify5caczkwbghmsfggeca6qvnpiesnemiv4xi7egvszc3wgx4d3xy",
     "childrenIds": [
      "65168def1cac630478df2391",
      "65168def1cac630478df2393",
      "65168def1cac630478df2395",
      "65168def1cac630478df2397"
     ],
     "smartblock": {

     }
    },
    {
     "id": "65168def1cac630478df2391",
     "childrenIds": [
      "65168def1cac630478df2390"
     ],
     "widget": {

     }
    },
    {
     "id": "65168def1cac630478df2393",
     "childrenIds": [
      "65168def1cac630478df2392"
     ],
     "widget": {
      "layout": "CompactList"
     }
    },
    {
     "id": "65168def1cac630478df2395",
     "childrenIds": [
      "65168def1cac630478df2394"
     ],
     "widget": {
      "layout": "CompactList"
     }
    },
    {
     "id": "65168def1cac630478df2397",
     "childrenIds": [
      "65168def1cac630478df2396"
     ],
     "widget": {
      "layout": "CompactList"
     }
    },
    {
     "id": "65168def1cac630478df2390",
     "link": {
      "targetBlockId": "bafyreiaxioibk6ynyrk6dlb2a5sweqhgzqz3xrb6nxngqquvxvwmmuyvce",
      "cardStyle": "Inline"
     }
    },
    {
     "id": "65168def1cac630478df2392",
     "link": {
      "targetBlockId": "favorite",
      "cardStyle": "Inline"
     }
    },
    {
     "id": "65168def1cac630478df2394",
     "link": {
      "targetBlockId": "set",
      "cardStyle": "Inline"
     }
    },
    {
     "id": "65168def1cac630478df2396",
     "link": {
      "targetBlockId": "recent",
      "cardStyle": "Inline"
     }
    }
   ],
   "details": {
     "backlinks": [
       ],
     "createdDate": 1695976918,
     "creator": "_id_A8E5niy7N9BJYpnHsRigt1Vo9VdtYRZ97PgiXhR5dYa1REKN",
     "id": "bafyreify5caczkwbghmsfggeca6qvnpiesnemiv4xi7egvszc3wgx4d3xy",
     "isHidden": true,
     "lastModifiedBy": "_id_A8E5niy7N9BJYpnHsRigt1Vo9VdtYRZ97PgiXhR5dYa1REKN",
     "lastModifiedDate": 1702406676,
     "lastOpenedDate": 1702406677,
     "layout": 7,
     "links": [
        "bafyreiaxioibk6ynyrk6dlb2a5sweqhgzqz3xrb6nxngqquvxvwmmuyvce",
        "favorite",
        "set",
        "recent"
       ],
     "restrictions": [
        2,
        4,
        1,
        6,
        5,
        7,
        8
       ],
     "snippet": "",
     "spaceId": "bafyreic64pvb2yfxno5w7ypce6a3nwzbazu3cospumtyhvqy7urcxcxfqu.1z3swiw5bra42",
     "type": "bafyreigmm6kdlqn4jk3q3xsncrv7parn36v6rapu5julniwjchwxf2jvee",
     "workspaceId": "bafyreiffvnxwz3z4vshdo6wbvazseqdqrotrwuvi7yqon4vu27s7pk2ira"
    },
   "objectTypes": [
    "ot-dashboard"
   ],
   "relationLinks": [
    {
     "key": "id",
     "format": "object"
    },
    {
     "key": "snippet"
    },
    {
     "key": "workspaceId",
     "format": "object"
    },
    {
     "key": "backlinks",
     "format": "object"
    },
    {
     "key": "creator",
     "format": "object"
    },
    {
     "key": "type",
     "format": "object"
    },
    {
     "key": "layout",
     "format": "number"
    },
    {
     "key": "isHidden",
     "format": "checkbox"
    },
    {
     "key": "lastModifiedBy",
     "format": "object"
    },
    {
     "key": "lastModifiedDate",
     "format": "date"
    },
    {
     "key": "restrictions",
     "format": "number"
    },
    {
     "key": "lastOpenedDate",
     "format": "date"
    },
    {
     "key": "links",
     "format": "object"
    },
    {
     "key": "createdDate",
     "format": "date"
    },
    {
     "key": "spaceId",
     "format": "object"
    }
   ]
  }
 }
}