{
 "sbType": "Page",
 "snapshot": {
  "data": {
   "blocks": [
    {
     "id": "bafyreies3bfhpqgfueug5gr42bioebv4sjrxxp5itscn22p4dejohsebqe",
     "restrictions": {

     },
     "childrenIds": [
      "header",
      "dataview"
     ],
     "smartblock": {

     }
    },
    {
     "id": "header",
     "restrictions": {
      "edit": true,
      "remove": true,
      "drag": true,
      "dropOn": true
     },
     "childrenIds": [
      "title",
      "description",
      "featuredRelations"
     ],
     "layout": {
      "style": "Header"
     }
    },
    {
     "id": "dataview",
     "restrictions": {

     },
     "dataview": {
      "views": [
       {
        "id": "4f2a4080-7e24-4218-bfc1-9ecb4dba2ac8",
        "type": "Gallery",
        "name": "This Month",
        "sorts": [
         {
          "id": "65168ec61cac630478df23cb",
          "RelationKey": "lastModifiedDate",
          "type": "Desc"
         }
        ],
        "relations": [
         {
          "key": "name",
          "isVisible": true,
          "width": 500
         },
         {
          "key": "tag",
          "width": 192
         },
         {
          "key": "description",
          "width": 192
         },
         {
          "key": "type",
          "width": 192
         },
         {
          "key": "createdDate",
          "width": 192
         },
         {
          "key": "lastModifiedDate",
          "width": 192
         },
         {
          "key": "lastModifiedBy",
          "width": 192
         },
         {
          "key": "lastOpenedDate",
          "width": 192
         },
         {
          "key": "65168e6a1cac630478df23bd",
          "isVisible": true,
          "width": 192
         },
         {
          "key": "65168e301cac630478df23b3",
          "isVisible": true,
          "width": 192
         },
         {
          "key": "65168e3c1cac630478df23b6",
          "isVisible": true,
          "width": 192
         },
         {
          "key": "65168e4c1cac630478df23b9",
          "isVisible": true,
          "width": 192
         },
         {
          "key": "65168e761cac630478df23bf",
          "isVisible": true,
          "width": 192
         }
        ],
        "cardSize": "Medium",
        "groupRelationKey": "tag",
        "defaultTemplateId": "bafyreiakjwark65fdwigbpezseorjahvfbgmlzaroiofo7a2rnekkvtnta"
       }
      ],
      "relationLinks": [
       {
        "key": "name",
        "format": "shorttext"
       },
       {
        "key": "tag",
        "format": "tag"
       },
       {
        "key": "description"
       },
       {
        "key": "type",
        "format": "object"
       },
       {
        "key": "createdDate",
        "format": "date"
       },
       {
        "key": "lastModifiedDate",
        "format": "date"
       },
       {
        "key": "lastModifiedBy",
        "format": "object"
       },
       {
        "key": "lastOpenedDate",
        "format": "date"
       },
       {
        "key": "65168e6a1cac630478df23bd"
       },
       {
        "key": "65168e301cac630478df23b3"
       },
       {
        "key": "65168e3c1cac630478df23b6"
       },
       {
        "key": "65168e4c1cac630478df23b9"
       },
       {
        "key": "65168e761cac630478df23bf"
       }
      ]
     }
    },
    {
     "id": "title",
     "fields": {
       "_detailsKey": [
          "name",
          "done"
         ]
      },
     "restrictions": {
      "remove": true,
      "drag": true,
      "dropOn": true
     },
     "text": {
      "style": "Title",
      "marks": {

      }
     }
    },
    {
     "id": "description",
     "fields": {
       "_detailsKey": "description"
      },
     "restrictions": {
      "remove": true,
      "drag": true,
      "dropOn": true
     },
     "text": {
      "style": "Description",
      "marks": {

      }
     }
    },
    {
     "id": "featuredRelations",
     "restrictions": {
      "remove": true,
      "drag": true,
      "dropOn": true
     },
     "featuredRelations": {

     }
    }
   ],
   "details": {
     "backlinks": [
        "bafyreiakjwark65fdwigbpezseorjahvfbgmlzaroiofo7a2rnekkvtnta",
        "bafyreieizri6dhyqcksphomzdtaau6s5fzwjqjqnxjaxxyq5g7s5ycyccy",
        "bafyreiep2qixuakihqzlyi4ja53463wwmfn6uxz4mlybiloct2xdfrb7ma",
        "bafyreih2ehjxjypf3fqimk74hu4vvigywcf422abv2kqtm6hzbrmmxj7e4"
       ],
     "coverId": "bafybeidqyczf6or347w5cn4b2eupuykcgip3b7nck5jyzzjy4qfxcaxq4e",
     "coverScale": 0,
     "coverType": 1,
     "coverX": 0,
     "coverY": -0.25,
     "createdDate": 1695977147,
     "creator": "bafyreidufed6ote7bihu7i3sj3o4plxqzmm2k23ntvuiiq4keedjpllqme",
     "description": "The act of thinking about my life and writing about it each day",
     "featuredRelations": [
        "type",
        "description",
        "setOf"
       ],
     "iconEmoji": "✍️",
     "iconImage": "",
     "id": "bafyreies3bfhpqgfueug5gr42bioebv4sjrxxp5itscn22p4dejohsebqe",
     "lastModifiedBy": "_id_A8E5niy7N9BJYpnHsRigt1Vo9VdtYRZ97PgiXhR5dYa1REKN",
     "lastModifiedDate": 1702406911,
     "lastOpenedDate": 1702406821,
     "layout": 3,
     "links": [
       ],
     "name": "Daily Journal",
     "restrictions": [
        3,
        6,
        5,
        7
       ],
     "setOf": [
        "bafyreih2vbozgtucb5ifk7ut4vgqeckefoj7ci2fjrpb2qhikzs77jp2qq"
       ],
     "snippet": "",
     "spaceId": "bafyreic64pvb2yfxno5w7ypce6a3nwzbazu3cospumtyhvqy7urcxcxfqu.1z3swiw5bra42",
     "type": "bafyreif763ylxibjbsukokpgo4tbueisldd7bo6syqiif767kfsa2ej6fa",
     "workspaceId": "bafyreiffvnxwz3z4vshdo6wbvazseqdqrotrwuvi7yqon4vu27s7pk2ira"
    },
   "objectTypes": [
    "ot-set"
   ],
   "relationLinks": [
    {
     "key": "workspaceId",
     "format": "object"
    },
    {
     "key": "createdDate",
     "format": "date"
    },
    {
     "key": "creator",
     "format": "object"
    },
    {
     "key": "type",
     "format": "object"
    },
    {
     "key": "id",
     "format": "object"
    },
    {
     "key": "snippet"
    },
    {
     "key": "internalFlags",
     "format": "number"
    },
    {
     "key": "backlinks",
     "format": "object"
    },
    {
     "key": "layout",
     "format": "number"
    },
    {
     "key": "name",
     "format": "shorttext"
    },
    {
     "key": "description"
    },
    {
     "key": "iconEmoji",
     "format": "emoji"
    },
    {
     "key": "iconImage",
     "format": "file"
    },
    {
     "key": "layoutAlign",
     "format": "number"
    },
    {
     "key": "coverId"
    },
    {
     "key": "coverScale",
     "format": "number"
    },
    {
     "key": "coverType",
     "format": "number"
    },
    {
     "key": "coverX",
     "format": "number"
    },
    {
     "key": "coverY",
     "format": "number"
    },
    {
     "key": "lastModifiedDate",
     "format": "date"
    },
    {
     "key": "lastModifiedBy",
     "format": "object"
    },
    {
     "key": "lastOpenedDate",
     "format": "date"
    },
    {
     "key": "featuredRelations",
     "format": "object"
    },
    {
     "key": "isFavorite",
     "format": "checkbox"
    },
    {
     "key": "links",
     "format": "object"
    },
    {
     "key": "restrictions",
     "format": "number"
    },
    {
     "key": "setOf",
     "format": "object"
    },
    {
     "key": "spaceId",
     "format": "object"
    }
   ]
  },
  "fileKeys": [
   {
    "hash": "bafybeidqyczf6or347w5cn4b2eupuykcgip3b7nck5jyzzjy4qfxcaxq4e",
    "keys": {
     "/0/exif/": "b2ks3l3rzfvscjfo4fej7rodbba4d555xin6furwxsp7atkbtgzrq",
     "/0/large/": "b4w25yqfs3jcidkawiqmtl6yek7v5yb2lnqsiibkrdyqpfghyegqq",
     "/0/original/": "bpwj367zfdpmalcxfyarf3ulujkqgrvnfp52o4yjtwtsuwur3vb5q",
     "/0/small/": "b42ciiweirmiq3tr2q3wuopak34kbc7neudnwlx7urbozacjwfaya",
     "/0/thumb/": "bdhudvicecjx27b2hvn5akzfxsyablhfhxo66rdcd3pqra6ts235a"
    }
   }
  ]
 }
}