{
 "sbType": "Template",
 "snapshot": {
  "data": {
   "blocks": [
    {
     "id": "bafyreiakjwark65fdwigbpezseorjahvfbgmlzaroiofo7a2rnekkvtnta",
     "restrictions": {

     },
     "childrenIds": [
      "header",
      "65168e5b1cac630478df23bc",
      "65168e281cac630478df23b2",
      "65168e331cac630478df23b5",
      "65168e411cac630478df23b8",
      "65168e6d1cac630478df23be",
      "65168eaf1cac630478df23c9",
      "65168e781cac630478df23c0",
      "65168e7f1cac630478df23c2",
      "65168e7f1cac630478df23c3",
      "65168e941cac630478df23c6"
     ],
     "smartblock": {

     }
    },
    {
     "id": "header",
     "restrictions": {
      "edit": true,
      "remove": true,
      "drag": true,
      "dropOn": true
     },
     "childrenIds": [
      "title",
      "description",
      "featuredRelations"
     ],
     "layout": {
      "style": "Header"
     }
    },
    {
     "id": "65168e5b1cac630478df23bc",
     "relation": {
      "key": "65168e6a1cac630478df23bd"
     }
    },
    {
     "id": "65168e281cac630478df23b2",
     "relation": {
      "key": "65168e301cac630478df23b3"
     }
    },
    {
     "id": "65168e331cac630478df23b5",
     "relation": {
      "key": "65168e3c1cac630478df23b6"
     }
    },
    {
     "id": "65168e411cac630478df23b8",
     "relation": {
      "key": "65168e4c1cac630478df23b9"
     }
    },
    {
     "id": "65168e6d1cac630478df23be",
     "relation": {
      "key": "65168e761cac630478df23bf"
     }
    },
    {
     "id": "65168eaf1cac630478df23c9",
     "text": {
      "marks": {

      }
     }
    },
    {
     "id": "65168e781cac630478df23c0",
     "childrenIds": [
      "65168e7e1cac630478df23c1",
      "65168e981cac630478df23c7",
      "65168e9a1cac630478df23c8"
     ],
     "text": {
      "text": "Top 3 Prios for the day:",
      "marks": {
       "marks": [
        {
         "range": {
          "to": 24
         },
         "type": "Bold"
        }
       ]
      }
     }
    },
    {
     "id": "65168e7f1cac630478df23c2",
     "text": {
      "marks": {

      }
     }
    },
    {
     "id": "65168e7f1cac630478df23c3",
     "childrenIds": [
      "65168e911cac630478df23c5"
     ],
     "text": {
      "text": "Photo of the Day:",
      "marks": {
       "marks": [
        {
         "range": {
          "to": 17
         },
         "type": "Bold"
        }
       ]
      }
     }
    },
    {
     "id": "65168e941cac630478df23c6",
     "text": {
      "marks": {

      }
     }
    },
    {
     "id": "title",
     "fields": {
       "_detailsKey": [
          "name",
          "done"
         ]
      },
     "restrictions": {
      "remove": true,
      "drag": true,
      "dropOn": true
     },
     "text": {
      "style": "Title",
      "marks": {

      }
     }
    },
    {
     "id": "description",
     "fields": {
       "_detailsKey": "description"
      },
     "restrictions": {
      "remove": true,
      "drag": true,
      "dropOn": true
     },
     "text": {
      "style": "Description",
      "marks": {

      }
     }
    },
    {
     "id": "featuredRelations",
     "restrictions": {
      "remove": true,
      "drag": true,
      "dropOn": true
     },
     "featuredRelations": {

     }
    },
    {
     "id": "65168e7e1cac630478df23c1",
     "text": {
      "text": "Prio 1",
      "style": "Checkbox",
      "marks": {

      }
     }
    },
    {
     "id": "65168e981cac630478df23c7",
     "text": {
      "text": "Prio 2",
      "style": "Checkbox",
      "marks": {

      }
     }
    },
    {
     "id": "65168e9a1cac630478df23c8",
     "text": {
      "text": "Prio 3",
      "style": "Checkbox",
      "marks": {

      }
     }
    },
    {
     "id": "65168e911cac630478df23c5",
     "file": {
      "type": "Image"
     }
    }
   ],
   "details": {
     "651692bc1cac630478df23d0": [
        "bafyreies3bfhpqgfueug5gr42bioebv4sjrxxp5itscn22p4dejohsebqe"
       ],
     "backlinks": [
       ],
     "createdDate": 1695976994,
     "creator": "bafyreidufed6ote7bihu7i3sj3o4plxqzmm2k23ntvuiiq4keedjpllqme",
     "description": "",
     "featuredRelations": [
        "type",
        "description"
       ],
     "id": "bafyreiakjwark65fdwigbpezseorjahvfbgmlzaroiofo7a2rnekkvtnta",
     "internalFlags": [
       ],
     "lastModifiedBy": "_id_A8E5niy7N9BJYpnHsRigt1Vo9VdtYRZ97PgiXhR5dYa1REKN",
     "lastModifiedDate": 1702406676,
     "lastOpenedDate": 1695978187,
     "layout": 0,
     "links": [
        "bafyreies3bfhpqgfueug5gr42bioebv4sjrxxp5itscn22p4dejohsebqe"
       ],
     "name": "Date",
     "restrictions": [
        5,
        7
       ],
     "snippet": "Top 3 Prios for the day:\nPrio 1\nPrio 2\nPrio 3\nPhoto of the Day:",
     "spaceId": "bafyreic64pvb2yfxno5w7ypce6a3nwzbazu3cospumtyhvqy7urcxcxfqu.1z3swiw5bra42",
     "targetObjectType": "bafyreih2vbozgtucb5ifk7ut4vgqeckefoj7ci2fjrpb2qhikzs77jp2qq",
     "type": "bafyreigb5vxkwmzz2umw5a4zjxqv2b7ccofepqocprferjoxgmo35lj3mm",
     "workspaceId": "bafyreiffvnxwz3z4vshdo6wbvazseqdqrotrwuvi7yqon4vu27s7pk2ira"
    },
   "objectTypes": [
    "ot-template",
    "ot-65168e201cac630478df23b0"
   ],
   "relationLinks": [
    {
     "key": "workspaceId",
     "format": "object"
    },
    {
     "key": "createdDate",
     "format": "date"
    },
    {
     "key": "creator",
     "format": "object"
    },
    {
     "key": "type",
     "format": "object"
    },
    {
     "key": "id",
     "format": "object"
    },
    {
     "key": "snippet"
    },
    {
     "key": "layout",
     "format": "number"
    },
    {
     "key": "targetObjectType",
     "format": "object"
    },
    {
     "key": "internalFlags",
     "format": "number"
    },
    {
     "key": "backlinks",
     "format": "object"
    },
    {
     "key": "name",
     "format": "shorttext"
    },
    {
     "key": "description"
    },
    {
     "key": "iconEmoji",
     "format": "emoji"
    },
    {
     "key": "iconImage",
     "format": "file"
    },
    {
     "key": "layoutAlign",
     "format": "number"
    },
    {
     "key": "coverId"
    },
    {
     "key": "coverScale",
     "format": "number"
    },
    {
     "key": "coverType",
     "format": "number"
    },
    {
     "key": "coverX",
     "format": "number"
    },
    {
     "key": "coverY",
     "format": "number"
    },
    {
     "key": "lastModifiedDate",
     "format": "date"
    },
    {
     "key": "lastModifiedBy",
     "format": "object"
    },
    {
     "key": "lastOpenedDate",
     "format": "date"
    },
    {
     "key": "featuredRelations",
     "format": "object"
    },
    {
     "key": "isFavorite",
     "format": "checkbox"
    },
    {
     "key": "links",
     "format": "object"
    },
    {
     "key": "restrictions",
     "format": "number"
    },
    {
     "key": "65168e301cac630478df23b3"
    },
    {
     "key": "65168e3c1cac630478df23b6"
    },
    {
     "key": "65168e4c1cac630478df23b9"
    },
    {
     "key": "65168e6a1cac630478df23bd"
    },
    {
     "key": "65168e761cac630478df23bf"
    },
    {
     "key": "651692bc1cac630478df23d0",
     "format": "object"
    },
    {
     "key": "spaceId",
     "format": "object"
    }
   ]
  }
 }
}