{
 "sbType": "STRelation",
 "snapshot": {
  "data": {
   "blocks": [
    {
     "id": "bafyreiehi6cj34j3xuan5vgcdb3ni2ztj3xxpsfdxzah2fxidao3ty6v4q",
     "restrictions": {

     },
     "childrenIds": [
      "header"
     ],
     "smartblock": {

     }
    },
    {
     "id": "header",
     "restrictions": {
      "edit": true,
      "remove": true,
      "drag": true,
      "dropOn": true
     },
     "childrenIds": [
      "title",
      "featuredRelations"
     ],
     "layout": {
      "style": "Header"
     }
    },
    {
     "id": "title",
     "fields": {
       "_detailsKey": [
          "name",
          "done"
         ]
      },
     "restrictions": {
      "remove": true,
      "drag": true,
      "dropOn": true
     },
     "text": {
      "style": "Title",
      "marks": {

      }
     }
    },
    {
     "id": "featuredRelations",
     "restrictions": {
      "remove": true,
      "drag": true,
      "dropOn": true
     },
     "featuredRelations": {

     }
    }
   ],
   "details": {
     "backlinks": [
       ],
     "createdDate": 1702406676,
     "creator": "_anytype_profile",
     "description": "Space belongs to",
     "featuredRelations": [
        "type"
       ],
     "id": "bafyreiehi6cj34j3xuan5vgcdb3ni2ztj3xxpsfdxzah2fxidao3ty6v4q",
     "internalFlags": [
       ],
     "isHidden": true,
     "isReadonly": true,
     "lastModifiedBy": "_id_A8E5niy7N9BJYpnHsRigt1Vo9VdtYRZ97PgiXhR5dYa1REKN",
     "lastModifiedDate": 1702406676,
     "layout": 5,
     "links": [
       ],
     "name": "Space ID",
     "origin": 7,
     "relationDefaultValue": null,
     "relationFormat": 100,
     "relationFormatObjectTypes": [
        "bafyreie3a7jp6a5syomzux32xuregodvsxzhpxgdvmh3clpg6drnaqp6oi"
       ],
     "relationKey": "spaceId",
     "relationMaxCount": 1,
     "relationReadonlyValue": true,
     "restrictions": [
        3,
        6,
        5,
        7,
        1,
        2,
        4
       ],
     "revision": 0,
     "scope": 1,
     "snippet": "",
     "sourceObject": "_brspaceId",
     "spaceId": "bafyreic64pvb2yfxno5w7ypce6a3nwzbazu3cospumtyhvqy7urcxcxfqu.1z3swiw5bra42",
     "type": "bafyreihcgdhuwpa7eo2twy7lo3k74huala4juzcjpeegusiydiw2qnrfai",
     "uniqueKey": "rel-spaceId"
    },
   "objectTypes": [
    "ot-relation"
   ],
   "relationLinks": [
    {
     "key": "spaceId",
     "format": "object"
    },
    {
     "key": "relationFormat",
     "format": "number"
    },
    {
     "key": "relationFormatObjectTypes",
     "format": "object"
    },
    {
     "key": "isReadonly",
     "format": "checkbox"
    },
    {
     "key": "lastModifiedDate",
     "format": "date"
    },
    {
     "key": "sourceObject",
     "format": "object"
    },
    {
     "key": "creator",
     "format": "object"
    },
    {
     "key": "relationKey"
    },
    {
     "key": "id",
     "format": "object"
    },
    {
     "key": "name",
     "format": "shorttext"
    },
    {
     "key": "lastModifiedBy",
     "format": "object"
    },
    {
     "key": "description"
    },
    {
     "key": "links",
     "format": "object"
    },
    {
     "key": "createdDate",
     "format": "date"
    },
    {
     "key": "relationDefaultValue"
    },
    {
     "key": "snippet"
    },
    {
     "key": "internalFlags",
     "format": "number"
    },
    {
     "key": "isHidden",
     "format": "checkbox"
    },
    {
     "key": "type",
     "format": "object"
    },
    {
     "key": "relationMaxCount",
     "format": "number"
    },
    {
     "key": "relationReadonlyValue",
     "format": "checkbox"
    },
    {
     "key": "backlinks",
     "format": "object"
    },
    {
     "key": "layout",
     "format": "number"
    },
    {
     "key": "restrictions",
     "format": "number"
    },
    {
     "key": "origin",
     "format": "number"
    },
    {
     "key": "scope"
    },
    {
     "key": "revision",
     "format": "number"
    },
    {
     "key": "uniqueKey"
    },
    {
     "key": "iconEmoji",
     "format": "emoji"
    },
    {
     "key": "iconImage",
     "format": "file"
    },
    {
     "key": "layoutAlign",
     "format": "number"
    },
    {
     "key": "coverId"
    },
    {
     "key": "coverScale",
     "format": "number"
    },
    {
     "key": "coverType",
     "format": "number"
    },
    {
     "key": "coverX",
     "format": "number"
    },
    {
     "key": "coverY",
     "format": "number"
    },
    {
     "key": "lastOpenedDate",
     "format": "date"
    },
    {
     "key": "featuredRelations",
     "format": "object"
    },
    {
     "key": "isFavorite",
     "format": "checkbox"
    },
    {
     "key": "workspaceId",
     "format": "object"
    }
   ],
   "key": "spaceId"
  }
 }
}