{
 "sbType": "STType",
 "snapshot": {
  "data": {
   "blocks": [
    {
     "id": "bafyreigeyzf7spqubba3tguvw4i75z7dvbla7x34o36jgp6ehpwtyruaxa",
     "restrictions": {

     },
     "childrenIds": [
      "header"
     ],
     "smartblock": {

     }
    },
    {
     "id": "header",
     "restrictions": {
      "edit": true,
      "remove": true,
      "drag": true,
      "dropOn": true
     },
     "childrenIds": [
      "title",
      "featuredRelations"
     ],
     "layout": {
      "style": "Header"
     }
    },
    {
     "id": "title",
     "fields": {
       "_detailsKey": [
          "name",
          "done"
         ]
      },
     "restrictions": {
      "remove": true,
      "drag": true,
      "dropOn": true
     },
     "text": {
      "style": "Title",
      "marks": {

      }
     }
    },
    {
     "id": "featuredRelations",
     "restrictions": {
      "remove": true,
      "drag": true,
      "dropOn": true
     },
     "featuredRelations": {

     }
    }
   ],
   "details": {
     "backlinks": [
       ],
     "createdDate": 1702406676,
     "creator": "_id_A8E5niy7N9BJYpnHsRigt1Vo9VdtYRZ97PgiXhR5dYa1REKN",
     "description": "Auto-generated object from .wav, .mp3, .ogg files added to Anytype. Sound when recorded, with ability to reproduce",
     "featuredRelations": [
        "type"
       ],
     "iconEmoji": "🎵",
     "id": "bafyreigeyzf7spqubba3tguvw4i75z7dvbla7x34o36jgp6ehpwtyruaxa",
     "isHidden": false,
     "isReadonly": true,
     "lastModifiedBy": "_id_A8E5niy7N9BJYpnHsRigt1Vo9VdtYRZ97PgiXhR5dYa1REKN",
     "lastModifiedDate": 1702406676,
     "layout": 4,
     "links": [
       ],
     "name": "Audio",
     "recommendedLayout": 6,
     "recommendedRelations": [
        "bafyreidlzgmhva6tuikk5aqew7ucznw4i5skxd46jz5kaxljtgcy6pik2q",
        "bafyreiajkdf3qdo3di7jrdsyr6sorai3urxrkjtplaw3dq6b4voufrjh44",
        "bafyreiat3wy2du2ze4gwszr4p5lgzboom3mi7kibbxn7733bb6bfufauym",
        "bafyreidolngxzxs2ejrphkom6qqevb2orityi2vh22hdfllbsvdzobkxu4",
        "bafyreiekev3tevp53mobkqk746eztuyoedhqwjxtpaz3v3sdw7nsnha4a4",
        "bafyreif3xg3aaubaw4zcqhlsilvitb7kwzxfqpd4njmkecqpiezymnk34y",
        "bafyreidj54w57tnlqvkwkvpnnjio4pc6iu3ika7izppj4mbvuyvartm3sy",
        "bafyreig7siqzaaoz7ae3mo3qtygoufdeupb5g2nhhx5cckje5mqeymj6pq",
        "bafyreibsnifnftnkcdksxa7c3gdts3bxz3uvmsf442zg7misjwb5vctevu",
        "bafyreibnzt6u5qxzhjtrjjc76v5u7ssh6vaoefoh2cmr6hf54n437ea6yy",
        "bafyreibv52ivdz5x4v3zk3beribn257iheoalwmsyrjlpwictktc6hqmsy",
        "bafyreibn3uifwrjm5fzmoex2r42gtpvzo7usm5bisinyly5lje2f3pt5wa",
        "bafyreih35hlm2lue6n3a7ngmj4nbew2dz3ofazhbf4os36bq6tibqwnere"
       ],
     "restrictions": [
        3,
        6,
        5,
        7,
        4,
        1
       ],
     "smartblockTypes": [
        256
       ],
     "snippet": "",
     "sourceObject": "_otaudio",
     "spaceId": "bafyreic64pvb2yfxno5w7ypce6a3nwzbazu3cospumtyhvqy7urcxcxfqu.1z3swiw5bra42",
     "type": "bafyreihe4jhphz6kvyjswd6dz43t5qo76nt2miu2zn2mgdexbvwdnnkgja",
     "uniqueKey": "ot-audio"
    },
   "objectTypes": [
    "ot-objectType"
   ],
   "relationLinks": [
    {
     "key": "name",
     "format": "shorttext"
    },
    {
     "key": "isHidden",
     "format": "checkbox"
    },
    {
     "key": "recommendedLayout",
     "format": "number"
    },
    {
     "key": "recommendedRelations",
     "format": "object"
    },
    {
     "key": "sourceObject",
     "format": "object"
    },
    {
     "key": "smartblockTypes",
     "format": "number"
    },
    {
     "key": "description"
    },
    {
     "key": "iconEmoji",
     "format": "emoji"
    },
    {
     "key": "layout",
     "format": "number"
    },
    {
     "key": "backlinks",
     "format": "object"
    },
    {
     "key": "creator",
     "format": "object"
    },
    {
     "key": "createdDate",
     "format": "date"
    },
    {
     "key": "id",
     "format": "object"
    },
    {
     "key": "spaceId",
     "format": "object"
    },
    {
     "key": "type",
     "format": "object"
    },
    {
     "key": "uniqueKey"
    },
    {
     "key": "isReadonly",
     "format": "checkbox"
    },
    {
     "key": "snippet"
    },
    {
     "key": "iconImage",
     "format": "file"
    },
    {
     "key": "layoutAlign",
     "format": "number"
    },
    {
     "key": "coverId"
    },
    {
     "key": "coverScale",
     "format": "number"
    },
    {
     "key": "coverType",
     "format": "number"
    },
    {
     "key": "coverX",
     "format": "number"
    },
    {
     "key": "coverY",
     "format": "number"
    },
    {
     "key": "lastModifiedDate",
     "format": "date"
    },
    {
     "key": "lastModifiedBy",
     "format": "object"
    },
    {
     "key": "lastOpenedDate",
     "format": "date"
    },
    {
     "key": "featuredRelations",
     "format": "object"
    },
    {
     "key": "isFavorite",
     "format": "checkbox"
    },
    {
     "key": "workspaceId",
     "format": "object"
    },
    {
     "key": "links",
     "format": "object"
    },
    {
     "key": "internalFlags",
     "format": "number"
    },
    {
     "key": "restrictions",
     "format": "number"
    }
   ],
   "key": "audio"
  }
 }
}