{
 "sbType": "STType",
 "snapshot": {
  "data": {
   "blocks": [
    {
     "id": "bafyreibfrpgyb4gik2jy7hzvlw4btkh57pqmmkratypk5quqnhgyixtshy",
     "restrictions": {

     },
     "childrenIds": [
      "header"
     ],
     "smartblock": {

     }
    },
    {
     "id": "header",
     "restrictions": {
      "edit": true,
      "remove": true,
      "drag": true,
      "dropOn": true
     },
     "childrenIds": [
      "title",
      "featuredRelations"
     ],
     "layout": {
      "style": "Header"
     }
    },
    {
     "id": "title",
     "fields": {
       "_detailsKey": [
          "name",
          "done"
         ]
      },
     "restrictions": {
      "remove": true,
      "drag": true,
      "dropOn": true
     },
     "text": {
      "style": "Title",
      "marks": {

      }
     }
    },
    {
     "id": "featuredRelations",
     "restrictions": {
      "remove": true,
      "drag": true,
      "dropOn": true
     },
     "featuredRelations": {

     }
    }
   ],
   "details": {
     "backlinks": [
       ],
     "createdDate": 1702406676,
     "creator": "_id_A8E5niy7N9BJYpnHsRigt1Vo9VdtYRZ97PgiXhR5dYa1REKN",
     "description": "A piece of work to be done or undertaken",
     "featuredRelations": [
        "type"
       ],
     "iconEmoji": "✅",
     "id": "bafyreibfrpgyb4gik2jy7hzvlw4btkh57pqmmkratypk5quqnhgyixtshy",
     "isHidden": false,
     "isReadonly": true,
     "lastModifiedBy": "_id_A8E5niy7N9BJYpnHsRigt1Vo9VdtYRZ97PgiXhR5dYa1REKN",
     "lastModifiedDate": 1702406676,
     "layout": 4,
     "links": [
       ],
     "name": "Task",
     "recommendedLayout": 2,
     "recommendedRelations": [
        "bafyreib4kaoj554rfnmduo5ku7dt2baljpynxah4zyew2oorzms7ukblnu",
        "bafyreihghvtjcpfcsjz4net3vstanmvg2dnktykkarccpgquodeo262wp4",
        "bafyreig7ujmqc6ajycdgjzlwu52okwx24alu4xlf3dus75rbe2yguwk6zu",
        "bafyreiczgib3gcs2hmqs2qfqrqzhaw4pg7myec753k7tkv726yfxbsmvdq",
        "bafyreibtnt2imcfhdtikzb5tau4mlbw3cvstnxawhxqzt4drvdr4ci7hgi",
        "bafyreieddjmxelonti4haru4fcjfj7e6ru2ufrkkfktr3hdty73p6fz4im",
        "bafyreifn7zvuc4veavzlraehpn3emh673snnteq3juvvowjpu74tc6jqr4",
        "bafyreidk6pbx5qygksaa5at2kvuwnqk2pa2qljqmb4zki3jymvebyoxjru",
        "bafyreid7iaqpky4hc6f64lww4zplt7jlipadptz3aqkvvgqxzmfwvn4wfq",
        "bafyreidvlh2iyzkqlyoi7yj7com4m7qbidsrx25wubeeua5fetcwcknx6q"
       ],
     "restrictions": [
        3,
        6,
        5,
        7,
        4,
        1
       ],
     "smartblockTypes": [
        16
       ],
     "snippet": "",
     "sourceObject": "_ottask",
     "spaceId": "bafyreic64pvb2yfxno5w7ypce6a3nwzbazu3cospumtyhvqy7urcxcxfqu.1z3swiw5bra42",
     "type": "bafyreihe4jhphz6kvyjswd6dz43t5qo76nt2miu2zn2mgdexbvwdnnkgja",
     "uniqueKey": "ot-task"
    },
   "objectTypes": [
    "ot-objectType"
   ],
   "relationLinks": [
    {
     "key": "description"
    },
    {
     "key": "layout",
     "format": "number"
    },
    {
     "key": "smartblockTypes",
     "format": "number"
    },
    {
     "key": "recommendedRelations",
     "format": "object"
    },
    {
     "key": "sourceObject",
     "format": "object"
    },
    {
     "key": "recommendedLayout",
     "format": "number"
    },
    {
     "key": "name",
     "format": "shorttext"
    },
    {
     "key": "iconEmoji",
     "format": "emoji"
    },
    {
     "key": "isHidden",
     "format": "checkbox"
    },
    {
     "key": "backlinks",
     "format": "object"
    },
    {
     "key": "creator",
     "format": "object"
    },
    {
     "key": "createdDate",
     "format": "date"
    },
    {
     "key": "id",
     "format": "object"
    },
    {
     "key": "spaceId",
     "format": "object"
    },
    {
     "key": "type",
     "format": "object"
    },
    {
     "key": "uniqueKey"
    },
    {
     "key": "isReadonly",
     "format": "checkbox"
    },
    {
     "key": "snippet"
    },
    {
     "key": "iconImage",
     "format": "file"
    },
    {
     "key": "layoutAlign",
     "format": "number"
    },
    {
     "key": "coverId"
    },
    {
     "key": "coverScale",
     "format": "number"
    },
    {
     "key": "coverType",
     "format": "number"
    },
    {
     "key": "coverX",
     "format": "number"
    },
    {
     "key": "coverY",
     "format": "number"
    },
    {
     "key": "lastModifiedDate",
     "format": "date"
    },
    {
     "key": "lastModifiedBy",
     "format": "object"
    },
    {
     "key": "lastOpenedDate",
     "format": "date"
    },
    {
     "key": "featuredRelations",
     "format": "object"
    },
    {
     "key": "isFavorite",
     "format": "checkbox"
    },
    {
     "key": "workspaceId",
     "format": "object"
    },
    {
     "key": "links",
     "format": "object"
    },
    {
     "key": "internalFlags",
     "format": "number"
    },
    {
     "key": "restrictions",
     "format": "number"
    }
   ],
   "key": "task"
  }
 }
}