{
 "sbType": "ProfilePage",
 "snapshot": {
  "data": {
   "blocks": [
    {
     "id": "bafyreidufed6ote7bihu7i3sj3o4plxqzmm2k23ntvuiiq4keedjpllqme",
     "restrictions": {

     },
     "childrenIds": [
      "header"
     ],
     "smartblock": {

     }
    },
    {
     "id": "header",
     "restrictions": {
      "edit": true,
      "remove": true,
      "drag": true,
      "dropOn": true
     },
     "childrenIds": [
      "title",
      "identity",
      "featuredRelations"
     ],
     "layout": {
      "style": "Header"
     }
    },
    {
     "id": "title",
     "fields": {
       "_detailsKey": [
          "name",
          "done"
         ]
      },
     "restrictions": {
      "remove": true,
      "drag": true,
      "dropOn": true
     },
     "align": "AlignCenter",
     "text": {
      "style": "Title",
      "marks": {

      }
     }
    },
    {
     "id": "identity",
     "restrictions": {
      "edit": true,
      "remove": true,
      "drag": true,
      "dropOn": true
     },
     "relation": {
      "key": "profileOwnerIdentity"
     }
    },
    {
     "id": "featuredRelations",
     "restrictions": {
      "remove": true,
      "drag": true,
      "dropOn": true
     },
     "align": "AlignCenter",
     "featuredRelations": {

     }
    }
   ],
   "details": {
     "backlinks": [
       ],
     "createdDate": 1695976918,
     "creator": "_id_A8E5niy7N9BJYpnHsRigt1Vo9VdtYRZ97PgiXhR5dYa1REKN",
     "iconOption": 15,
     "id": "bafyreidufed6ote7bihu7i3sj3o4plxqzmm2k23ntvuiiq4keedjpllqme",
     "isHidden": true,
     "lastModifiedBy": "_id_A8E5niy7N9BJYpnHsRigt1Vo9VdtYRZ97PgiXhR5dYa1REKN",
     "lastModifiedDate": 1702406933,
     "layout": 1,
     "layoutAlign": 1,
     "links": [
       ],
     "name": "Daily Journal",
     "profileOwnerIdentity": "_id_A8E5niy7N9BJYpnHsRigt1Vo9VdtYRZ97PgiXhR5dYa1REKN",
     "restrictions": [
        6,
        5,
        1,
        8
       ],
     "snippet": "",
     "spaceId": "bafyreic64pvb2yfxno5w7ypce6a3nwzbazu3cospumtyhvqy7urcxcxfqu.1z3swiw5bra42",
     "type": "bafyreidoja5xva42htovcj6ajqyekjkbeuqpznnpw2o4dtcob6lhdkcoqi",
     "workspaceId": "bafyreiffvnxwz3z4vshdo6wbvazseqdqrotrwuvi7yqon4vu27s7pk2ira"
    },
   "objectTypes": [
    "ot-profile"
   ],
   "relationLinks": [
    {
     "key": "id",
     "format": "object"
    },
    {
     "key": "snippet"
    },
    {
     "key": "workspaceId",
     "format": "object"
    },
    {
     "key": "backlinks",
     "format": "object"
    },
    {
     "key": "creator",
     "format": "object"
    },
    {
     "key": "type",
     "format": "object"
    },
    {
     "key": "layout",
     "format": "number"
    },
    {
     "key": "layoutAlign",
     "format": "number"
    },
    {
     "key": "name",
     "format": "shorttext"
    },
    {
     "key": "description"
    },
    {
     "key": "iconEmoji",
     "format": "emoji"
    },
    {
     "key": "iconImage",
     "format": "file"
    },
    {
     "key": "coverId"
    },
    {
     "key": "coverScale",
     "format": "number"
    },
    {
     "key": "coverType",
     "format": "number"
    },
    {
     "key": "coverX",
     "format": "number"
    },
    {
     "key": "coverY",
     "format": "number"
    },
    {
     "key": "createdDate",
     "format": "date"
    },
    {
     "key": "lastModifiedDate",
     "format": "date"
    },
    {
     "key": "lastModifiedBy",
     "format": "object"
    },
    {
     "key": "lastOpenedDate",
     "format": "date"
    },
    {
     "key": "featuredRelations",
     "format": "object"
    },
    {
     "key": "isFavorite",
     "format": "checkbox"
    },
    {
     "key": "links",
     "format": "object"
    },
    {
     "key": "internalFlags",
     "format": "number"
    },
    {
     "key": "restrictions",
     "format": "number"
    },
    {
     "key": "iconOption",
     "format": "number"
    },
    {
     "key": "profileOwnerIdentity",
     "format": "shorttext"
    },
    {
     "key": "spaceId",
     "format": "object"
    },
    {
     "key": "isHidden",
     "format": "checkbox"
    }
   ]
  }
 }
}