{
 "sbType": "Page",
 "snapshot": {
  "data": {
   "blocks": [
    {
     "id": "bafyreiho6omnhfdieakneuq6fuatrvtq6vlrnoc4jkuzx4cdhubvjnptcu",
     "restrictions": {

     },
     "childrenIds": [
      "header",
      "64482ce91cac6305de8ea503",
      "64482cfe1cac6305de8ea50e",
      "64482d091cac6305de8ea50f",
      "65166e301cac630478df2287",
      "65166e311cac630478df2288"
     ],
     "smartblock": {

     }
    },
    {
     "id": "header",
     "restrictions": {
      "edit": true,
      "remove": true,
      "drag": true,
      "dropOn": true
     },
     "childrenIds": [
      "title",
      "description",
      "featuredRelations"
     ],
     "layout": {
      "style": "Header"
     }
    },
    {
     "id": "64482ce91cac6305de8ea503",
     "restrictions": {

     },
     "childrenIds": [
      "64482ce91cac6305de8ea507",
      "64482ce91cac6305de8ea50b"
     ],
     "table": {

     }
    },
    {
     "id": "64482cfe1cac6305de8ea50e",
     "text": {
      "text": "Grocery List:",
      "marks": {
       "marks": [
        {
         "range": {
          "to": 13
         },
         "type": "Bold"
        }
       ]
      }
     }
    },
    {
     "id": "64482d091cac6305de8ea50f",
     "text": {
      "text": "Item 1",
      "style": "Checkbox",
      "marks": {

      }
     }
    },
    {
     "id": "65166e301cac630478df2287",
     "text": {
      "text": "Item 2",
      "style": "Checkbox",
      "marks": {

      }
     }
    },
    {
     "id": "65166e311cac630478df2288",
     "text": {
      "text": "Item 3",
      "style": "Checkbox",
      "marks": {

      }
     }
    },
    {
     "id": "title",
     "fields": {
       "_detailsKey": [
          "name",
          "done"
         ]
      },
     "restrictions": {
      "remove": true,
      "drag": true,
      "dropOn": true
     },
     "text": {
      "style": "Title",
      "marks": {

      }
     }
    },
    {
     "id": "description",
     "fields": {
       "_detailsKey": "description"
      },
     "restrictions": {
      "remove": true,
      "drag": true,
      "dropOn": true
     },
     "text": {
      "style": "Description",
      "marks": {

      }
     }
    },
    {
     "id": "featuredRelations",
     "restrictions": {
      "remove": true,
      "drag": true,
      "dropOn": true
     },
     "featuredRelations": {

     }
    },
    {
     "id": "64482ce91cac6305de8ea507",
     "childrenIds": [
      "64482ce91cac6305de8ea504",
      "64482ce91cac6305de8ea505",
      "64482ce91cac6305de8ea506",
      "64482ceb1cac6305de8ea50c",
      "64482cec1cac6305de8ea50d"
     ],
     "layout": {
      "style": "TableColumns"
     }
    },
    {
     "id": "64482ce91cac6305de8ea50b",
     "childrenIds": [
      "64482ce91cac6305de8ea508",
      "64482ce91cac6305de8ea509",
      "64482ce91cac6305de8ea50a"
     ],
     "layout": {
      "style": "TableRows"
     }
    },
    {
     "id": "64482ce91cac6305de8ea504",
     "fields": {
       "width": 148
      },
     "tableColumn": {

     }
    },
    {
     "id": "64482ce91cac6305de8ea505",
     "fields": {
       "width": 170
      },
     "tableColumn": {

     }
    },
    {
     "id": "64482ce91cac6305de8ea506",
     "tableColumn": {

     }
    },
    {
     "id": "64482ceb1cac6305de8ea50c",
     "fields": {
       "width": 146
      },
     "tableColumn": {

     }
    },
    {
     "id": "64482cec1cac6305de8ea50d",
     "tableColumn": {

     }
    },
    {
     "id": "64482ce91cac6305de8ea508",
     "childrenIds": [
      "64482ce91cac6305de8ea508-64482ce91cac6305de8ea504",
      "64482ce91cac6305de8ea508-64482ce91cac6305de8ea505",
      "64482ce91cac6305de8ea508-64482ce91cac6305de8ea506",
      "64482ce91cac6305de8ea508-64482ceb1cac6305de8ea50c",
      "64482ce91cac6305de8ea508-64482cec1cac6305de8ea50d"
     ],
     "tableRow": {

     }
    },
    {
     "id": "64482ce91cac6305de8ea509",
     "childrenIds": [
      "64482ce91cac6305de8ea509-64482ce91cac6305de8ea504"
     ],
     "tableRow": {

     }
    },
    {
     "id": "64482ce91cac6305de8ea50a",
     "restrictions": {

     },
     "tableRow": {

     }
    },
    {
     "id": "64482ce91cac6305de8ea508-64482ce91cac6305de8ea504",
     "text": {
      "text": "Monday",
      "marks": {
       "marks": [
        {
         "range": {
          "to": 6
         },
         "type": "Bold"
        },
        {
         "range": {
          "to": 6
         },
         "type": "TextColor",
         "param": "ice"
        }
       ]
      }
     }
    },
    {
     "id": "64482ce91cac6305de8ea508-64482ce91cac6305de8ea505",
     "text": {
      "text": "Tuesday",
      "marks": {
       "marks": [
        {
         "range": {
          "to": 7
         },
         "type": "Bold"
        },
        {
         "range": {
          "to": 7
         },
         "type": "TextColor",
         "param": "lime"
        }
       ]
      }
     }
    },
    {
     "id": "64482ce91cac6305de8ea508-64482ce91cac6305de8ea506",
     "text": {
      "text": "Wednesday",
      "marks": {
       "marks": [
        {
         "range": {
          "to": 9
         },
         "type": "Bold"
        },
        {
         "range": {
          "to": 9
         },
         "type": "TextColor",
         "param": "orange"
        }
       ]
      }
     }
    },
    {
     "id": "64482ce91cac6305de8ea508-64482ceb1cac6305de8ea50c",
     "text": {
      "text": "Thursday",
      "marks": {
       "marks": [
        {
         "range": {
          "to": 8
         },
         "type": "Bold"
        },
        {
         "range": {
          "to": 8
         },
         "type": "TextColor",
         "param": "red"
        }
       ]
      }
     }
    },
    {
     "id": "64482ce91cac6305de8ea508-64482cec1cac6305de8ea50d",
     "text": {
      "text": "Friday",
      "marks": {
       "marks": [
        {
         "range": {
          "to": 6
         },
         "type": "Bold"
        },
        {
         "range": {
          "to": 6
         },
         "type": "TextColor",
         "param": "pink"
        }
       ]
      }
     }
    },
    {
     "id": "64482ce91cac6305de8ea509-64482ce91cac6305de8ea504",
     "text": {
      "text": "Example: Garlicky Eggplant ",
      "marks": {
       "marks": [
        {
         "range": {
          "to": 26
         },
         "type": "Mention",
         "param": "bafyreihao55gqvyhwwil23axup5tect6xb2okr2aqcjliixknmjusj7pt4"
        }
       ]
      }
     }
    }
   ],
   "details": {
     "backlinks": [
        "bafyreig6d3g4rrmauqzcl5nwykxsqerfv4qgtn5jotdlyvyls4q4j2nsd4"
       ],
     "coverId": "bafybeif2nbfdlcyof7als2cqlmwxjwisocg5ya7qgck5qzsopmavghm6j4",
     "coverScale": 0,
     "coverType": 5,
     "coverX": 0,
     "coverY": -0.2696011944477867,
     "createdDate": 1682448714,
     "creator": "bafyreihajwfjsyn6engsrhnid6g4czrg72xx7ncqx76lziy7yddawinzzu",
     "description": "Everything I'm cooking, from Monday to Friday",
     "featuredRelations": [
        "type",
        "description"
       ],
     "iconEmoji": "",
     "iconImage": "",
     "id": "bafyreiho6omnhfdieakneuq6fuatrvtq6vlrnoc4jkuzx4cdhubvjnptcu",
     "isFavorite": true,
     "lastModifiedBy": "_id_A7Jz6qq31WKkNcU3mR4oj7G5g4s9dt8DuwuS7ez7Qyeq4Qo8",
     "lastModifiedDate": 1702405643,
     "lastOpenedDate": 1702405618,
     "layout": 0,
     "links": [
        "bafyreihao55gqvyhwwil23axup5tect6xb2okr2aqcjliixknmjusj7pt4"
       ],
     "name": "Weekly Meal Plan",
     "oldAnytypeID": "bafyreifulri5puh7xiyd5s57rqxab55rlmovtxjzkciym44qkbsg56ujs4",
     "restrictions": [
       ],
     "snippet": "Monday\nTuesday\nWednesday\nThursday\nFriday\nExample: Garlicky Eggplant",
     "sourceFilePath": "json:/Users/charlotte/Downloads/Anytype.20230929.082327.44.zip/bafyreifulri5puh7xiyd5s57rqxab55rlmovtxjzkciym44qkbsg56ujs4.pb.json",
     "spaceId": "bafyreicrfjqaxmzem42ewnevu2oyky3jzyjb36v6vbg77ic4ze5devstji.25r41ce6eyn74",
     "type": "bafyreialnc6cwjpgh725qzpsxjkc5uv4yij6woefeh3jefhqykl6iebleu",
     "workspaceId": "bafyreic4ullavcvhcmnffk6dp7p5q2dv2ersk7bet6oia4zwt725oqhpt4"
    },
   "objectTypes": [
    "ot-page"
   ],
   "relationLinks": [
    {
     "key": "id",
     "format": "object"
    },
    {
     "key": "snippet"
    },
    {
     "key": "workspaceId",
     "format": "object"
    },
    {
     "key": "createdDate",
     "format": "date"
    },
    {
     "key": "creator",
     "format": "object"
    },
    {
     "key": "type",
     "format": "object"
    },
    {
     "key": "name",
     "format": "shorttext"
    },
    {
     "key": "description"
    },
    {
     "key": "iconEmoji",
     "format": "emoji"
    },
    {
     "key": "iconImage",
     "format": "file"
    },
    {
     "key": "layout",
     "format": "number"
    },
    {
     "key": "layoutAlign",
     "format": "number"
    },
    {
     "key": "coverId",
     "format": "shorttext"
    },
    {
     "key": "coverScale",
     "format": "number"
    },
    {
     "key": "coverType",
     "format": "number"
    },
    {
     "key": "coverX",
     "format": "number"
    },
    {
     "key": "coverY",
     "format": "number"
    },
    {
     "key": "lastModifiedDate",
     "format": "date"
    },
    {
     "key": "lastModifiedBy",
     "format": "object"
    },
    {
     "key": "lastOpenedDate",
     "format": "date"
    },
    {
     "key": "featuredRelations",
     "format": "object"
    },
    {
     "key": "isFavorite",
     "format": "checkbox"
    },
    {
     "key": "links",
     "format": "object"
    },
    {
     "key": "internalFlags",
     "format": "number"
    },
    {
     "key": "restrictions",
     "format": "number"
    },
    {
     "key": "isArchived",
     "format": "checkbox"
    },
    {
     "key": "spaceId",
     "format": "object"
    },
    {
     "key": "backlinks",
     "format": "object"
    },
    {
     "key": "oldAnytypeID"
    },
    {
     "key": "sourceFilePath"
    }
   ]
  },
  "fileKeys": [
   {
    "hash": "bafybeif2nbfdlcyof7als2cqlmwxjwisocg5ya7qgck5qzsopmavghm6j4",
    "keys": {
     "/0/exif/": "bxhjb56iapfgery5o3eqtdjmcwfxg2bd45emsvh6zfdbnlgnv47nq",
     "/0/large/": "b7wk7es6b7fz25q5reuh4tpuj7atnvuo5kzaevvq4bvv7i5dwppta",
     "/0/original/": "b7wk7es6b7fz25q5reuh4tpuj7atnvuo5kzaevvq4bvv7i5dwppta",
     "/0/small/": "biteb7dfdnju7aywl2s5fazwebfwhqwsjrahin2wnlb3a6kpkehwa",
     "/0/thumb/": "bv7ji7rht4kw4j4ejvvkercbuewsdti7ljuuhmxxj3zhuoeroh2la"
    }
   }
  ]
 }
}