{
 "sbType": "STRelation",
 "snapshot": {
  "data": {
   "blocks": [
    {
     "id": "bafyreifk2i5mfqo7hxhu7s23u5spcrydu7tz63mqgt3qnlvdtlxg6hmcr4",
     "childrenIds": [
      "header"
     ],
     "smartblock": {

     }
    },
    {
     "id": "header",
     "restrictions": {
      "edit": true,
      "remove": true,
      "drag": true,
      "dropOn": true
     },
     "childrenIds": [
      "title",
      "featuredRelations"
     ],
     "layout": {
      "style": "Header"
     }
    },
    {
     "id": "title",
     "fields": {
       "_detailsKey": [
          "name",
          "done"
         ]
      },
     "restrictions": {
      "remove": true,
      "drag": true,
      "dropOn": true
     },
     "text": {
      "style": "Title",
      "marks": {

      }
     }
    },
    {
     "id": "featuredRelations",
     "restrictions": {
      "remove": true,
      "drag": true,
      "dropOn": true
     },
     "featuredRelations": {

     }
    }
   ],
   "details": {
     "backlinks": [
       ],
     "createdDate": 1702405553,
     "creator": "_id_A7Jz6qq31WKkNcU3mR4oj7G5g4s9dt8DuwuS7ez7Qyeq4Qo8",
     "description": "Anytype layout ID(from pb enum)",
     "featuredRelations": [
        "type"
       ],
     "id": "bafyreifk2i5mfqo7hxhu7s23u5spcrydu7tz63mqgt3qnlvdtlxg6hmcr4",
     "isHidden": true,
     "isReadonly": true,
     "lastModifiedBy": "_id_A7Jz6qq31WKkNcU3mR4oj7G5g4s9dt8DuwuS7ez7Qyeq4Qo8",
     "lastModifiedDate": 1702405553,
     "layout": 5,
     "links": [
       ],
     "name": "Layout",
     "relationDefaultValue": null,
     "relationFormat": 2,
     "relationFormatObjectTypes": [
       ],
     "relationKey": "layout",
     "relationMaxCount": 1,
     "relationReadonlyValue": false,
     "restrictions": [
        3,
        6,
        5,
        7,
        1,
        2,
        4
       ],
     "scope": 1,
     "snippet": "",
     "sourceObject": "_brlayout",
     "spaceId": "bafyreicrfjqaxmzem42ewnevu2oyky3jzyjb36v6vbg77ic4ze5devstji.25r41ce6eyn74",
     "type": "bafyreihkdzgtmsb63goo4tvfg2xzzmuntb6yfkvgl7zkad2o6x6n3ebh54",
     "uniqueKey": "rel-layout"
    },
   "objectTypes": [
    "ot-relation"
   ],
   "relationLinks": [
    {
     "key": "relationKey"
    },
    {
     "key": "relationFormatObjectTypes",
     "format": "object"
    },
    {
     "key": "name",
     "format": "shorttext"
    },
    {
     "key": "scope"
    },
    {
     "key": "sourceObject",
     "format": "object"
    },
    {
     "key": "relationMaxCount",
     "format": "number"
    },
    {
     "key": "isHidden",
     "format": "checkbox"
    },
    {
     "key": "relationDefaultValue"
    },
    {
     "key": "relationFormat",
     "format": "number"
    },
    {
     "key": "layout",
     "format": "number"
    },
    {
     "key": "description"
    },
    {
     "key": "relationReadonlyValue",
     "format": "checkbox"
    },
    {
     "key": "backlinks",
     "format": "object"
    },
    {
     "key": "creator",
     "format": "object"
    },
    {
     "key": "createdDate",
     "format": "date"
    },
    {
     "key": "id",
     "format": "object"
    },
    {
     "key": "spaceId",
     "format": "object"
    },
    {
     "key": "type",
     "format": "object"
    },
    {
     "key": "uniqueKey"
    },
    {
     "key": "isReadonly",
     "format": "checkbox"
    },
    {
     "key": "snippet"
    },
    {
     "key": "iconEmoji",
     "format": "emoji"
    },
    {
     "key": "iconImage",
     "format": "file"
    },
    {
     "key": "layoutAlign",
     "format": "number"
    },
    {
     "key": "coverId"
    },
    {
     "key": "coverScale",
     "format": "number"
    },
    {
     "key": "coverType",
     "format": "number"
    },
    {
     "key": "coverX",
     "format": "number"
    },
    {
     "key": "coverY",
     "format": "number"
    },
    {
     "key": "lastModifiedDate",
     "format": "date"
    },
    {
     "key": "lastModifiedBy",
     "format": "object"
    },
    {
     "key": "lastOpenedDate",
     "format": "date"
    },
    {
     "key": "featuredRelations",
     "format": "object"
    },
    {
     "key": "isFavorite",
     "format": "checkbox"
    },
    {
     "key": "workspaceId",
     "format": "object"
    },
    {
     "key": "links",
     "format": "object"
    },
    {
     "key": "internalFlags",
     "format": "number"
    },
    {
     "key": "restrictions",
     "format": "number"
    }
   ],
   "key": "layout"
  }
 }
}