{
 "sbType": "STType",
 "snapshot": {
  "data": {
   "blocks": [
    {
     "id": "bafyreifsgjrfgupb2s4bohissgq4ocns6jzzgzqrkg4izqa53pa6ai5vm4",
     "childrenIds": [
      "header"
     ],
     "smartblock": {

     }
    },
    {
     "id": "header",
     "restrictions": {
      "edit": true,
      "remove": true,
      "drag": true,
      "dropOn": true
     },
     "childrenIds": [
      "title",
      "featuredRelations"
     ],
     "layout": {
      "style": "Header"
     }
    },
    {
     "id": "title",
     "fields": {
       "_detailsKey": [
          "name",
          "done"
         ]
      },
     "restrictions": {
      "remove": true,
      "drag": true,
      "dropOn": true
     },
     "text": {
      "style": "Title",
      "marks": {

      }
     }
    },
    {
     "id": "featuredRelations",
     "restrictions": {
      "remove": true,
      "drag": true,
      "dropOn": true
     },
     "featuredRelations": {

     }
    }
   ],
   "details": {
     "backlinks": [
       ],
     "createdDate": 1702405553,
     "creator": "_id_A7Jz6qq31WKkNcU3mR4oj7G5g4s9dt8DuwuS7ez7Qyeq4Qo8",
     "description": "Auto-generated object from .mpeg-4 files added to Anytype. The recording of moving visual images",
     "featuredRelations": [
        "type"
       ],
     "iconEmoji": "📽",
     "id": "bafyreifsgjrfgupb2s4bohissgq4ocns6jzzgzqrkg4izqa53pa6ai5vm4",
     "isHidden": false,
     "isReadonly": true,
     "lastModifiedBy": "_id_A7Jz6qq31WKkNcU3mR4oj7G5g4s9dt8DuwuS7ez7Qyeq4Qo8",
     "lastModifiedDate": 1702405553,
     "layout": 4,
     "links": [
       ],
     "name": "Video",
     "recommendedLayout": 6,
     "recommendedRelations": [
        "bafyreihqxp3nbnnbbmcy45j75u3ltgfibtmur4a73ry3zvskytc3kdv3pe",
        "bafyreibv6nfd2evdvjxcix7muamj7rbqs427ypj3qthkqp3gjnhndg4ona",
        "bafyreibbrw6wajqmxtptvbhyrgjobyh5pdkzgve577asoboeo6ki24y7eq",
        "bafyreiamq5pt5glfomr2ediuoxz4mcg7cedvnuegb576ur36l5wuiopoxa",
        "bafyreiambumerdc3n6t2ko3342avpnbgi7c7zaaxtskhy5xhgb2t4mz3va",
        "bafyreiffenedkqm664ums4sdrxwdl6befisd5cjprok3sg7o7rqb2pvbia",
        "bafyreics5w4heqshyrn5cmuwl4ohskinuyyhjeyqm6enng3nuiliq3jngm",
        "bafyreid3gr5ede44nybf3o2sb2esaegp5kypkhkikvvhcwwrn4f4gz67je",
        "bafyreicayrmggyphlu7rdfmgt25ohlygwdehzq2cqdjhebwsvedusxbds4",
        "bafyreidrcjexraqzuya5cox64tt2z6kt5ixvn7s6j6h6pxk6vyx3ca3bla",
        "bafyreidceh32bwfji2mw6pun2tvqfiaalooircgc6r3hu4y7ekvbhdbyk4"
       ],
     "restrictions": [
        3,
        6,
        5,
        7,
        4,
        1
       ],
     "smartblockTypes": [
        256
       ],
     "snippet": "",
     "sourceObject": "_otvideo",
     "spaceId": "bafyreicrfjqaxmzem42ewnevu2oyky3jzyjb36v6vbg77ic4ze5devstji.25r41ce6eyn74",
     "type": "bafyreia3lg6rufdxp7gepb6iygw5db3l2uzdhrfwql3hf5ymrc4jm54ywu",
     "uniqueKey": "ot-video"
    },
   "objectTypes": [
    "ot-objectType"
   ],
   "relationLinks": [
    {
     "key": "recommendedLayout",
     "format": "number"
    },
    {
     "key": "isHidden",
     "format": "checkbox"
    },
    {
     "key": "name",
     "format": "shorttext"
    },
    {
     "key": "recommendedRelations",
     "format": "object"
    },
    {
     "key": "smartblockTypes",
     "format": "number"
    },
    {
     "key": "layout",
     "format": "number"
    },
    {
     "key": "sourceObject",
     "format": "object"
    },
    {
     "key": "iconEmoji",
     "format": "emoji"
    },
    {
     "key": "description"
    },
    {
     "key": "backlinks",
     "format": "object"
    },
    {
     "key": "creator",
     "format": "object"
    },
    {
     "key": "createdDate",
     "format": "date"
    },
    {
     "key": "id",
     "format": "object"
    },
    {
     "key": "spaceId",
     "format": "object"
    },
    {
     "key": "type",
     "format": "object"
    },
    {
     "key": "uniqueKey"
    },
    {
     "key": "isReadonly",
     "format": "checkbox"
    },
    {
     "key": "snippet"
    },
    {
     "key": "iconImage",
     "format": "file"
    },
    {
     "key": "layoutAlign",
     "format": "number"
    },
    {
     "key": "coverId"
    },
    {
     "key": "coverScale",
     "format": "number"
    },
    {
     "key": "coverType",
     "format": "number"
    },
    {
     "key": "coverX",
     "format": "number"
    },
    {
     "key": "coverY",
     "format": "number"
    },
    {
     "key": "lastModifiedDate",
     "format": "date"
    },
    {
     "key": "lastModifiedBy",
     "format": "object"
    },
    {
     "key": "lastOpenedDate",
     "format": "date"
    },
    {
     "key": "featuredRelations",
     "format": "object"
    },
    {
     "key": "isFavorite",
     "format": "checkbox"
    },
    {
     "key": "workspaceId",
     "format": "object"
    },
    {
     "key": "links",
     "format": "object"
    },
    {
     "key": "internalFlags",
     "format": "number"
    },
    {
     "key": "restrictions",
     "format": "number"
    }
   ],
   "key": "video"
  }
 }
}