{
 "sbType": "STType",
 "snapshot": {
  "data": {
   "blocks": [
    {
     "id": "bafyreihazgxweakhm5hpzmqehhn2ghsjq2g5o5fokhv7i3kl63iq4pepoi",
     "childrenIds": [
      "header"
     ],
     "smartblock": {

     }
    },
    {
     "id": "header",
     "restrictions": {
      "edit": true,
      "remove": true,
      "drag": true,
      "dropOn": true
     },
     "childrenIds": [
      "title",
      "featuredRelations"
     ],
     "layout": {
      "style": "Header"
     }
    },
    {
     "id": "title",
     "fields": {
       "_detailsKey": [
          "name",
          "done"
         ]
      },
     "restrictions": {
      "remove": true,
      "drag": true,
      "dropOn": true
     },
     "text": {
      "style": "Title",
      "marks": {

      }
     }
    },
    {
     "id": "featuredRelations",
     "restrictions": {
      "remove": true,
      "drag": true,
      "dropOn": true
     },
     "featuredRelations": {

     }
    }
   ],
   "details": {
     "backlinks": [
       ],
     "createdDate": 1695967785,
     "creator": "_id_A7Jz6qq31WKkNcU3mR4oj7G5g4s9dt8DuwuS7ez7Qyeq4Qo8",
     "defaultTemplateId": "bafyreiekk7uysnuwyoiulb6hwnmo4r4yb73qt45up7gczzaqdnbzh5dioy",
     "description": "",
     "featuredRelations": [
        "description",
        "type",
        "sourceObject"
       ],
     "iconEmoji": "🍲",
     "id": "bafyreihazgxweakhm5hpzmqehhn2ghsjq2g5o5fokhv7i3kl63iq4pepoi",
     "isHidden": false,
     "lastModifiedBy": "_id_A7Jz6qq31WKkNcU3mR4oj7G5g4s9dt8DuwuS7ez7Qyeq4Qo8",
     "lastModifiedDate": 1695967785,
     "layout": 4,
     "links": [
       ],
     "name": "Recipe",
     "recommendedLayout": 0,
     "recommendedRelations": [
        "bafyreigiwwnsxat66x6gf4p3f4acmr4z6vsfauxiljk3rkmteawzsimmi4",
        "bafyreiajfq4jzyppdwtixqrhj5ir2felvy2o32fqvkdwxgrnv5rj7my2xy",
        "bafyreia6br37zhxc6ieilkuwwrnha7wtfoq7i2u7skkyejzh5qytfgr2ya",
        "bafyreifk2lvkryf4hvzrdggyl6utcgk5bkv7dcipguukg4lrg3c4bit4fu",
        "bafyreiedkbwqhtsnglnhuxsa5rvyqky2dmdlypf56gvwlt7zfljhjzpglm",
        "bafyreih4bkkypjg2q4iotsdbvrzjcs57ebgkythsfb5tyfk3gom7wvpzbe"
       ],
     "restrictions": [
       ],
     "smartblockTypes": [
        16
       ],
     "snippet": "",
     "sourceObject": "_otrecipe",
     "spaceId": "bafyreicrfjqaxmzem42ewnevu2oyky3jzyjb36v6vbg77ic4ze5devstji.25r41ce6eyn74",
     "type": "bafyreia3lg6rufdxp7gepb6iygw5db3l2uzdhrfwql3hf5ymrc4jm54ywu",
     "uniqueKey": "ot-recipe"
    },
   "objectTypes": [
    "ot-objectType"
   ],
   "relationLinks": [
    {
     "key": "featuredRelations",
     "format": "object"
    },
    {
     "key": "recommendedLayout",
     "format": "number"
    },
    {
     "key": "iconEmoji",
     "format": "emoji"
    },
    {
     "key": "smartblockTypes",
     "format": "number"
    },
    {
     "key": "description"
    },
    {
     "key": "name",
     "format": "shorttext"
    },
    {
     "key": "recommendedRelations",
     "format": "object"
    },
    {
     "key": "isHidden",
     "format": "checkbox"
    },
    {
     "key": "defaultTemplateId",
     "format": "object"
    },
    {
     "key": "layout",
     "format": "number"
    },
    {
     "key": "sourceObject",
     "format": "object"
    },
    {
     "key": "backlinks",
     "format": "object"
    },
    {
     "key": "creator",
     "format": "object"
    },
    {
     "key": "createdDate",
     "format": "date"
    },
    {
     "key": "id",
     "format": "object"
    },
    {
     "key": "spaceId",
     "format": "object"
    },
    {
     "key": "type",
     "format": "object"
    },
    {
     "key": "uniqueKey"
    },
    {
     "key": "snippet"
    },
    {
     "key": "iconImage",
     "format": "file"
    },
    {
     "key": "layoutAlign",
     "format": "number"
    },
    {
     "key": "coverId"
    },
    {
     "key": "coverScale",
     "format": "number"
    },
    {
     "key": "coverType",
     "format": "number"
    },
    {
     "key": "coverX",
     "format": "number"
    },
    {
     "key": "coverY",
     "format": "number"
    },
    {
     "key": "lastModifiedDate",
     "format": "date"
    },
    {
     "key": "lastModifiedBy",
     "format": "object"
    },
    {
     "key": "lastOpenedDate",
     "format": "date"
    },
    {
     "key": "isFavorite",
     "format": "checkbox"
    },
    {
     "key": "workspaceId",
     "format": "object"
    },
    {
     "key": "links",
     "format": "object"
    },
    {
     "key": "internalFlags",
     "format": "number"
    },
    {
     "key": "restrictions",
     "format": "number"
    }
   ],
   "key": "recipe"
  }
 }
}