{
 "sbType": "Page",
 "snapshot": {
  "data": {
   "blocks": [
    {
     "id": "bafyreihao55gqvyhwwil23axup5tect6xb2okr2aqcjliixknmjusj7pt4",
     "restrictions": {

     },
     "childrenIds": [
      "header",
      "65166e751cac630478df228d",
      "60ba6ec86cabea509c459b33",
      "60ba6ed16cabea509c459b35",
      "60ba6f176cabea509c459b47",
      "r-447644ed73550837f1004ceb74cc3c73",
      "60ba6efa6cabea509c459b3e"
     ],
     "smartblock": {

     }
    },
    {
     "id": "header",
     "restrictions": {
      "edit": true,
      "remove": true,
      "drag": true,
      "dropOn": true
     },
     "childrenIds": [
      "title",
      "featuredRelations"
     ],
     "layout": {
      "style": "Header"
     }
    },
    {
     "id": "65166e751cac630478df228d",
     "restrictions": {

     },
     "backgroundColor": "grey",
     "text": {
      "text": "This is an example Recipe template from the Types library. Feel free to delete or modify it to suit your needs.",
      "style": "Callout",
      "marks": {

      }
     }
    },
    {
     "id": "60ba6ec86cabea509c459b33",
     "restrictions": {

     },
     "relation": {
      "key": "time"
     }
    },
    {
     "id": "60ba6ed16cabea509c459b35",
     "restrictions": {

     },
     "relation": {
      "key": "servings"
     }
    },
    {
     "id": "60ba6f176cabea509c459b47",
     "relation": {
      "key": "difficulty"
     }
    },
    {
     "id": "r-447644ed73550837f1004ceb74cc3c73",
     "restrictions": {

     },
     "childrenIds": [
      "ct-447644ed73550837f1004ceb74cc3c73",
      "cd-447644ed73550837f1004ceb74cc3c73"
     ],
     "layout": {

     }
    },
    {
     "id": "60ba6efa6cabea509c459b3e",
     "restrictions": {

     },
     "text": {
      "marks": {

      }
     }
    },
    {
     "id": "title",
     "fields": {
       "_detailsKey": [
          "name",
          "done"
         ]
      },
     "restrictions": {
      "remove": true,
      "drag": true,
      "dropOn": true
     },
     "text": {
      "style": "Title",
      "marks": {

      }
     }
    },
    {
     "id": "featuredRelations",
     "restrictions": {
      "remove": true,
      "drag": true,
      "dropOn": true
     },
     "featuredRelations": {

     }
    },
    {
     "id": "ct-447644ed73550837f1004ceb74cc3c73",
     "fields": {
       "width": 0.39443721771240237
      },
     "childrenIds": [
      "60ba6fca6cabea509c459b50",
      "60f0965bd5877d31cde9f722",
      "60ba6eea6cabea509c459b3a",
      "60ba6eea6cabea509c459b3b",
      "6450b7841cac637ebbd1c107",
      "6450b77e1cac637ebbd1c106",
      "60ba6efd6cabea509c459b40",
      "6450b7931cac637ebbd1c108",
      "6450b7741cac637ebbd1c105",
      "65166eca1cac630478df2290",
      "6450b7a21cac637ebbd1c109",
      "6450b7cf1cac637ebbd1c10a",
      "6470c8e81cac6310503b30e1",
      "64835dbac6e47bb17755d19b"
     ],
     "layout": {
      "style": "Column"
     }
    },
    {
     "id": "cd-447644ed73550837f1004ceb74cc3c73",
     "fields": {
       "width": 0.6055627822875976
      },
     "childrenIds": [
      "60ba6eff6cabea509c459b41",
      "60f09642d5877d31cde9f71a",
      "6450b8b91cac637ebbd1c114",
      "65166ef61cac630478df2292",
      "65166efe1cac630478df2293",
      "6450b8951cac637ebbd1c110",
      "6450b8881cac637ebbd1c10f",
      "6450b89f1cac637ebbd1c111",
      "65166f611cac630478df2294",
      "65166f6a1cac630478df2295"
     ],
     "layout": {
      "style": "Column"
     }
    },
    {
     "id": "60ba6fca6cabea509c459b50",
     "text": {
      "text": "Ingredients ",
      "style": "Header2",
      "marks": {

      }
     }
    },
    {
     "id": "60f0965bd5877d31cde9f722",
     "div": {

     }
    },
    {
     "id": "60ba6eea6cabea509c459b3a",
     "restrictions": {

     },
     "text": {
      "text": "1 long eggplant, sliced ",
      "style": "Numbered",
      "marks": {

      }
     }
    },
    {
     "id": "60ba6eea6cabea509c459b3b",
     "restrictions": {

     },
     "text": {
      "text": "2 tbsp cornstarch",
      "style": "Numbered",
      "marks": {

      }
     }
    },
    {
     "id": "6450b7841cac637ebbd1c107",
     "text": {
      "text": "Salt",
      "style": "Numbered",
      "marks": {

      }
     }
    },
    {
     "id": "6450b77e1cac637ebbd1c106",
     "text": {
      "text": "2 tbsp Soy sauce",
      "style": "Numbered",
      "marks": {

      }
     }
    },
    {
     "id": "60ba6efd6cabea509c459b40",
     "restrictions": {

     },
     "text": {
      "text": "1 tbsp Sugar",
      "style": "Numbered",
      "marks": {

      }
     }
    },
    {
     "id": "6450b7931cac637ebbd1c108",
     "text": {
      "text": "Vegetable oil for frying",
      "style": "Numbered",
      "marks": {

      }
     }
    },
    {
     "id": "6450b7741cac637ebbd1c105",
     "text": {
      "text": "2 cloves garlic, minced",
      "style": "Numbered",
      "marks": {

      }
     }
    },
    {
     "id": "65166eca1cac630478df2290",
     "text": {
      "text": "1 inch ginger, minced",
      "style": "Numbered",
      "marks": {

      }
     }
    },
    {
     "id": "6450b7a21cac637ebbd1c109",
     "text": {
      "text": "Chives or cilantro",
      "style": "Numbered",
      "marks": {

      }
     }
    },
    {
     "id": "6450b7cf1cac637ebbd1c10a",
     "text": {
      "text": "Sesame seeds",
      "style": "Numbered",
      "marks": {

      }
     }
    },
    {
     "id": "6470c8e81cac6310503b30e1",
     "text": {
      "marks": {

      }
     }
    },
    {
     "id": "64835dbac6e47bb17755d19b",
     "text": {
      "marks": {

      }
     }
    },
    {
     "id": "60ba6eff6cabea509c459b41",
     "restrictions": {

     },
     "text": {
      "text": "Instructions ",
      "style": "Header2",
      "marks": {

      }
     }
    },
    {
     "id": "60f09642d5877d31cde9f71a",
     "div": {

     }
    },
    {
     "id": "6450b8b91cac637ebbd1c114",
     "text": {
      "text": "Chop \u0026 salt the eggplant; leave in a strainer for 45 minutes",
      "style": "Numbered",
      "marks": {

      }
     }
    },
    {
     "id": "65166ef61cac630478df2292",
     "text": {
      "text": "Squeeze out excess water with a paper towel. Sprinkle with cornstarch.",
      "style": "Numbered",
      "marks": {

      }
     }
    },
    {
     "id": "65166efe1cac630478df2293",
     "text": {
      "text": "Heat oil in a frying pan. Add eggplant in batches, flipping when golden. Remove when soft, ~10 minutes",
      "style": "Numbered",
      "marks": {

      }
     }
    },
    {
     "id": "6450b8951cac637ebbd1c110",
     "text": {
      "text": "In a small bowl, create a sauce with soy sauce, sugar, cornstarch \u0026 water, mix",
      "style": "Numbered",
      "marks": {

      }
     }
    },
    {
     "id": "6450b8881cac637ebbd1c10f",
     "text": {
      "text": "In the same frying pan, fry the garlic and ginger for 1-2 min",
      "style": "Numbered",
      "marks": {

      }
     }
    },
    {
     "id": "6450b89f1cac637ebbd1c111",
     "text": {
      "text": "Add the cooked eggplant back to the frying pan",
      "style": "Numbered",
      "marks": {

      }
     }
    },
    {
     "id": "65166f611cac630478df2294",
     "text": {
      "text": "Pour the sauce on top and mix, 1-2 minutes",
      "style": "Numbered",
      "marks": {

      }
     }
    },
    {
     "id": "65166f6a1cac630478df2295",
     "text": {
      "text": "Remove from heat. Add chives \u0026 sesame seeds for garnish",
      "style": "Numbered",
      "marks": {

      }
     }
    }
   ],
   "details": {
     "6450be9b1cac637ebbd1c124": [
        "bafyreibmybi67oxphln7bncyl4anr3vaf3p7tdxvgadsmh773ih3hatiu4"
       ],
     "backlinks": [
        "bafyreia5dvmbz6bkgfwv5afnoms7iokgp64fv74iibmwpfop2pllyfxqi4",
        "bafyreiho6omnhfdieakneuq6fuatrvtq6vlrnoc4jkuzx4cdhubvjnptcu"
       ],
     "coverId": "bafybeidp4wvotrlygoyeb7jmj7nnvqwt34lqtqd3sa4kzlfxto4i22snd4",
     "coverScale": 0,
     "coverType": 1,
     "coverX": 0,
     "coverY": -0.25,
     "createdDate": 1682948167,
     "creator": "bafyreihajwfjsyn6engsrhnid6g4czrg72xx7ncqx76lziy7yddawinzzu",
     "description": "",
     "difficulty": 2,
     "featuredRelations": [
        "type",
        "tag"
       ],
     "iconEmoji": "🍆",
     "iconImage": "",
     "id": "bafyreihao55gqvyhwwil23axup5tect6xb2okr2aqcjliixknmjusj7pt4",
     "lastModifiedBy": "_id_A7Jz6qq31WKkNcU3mR4oj7G5g4s9dt8DuwuS7ez7Qyeq4Qo8",
     "lastModifiedDate": 1702405611,
     "lastOpenedDate": 1702405581,
     "layout": 0,
     "links": [
        "bafyreibmybi67oxphln7bncyl4anr3vaf3p7tdxvgadsmh773ih3hatiu4"
       ],
     "name": "Example: Garlicky Eggplant",
     "oldAnytypeID": "bafyreidgcfmqb7y3knqzhbz3ifpkzjrflptzytipcxwtswhyvjbtfkhqhe",
     "restrictions": [
       ],
     "servings": 4,
     "snippet": "This is an example Recipe template from the Types library. Feel free to delete or modify it to suit your needs.",
     "sourceFilePath": "json:/Users/charlotte/Downloads/Anytype.20230929.082327.44.zip/bafyreidgcfmqb7y3knqzhbz3ifpkzjrflptzytipcxwtswhyvjbtfkhqhe.pb.json",
     "sourceObject": "_missing_object",
     "spaceId": "bafyreicrfjqaxmzem42ewnevu2oyky3jzyjb36v6vbg77ic4ze5devstji.25r41ce6eyn74",
     "tag": [
        "_missing_object",
        "bafyreib57wuexqzezx3k2y6fif26vwvytnetuij3vjycdedjzbwolfzm4e",
        "bafyreiauzj6m7xx6gd3wdxjxb2crmuz2idhfq67lflepf4i57v7rns5xbq"
       ],
     "time": 40,
     "type": "bafyreihazgxweakhm5hpzmqehhn2ghsjq2g5o5fokhv7i3kl63iq4pepoi",
     "workspaceId": "bafyreic4ullavcvhcmnffk6dp7p5q2dv2ersk7bet6oia4zwt725oqhpt4"
    },
   "objectTypes": [
    "ot-recipe"
   ],
   "relationLinks": [
    {
     "key": "id",
     "format": "object"
    },
    {
     "key": "snippet"
    },
    {
     "key": "workspaceId",
     "format": "object"
    },
    {
     "key": "createdDate",
     "format": "date"
    },
    {
     "key": "creator",
     "format": "object"
    },
    {
     "key": "type",
     "format": "object"
    },
    {
     "key": "internalFlags",
     "format": "number"
    },
    {
     "key": "name",
     "format": "shorttext"
    },
    {
     "key": "description"
    },
    {
     "key": "iconEmoji",
     "format": "emoji"
    },
    {
     "key": "iconImage",
     "format": "file"
    },
    {
     "key": "layout",
     "format": "number"
    },
    {
     "key": "layoutAlign",
     "format": "number"
    },
    {
     "key": "coverId",
     "format": "shorttext"
    },
    {
     "key": "coverScale",
     "format": "number"
    },
    {
     "key": "coverType",
     "format": "number"
    },
    {
     "key": "coverX",
     "format": "number"
    },
    {
     "key": "coverY",
     "format": "number"
    },
    {
     "key": "lastModifiedDate",
     "format": "date"
    },
    {
     "key": "lastModifiedBy",
     "format": "object"
    },
    {
     "key": "lastOpenedDate",
     "format": "date"
    },
    {
     "key": "featuredRelations",
     "format": "object"
    },
    {
     "key": "isFavorite",
     "format": "checkbox"
    },
    {
     "key": "links",
     "format": "object"
    },
    {
     "key": "restrictions",
     "format": "number"
    },
    {
     "key": "toBeDeletedDate",
     "format": "date"
    },
    {
     "key": "isHidden",
     "format": "checkbox"
    },
    {
     "key": "isArchived",
     "format": "checkbox"
    },
    {
     "key": "tag",
     "format": "tag"
    },
    {
     "key": "targetObjectType",
     "format": "object"
    },
    {
     "key": "time",
     "format": "number"
    },
    {
     "key": "servings",
     "format": "number"
    },
    {
     "key": "difficulty",
     "format": "number"
    },
    {
     "key": "templateIsBundled",
     "format": "checkbox"
    },
    {
     "key": "sourceObject",
     "format": "object"
    },
    {
     "key": "6450be9b1cac637ebbd1c124",
     "format": "object"
    },
    {
     "key": "spaceId",
     "format": "object"
    },
    {
     "key": "backlinks",
     "format": "object"
    },
    {
     "key": "oldAnytypeID"
    },
    {
     "key": "sourceFilePath"
    }
   ]
  },
  "fileKeys": [
   {
    "hash": "bafybeidp4wvotrlygoyeb7jmj7nnvqwt34lqtqd3sa4kzlfxto4i22snd4",
    "keys": {
     "/0/exif/": "btgy5spifjop4ve2flf6z64z6s76utikfar6bponn7gnj6inneofa",
     "/0/large/": "b5ucshmc5du3qqvnqr7z5qrnxp67awcq46loqyxu7muvgzx7kthoq",
     "/0/original/": "b5ucshmc5du3qqvnqr7z5qrnxp67awcq46loqyxu7muvgzx7kthoq",
     "/0/small/": "bmplsypf7aykyi4abla6lcmkfgcplhsnvodjah3mljncpwbdlrbma",
     "/0/thumb/": "beddxbpmnnhfe7ccnpbxv7pymzkd6salyksyr3rujcxaoy5ahz3ea"
    }
   }
  ]
 }
}