{
 "sbType": "Template",
 "snapshot": {
  "data": {
   "blocks": [
    {
     "id": "bafyreiekk7uysnuwyoiulb6hwnmo4r4yb73qt45up7gczzaqdnbzh5dioy",
     "fields": {
       "analyticsOriginalId": ""
      },
     "restrictions": {

     },
     "childrenIds": [
      "header",
      "60ba6ec86cabea509c459b33",
      "60ba6ed16cabea509c459b35",
      "60ba6f176cabea509c459b47",
      "60ba6fca6cabea509c459b50",
      "60f09642d5877d31cde9f71a",
      "60ba6eea6cabea509c459b3a",
      "60ba6eea6cabea509c459b3b",
      "60ba6efd6cabea509c459b40",
      "60ba6efa6cabea509c459b3e",
      "60ba6eff6cabea509c459b41",
      "60f0965bd5877d31cde9f722",
      "60f09658d5877d31cde9f71e",
      "60f09658d5877d31cde9f71f",
      "60f09658d5877d31cde9f720",
      "60ba6f0d6cabea509c459b44"
     ],
     "smartblock": {

     }
    },
    {
     "id": "header",
     "restrictions": {
      "edit": true,
      "remove": true,
      "drag": true,
      "dropOn": true
     },
     "childrenIds": [
      "title",
      "description",
      "featuredRelations"
     ],
     "layout": {
      "style": "Header"
     }
    },
    {
     "id": "60ba6ec86cabea509c459b33",
     "restrictions": {

     },
     "relation": {
      "key": "time"
     }
    },
    {
     "id": "60ba6ed16cabea509c459b35",
     "restrictions": {

     },
     "relation": {
      "key": "servings"
     }
    },
    {
     "id": "60ba6f176cabea509c459b47",
     "relation": {
      "key": "difficulty"
     }
    },
    {
     "id": "60ba6fca6cabea509c459b50",
     "text": {
      "text": "Ingredients ",
      "style": "Header2",
      "marks": {

      }
     }
    },
    {
     "id": "60f09642d5877d31cde9f71a",
     "div": {

     }
    },
    {
     "id": "60ba6eea6cabea509c459b3a",
     "restrictions": {

     },
     "text": {
      "style": "Numbered",
      "marks": {

      }
     }
    },
    {
     "id": "60ba6eea6cabea509c459b3b",
     "restrictions": {

     },
     "text": {
      "style": "Numbered",
      "marks": {

      }
     }
    },
    {
     "id": "60ba6efd6cabea509c459b40",
     "restrictions": {

     },
     "text": {
      "style": "Numbered",
      "marks": {

      }
     }
    },
    {
     "id": "60ba6efa6cabea509c459b3e",
     "restrictions": {

     },
     "text": {
      "marks": {

      }
     }
    },
    {
     "id": "60ba6eff6cabea509c459b41",
     "restrictions": {

     },
     "text": {
      "text": "Instructions ",
      "style": "Header2",
      "marks": {

      }
     }
    },
    {
     "id": "60f0965bd5877d31cde9f722",
     "div": {

     }
    },
    {
     "id": "60f09658d5877d31cde9f71e",
     "fields": {
      },
     "text": {
      "style": "Numbered",
      "marks": {

      }
     }
    },
    {
     "id": "60f09658d5877d31cde9f71f",
     "fields": {
      },
     "text": {
      "style": "Numbered",
      "marks": {

      }
     }
    },
    {
     "id": "60f09658d5877d31cde9f720",
     "fields": {
      },
     "text": {
      "style": "Numbered",
      "marks": {

      }
     }
    },
    {
     "id": "60ba6f0d6cabea509c459b44",
     "restrictions": {

     },
     "text": {
      "marks": {

      }
     }
    },
    {
     "id": "title",
     "fields": {
       "_detailsKey": [
          "name",
          "done"
         ]
      },
     "restrictions": {
      "remove": true,
      "drag": true,
      "dropOn": true
     },
     "text": {
      "style": "Title",
      "marks": {

      }
     }
    },
    {
     "id": "description",
     "fields": {
       "_detailsKey": "description"
      },
     "restrictions": {
      "remove": true,
      "drag": true,
      "dropOn": true
     },
     "text": {
      "style": "Description",
      "marks": {

      }
     }
    },
    {
     "id": "featuredRelations",
     "restrictions": {
      "remove": true,
      "drag": true,
      "dropOn": true
     },
     "featuredRelations": {

     }
    }
   ],
   "details": {
     "backlinks": [
       ],
     "createdDate": 1695967741,
     "creator": "bafyreihajwfjsyn6engsrhnid6g4czrg72xx7ncqx76lziy7yddawinzzu",
     "description": "",
     "featuredRelations": [
        "type",
        "description"
       ],
     "id": "bafyreiekk7uysnuwyoiulb6hwnmo4r4yb73qt45up7gczzaqdnbzh5dioy",
     "lastModifiedBy": "_id_A7Jz6qq31WKkNcU3mR4oj7G5g4s9dt8DuwuS7ez7Qyeq4Qo8",
     "lastModifiedDate": 1702405553,
     "lastOpenedDate": 1695967767,
     "layout": 0,
     "links": [
       ],
     "name": "Recipe",
     "restrictions": [
        5,
        7
       ],
     "snippet": "Ingredients\nInstructions",
     "sourceObject": "bafykaaqmn6ulfkjttkiwkzdbvfbgo6yzdmrjrph6v4wxu74kepdtne5c6q",
     "spaceId": "bafyreicrfjqaxmzem42ewnevu2oyky3jzyjb36v6vbg77ic4ze5devstji.25r41ce6eyn74",
     "targetObjectType": "bafyreihazgxweakhm5hpzmqehhn2ghsjq2g5o5fokhv7i3kl63iq4pepoi",
     "type": "bafyreiguchflmftoymo5ylqid4hwcgtmhp2gclzmhmfb7vp265harmqq2u",
     "workspaceId": "bafyreic4ullavcvhcmnffk6dp7p5q2dv2ersk7bet6oia4zwt725oqhpt4"
    },
   "objectTypes": [
    "ot-template",
    "ot-recipe"
   ],
   "relationLinks": [
    {
     "key": "type",
     "format": "object"
    },
    {
     "key": "layout",
     "format": "number"
    },
    {
     "key": "coverY",
     "format": "number"
    },
    {
     "key": "name",
     "format": "shorttext"
    },
    {
     "key": "description"
    },
    {
     "key": "creator",
     "format": "object"
    },
    {
     "key": "createdDate",
     "format": "date"
    },
    {
     "key": "lastModifiedBy",
     "format": "object"
    },
    {
     "key": "iconImage",
     "format": "file"
    },
    {
     "key": "iconEmoji",
     "format": "emoji"
    },
    {
     "key": "coverId",
     "format": "shorttext"
    },
    {
     "key": "lastModifiedDate",
     "format": "date"
    },
    {
     "key": "lastOpenedDate",
     "format": "date"
    },
    {
     "key": "coverX",
     "format": "number"
    },
    {
     "key": "id",
     "format": "object"
    },
    {
     "key": "coverScale",
     "format": "number"
    },
    {
     "key": "toBeDeletedDate",
     "format": "date"
    },
    {
     "key": "featuredRelations",
     "format": "object"
    },
    {
     "key": "coverType",
     "format": "number"
    },
    {
     "key": "layoutAlign",
     "format": "number"
    },
    {
     "key": "isHidden",
     "format": "checkbox"
    },
    {
     "key": "isArchived",
     "format": "checkbox"
    },
    {
     "key": "tag",
     "format": "tag"
    },
    {
     "key": "targetObjectType",
     "format": "object"
    },
    {
     "key": "snippet"
    },
    {
     "key": "time",
     "format": "number"
    },
    {
     "key": "servings",
     "format": "number"
    },
    {
     "key": "difficulty",
     "format": "number"
    },
    {
     "key": "backlinks",
     "format": "object"
    },
    {
     "key": "sourceObject",
     "format": "object"
    },
    {
     "key": "workspaceId",
     "format": "object"
    },
    {
     "key": "isFavorite",
     "format": "checkbox"
    },
    {
     "key": "links",
     "format": "object"
    },
    {
     "key": "internalFlags",
     "format": "number"
    },
    {
     "key": "restrictions",
     "format": "number"
    },
    {
     "key": "spaceId",
     "format": "object"
    }
   ]
  }
 }
}