{
 "sbType": "Page",
 "snapshot": {
  "data": {
   "blocks": [
    {
     "id": "bafyreia5dvmbz6bkgfwv5afnoms7iokgp64fv74iibmwpfop2pllyfxqi4",
     "restrictions": {

     },
     "childrenIds": [
      "header",
      "dataview"
     ],
     "smartblock": {

     }
    },
    {
     "id": "header",
     "restrictions": {
      "edit": true,
      "remove": true,
      "drag": true,
      "dropOn": true
     },
     "childrenIds": [
      "title",
      "description",
      "featuredRelations"
     ],
     "layout": {
      "style": "Header"
     }
    },
    {
     "id": "dataview",
     "restrictions": {

     },
     "dataview": {
      "views": [
       {
        "id": "6450b8ea1cac637ebbd1c115",
        "type": "Gallery",
        "name": "All",
        "sorts": [
         {
          "RelationKey": "name"
         }
        ],
        "relations": [
         {
          "key": "name",
          "isVisible": true,
          "width": 376
         },
         {
          "key": "time",
          "width": 192
         },
         {
          "key": "tag",
          "isVisible": true,
          "width": 279
         }
        ],
        "coverRelationKey": "pageCover",
        "cardSize": "Medium",
        "defaultTemplateId": "blank",
        "defaultObjectTypeId": "ot-recipe"
       }
      ],
      "relationLinks": [
       {
        "key": "name",
        "format": "shorttext"
       },
       {
        "key": "tag",
        "format": "tag"
       },
       {
        "key": "description"
       },
       {
        "key": "type",
        "format": "object"
       },
       {
        "key": "createdDate",
        "format": "date"
       },
       {
        "key": "lastModifiedDate",
        "format": "date"
       },
       {
        "key": "lastModifiedBy",
        "format": "object"
       },
       {
        "key": "lastOpenedDate",
        "format": "date"
       },
       {
        "key": "time",
        "format": "number"
       }
      ],
      "isCollection": true
     }
    },
    {
     "id": "title",
     "fields": {
       "_detailsKey": [
          "name",
          "done"
         ]
      },
     "restrictions": {
      "remove": true,
      "drag": true,
      "dropOn": true
     },
     "text": {
      "style": "Title",
      "marks": {

      }
     }
    },
    {
     "id": "description",
     "fields": {
       "_detailsKey": "description"
      },
     "restrictions": {
      "remove": true,
      "drag": true,
      "dropOn": true
     },
     "text": {
      "style": "Description",
      "marks": {

      }
     }
    },
    {
     "id": "featuredRelations",
     "restrictions": {
      "remove": true,
      "drag": true,
      "dropOn": true
     },
     "featuredRelations": {

     }
    }
   ],
   "details": {
     "backlinks": [
        "bafyreidpjwpuywtiqdjbqs2i6kzqeslbmqyagyr7ahijwxasyd2xqxf3g4",
        "bafyreig6d3g4rrmauqzcl5nwykxsqerfv4qgtn5jotdlyvyls4q4j2nsd4"
       ],
     "coverId": "bafybeifxg24eaytih6bti2otul5yknppna2mlhakqp25k6ps36orbyajza",
     "coverScale": 0,
     "coverType": 5,
     "coverX": 0,
     "coverY": -0.40609901414088756,
     "createdDate": 1683011818,
     "creator": "bafyreihajwfjsyn6engsrhnid6g4czrg72xx7ncqx76lziy7yddawinzzu",
     "description": "Favourite recipes from all over the world",
     "featuredRelations": [
        "description",
        "type"
       ],
     "iconEmoji": "📖",
     "iconImage": "",
     "id": "bafyreia5dvmbz6bkgfwv5afnoms7iokgp64fv74iibmwpfop2pllyfxqi4",
     "isFavorite": true,
     "lastModifiedBy": "bafyreihajwfjsyn6engsrhnid6g4czrg72xx7ncqx76lziy7yddawinzzu",
     "lastModifiedDate": 1695969195,
     "lastOpenedDate": 1702405572,
     "layout": 14,
     "links": [
        "bafyreifaa6i2l3dhtb4h6xvsp64sn3nfd7f7rvpx4fdbunbkppef5hlbxe",
        "bafyreiecvcow4oqj25kz77gvub4753nzb3dwrlbttcvkngpzvsel4oswt4",
        "bafyreigsupa3r4w4tuwlju47oygd7cozknzt4and32kswyadczmttgqqk4",
        "bafyreialr5zt2ihnasoakfg6vlvtrtq54wlqqgwzgrbtq5nbrnskd52buq",
        "bafyreihf3tm2tjg2ubmfukxnrrfrjkydfsuxfg7i6gi35ip763f2tzab5i",
        "bafyreigm4yexxa4ddagrk2cpxdutppsqcl6k4jbzvv6tk7wvtincp4cnle",
        "bafyreigrkqwaad7tsyvbcgqolx4yikqsjgsp3c5kryosslzrhc4x6x6zcm",
        "bafyreia5firaa7bncrm462ovonh4xy6p67ijt2m6iblwapcwc6izhsrg4q",
        "bafyreigsrvsnwrogocmkxaq5cj3jwg7tw5asvxkme6xdavkfizitg5brry",
        "bafyreibmybi67oxphln7bncyl4anr3vaf3p7tdxvgadsmh773ih3hatiu4",
        "bafyreif2sz6jyeqpnobpbsibnpsnfp4qizuitsuotctjfb6ixrvhqjortq",
        "bafyreie3rqfj5hyyuk4ifm7tamjkljep6ne66qm3yvyvdjb5lfffigpzl4",
        "bafyreieeptfrwfjq6xrfose3mv6aumyeqcsaykssnxa4yprmqorwezw3iq",
        "bafyreihp4kllzb5la6r7rquv2xn4ryq5cvxuinx7aruddwwnu4wnqmkns4",
        "bafyreihao55gqvyhwwil23axup5tect6xb2okr2aqcjliixknmjusj7pt4",
        "bafyreibzck4wymqanscfbbfgpn2cmazcm2wmvrv3hwordjyxjjsusym7ke"
       ],
     "name": "Recipe Book",
     "oldAnytypeID": "bafyreidddsz4ttqgixiw5iw2d2xbuut4no6tjatkkctve5km5gejoygy6y",
     "restrictions": [
        3,
        6,
        5,
        7
       ],
     "snippet": "",
     "sourceFilePath": "json:/Users/charlotte/Downloads/Anytype.20230929.082327.44.zip/bafyreidddsz4ttqgixiw5iw2d2xbuut4no6tjatkkctve5km5gejoygy6y.pb.json",
     "spaceId": "bafyreicrfjqaxmzem42ewnevu2oyky3jzyjb36v6vbg77ic4ze5devstji.25r41ce6eyn74",
     "tag": [
        "_missing_object"
       ],
     "type": "bafyreicdml2awulpi26dv3jjkbbh7ftvm6ctawzdja72azsobw6godmhqm",
     "workspaceId": "bafyreic4ullavcvhcmnffk6dp7p5q2dv2ersk7bet6oia4zwt725oqhpt4"
    },
   "objectTypes": [
    "ot-collection"
   ],
   "collections": {
     "objects": [
        "bafyreifaa6i2l3dhtb4h6xvsp64sn3nfd7f7rvpx4fdbunbkppef5hlbxe",
        "bafyreiecvcow4oqj25kz77gvub4753nzb3dwrlbttcvkngpzvsel4oswt4",
        "bafyreigsupa3r4w4tuwlju47oygd7cozknzt4and32kswyadczmttgqqk4",
        "bafyreialr5zt2ihnasoakfg6vlvtrtq54wlqqgwzgrbtq5nbrnskd52buq",
        "bafyreihf3tm2tjg2ubmfukxnrrfrjkydfsuxfg7i6gi35ip763f2tzab5i",
        "bafyreigm4yexxa4ddagrk2cpxdutppsqcl6k4jbzvv6tk7wvtincp4cnle",
        "bafyreigrkqwaad7tsyvbcgqolx4yikqsjgsp3c5kryosslzrhc4x6x6zcm",
        "bafyreia5firaa7bncrm462ovonh4xy6p67ijt2m6iblwapcwc6izhsrg4q",
        "bafyreigsrvsnwrogocmkxaq5cj3jwg7tw5asvxkme6xdavkfizitg5brry",
        "bafyreibmybi67oxphln7bncyl4anr3vaf3p7tdxvgadsmh773ih3hatiu4",
        "bafyreif2sz6jyeqpnobpbsibnpsnfp4qizuitsuotctjfb6ixrvhqjortq",
        "bafyreie3rqfj5hyyuk4ifm7tamjkljep6ne66qm3yvyvdjb5lfffigpzl4",
        "bafyreieeptfrwfjq6xrfose3mv6aumyeqcsaykssnxa4yprmqorwezw3iq",
        "bafyreihp4kllzb5la6r7rquv2xn4ryq5cvxuinx7aruddwwnu4wnqmkns4",
        "bafyreihao55gqvyhwwil23axup5tect6xb2okr2aqcjliixknmjusj7pt4",
        "bafyreibzck4wymqanscfbbfgpn2cmazcm2wmvrv3hwordjyxjjsusym7ke"
       ]
    },
   "relationLinks": [
    {
     "key": "id",
     "format": "object"
    },
    {
     "key": "snippet"
    },
    {
     "key": "name",
     "format": "shorttext"
    },
    {
     "key": "description"
    },
    {
     "key": "iconEmoji",
     "format": "emoji"
    },
    {
     "key": "iconImage",
     "format": "file"
    },
    {
     "key": "type",
     "format": "object"
    },
    {
     "key": "layout",
     "format": "number"
    },
    {
     "key": "layoutAlign",
     "format": "number"
    },
    {
     "key": "coverId",
     "format": "shorttext"
    },
    {
     "key": "coverScale",
     "format": "number"
    },
    {
     "key": "coverType",
     "format": "number"
    },
    {
     "key": "coverX",
     "format": "number"
    },
    {
     "key": "coverY",
     "format": "number"
    },
    {
     "key": "createdDate",
     "format": "date"
    },
    {
     "key": "creator",
     "format": "object"
    },
    {
     "key": "lastModifiedDate",
     "format": "date"
    },
    {
     "key": "lastModifiedBy",
     "format": "object"
    },
    {
     "key": "lastOpenedDate",
     "format": "date"
    },
    {
     "key": "featuredRelations",
     "format": "object"
    },
    {
     "key": "isFavorite",
     "format": "checkbox"
    },
    {
     "key": "workspaceId",
     "format": "object"
    },
    {
     "key": "links",
     "format": "object"
    },
    {
     "key": "internalFlags",
     "format": "number"
    },
    {
     "key": "restrictions",
     "format": "number"
    },
    {
     "key": "setOf",
     "format": "object"
    },
    {
     "key": "isArchived",
     "format": "checkbox"
    },
    {
     "key": "tag",
     "format": "tag"
    },
    {
     "key": "spaceId",
     "format": "object"
    },
    {
     "key": "backlinks",
     "format": "object"
    },
    {
     "key": "sourceFilePath"
    },
    {
     "key": "oldAnytypeID"
    }
   ]
  },
  "fileKeys": [
   {
    "hash": "bafybeifxg24eaytih6bti2otul5yknppna2mlhakqp25k6ps36orbyajza",
    "keys": {
     "/0/exif/": "bea7ekon4dwic5esocgmh5ogdunre3fx42vwzahglrzejvs6fmzbq",
     "/0/large/": "bysqtsnfjg3wb5yaz3mcld35jsv2p57jyek7lzzje4bkkaxflsc5q",
     "/0/original/": "bysqtsnfjg3wb5yaz3mcld35jsv2p57jyek7lzzje4bkkaxflsc5q",
     "/0/small/": "bc7urlhdvmjmuskbphg6l2ql5odtomdownxdyuymcmpkj3qw6olaa",
     "/0/thumb/": "blahoqpwq6iqenui355wcvjnsokoabf5plippqx7wc5mgpvdvcyea"
    }
   }
  ]
 }
}