{
 "sbType": "Widget",
 "snapshot": {
  "data": {
   "blocks": [
    {
     "id": "bafyreighwmpakzgpdpakknuevsy6eosaekjhzh5pekllh3adqbyqu2hzxi",
     "childrenIds": [
      "651669bf1cac630478df2257",
      "651669bf1cac630478df2259"
     ],
     "smartblock": {

     }
    },
    {
     "id": "651669bf1cac630478df2257",
     "childrenIds": [
      "651669bf1cac630478df2256"
     ],
     "widget": {

     }
    },
    {
     "id": "651669bf1cac630478df2259",
     "childrenIds": [
      "651669bf1cac630478df2258"
     ],
     "widget": {
      "layout": "CompactList"
     }
    },
    {
     "id": "651669bf1cac630478df2256",
     "link": {
      "targetBlockId": "bafyreietj5bvjm64atjdvi5b66a2isrey4uvydbq27vstnx4khunhqugyi",
      "cardStyle": "Inline"
     }
    },
    {
     "id": "651669bf1cac630478df2258",
     "link": {
      "targetBlockId": "favorite",
      "cardStyle": "Inline"
     }
    }
   ],
   "details": {
     "backlinks": [
       ],
     "createdDate": 1695967643,
     "creator": "_id_A7Jz6qq31WKkNcU3mR4oj7G5g4s9dt8DuwuS7ez7Qyeq4Qo8",
     "id": "bafyreighwmpakzgpdpakknuevsy6eosaekjhzh5pekllh3adqbyqu2hzxi",
     "isHidden": true,
     "lastModifiedBy": "_id_A7Jz6qq31WKkNcU3mR4oj7G5g4s9dt8DuwuS7ez7Qyeq4Qo8",
     "lastModifiedDate": 1702405553,
     "lastOpenedDate": 1702405554,
     "layout": 7,
     "links": [
        "bafyreietj5bvjm64atjdvi5b66a2isrey4uvydbq27vstnx4khunhqugyi",
        "favorite"
       ],
     "restrictions": [
        2,
        4,
        1,
        6,
        5,
        7,
        8
       ],
     "snippet": "",
     "spaceId": "bafyreicrfjqaxmzem42ewnevu2oyky3jzyjb36v6vbg77ic4ze5devstji.25r41ce6eyn74",
     "type": "bafyreiaqwlxkdmcqhroqzzfzmlmhipai26sq43xtkri4ogyqruefgvwwny",
     "workspaceId": "bafyreic4ullavcvhcmnffk6dp7p5q2dv2ersk7bet6oia4zwt725oqhpt4"
    },
   "objectTypes": [
    "ot-dashboard"
   ],
   "relationLinks": [
    {
     "key": "id",
     "format": "object"
    },
    {
     "key": "snippet"
    },
    {
     "key": "workspaceId",
     "format": "object"
    },
    {
     "key": "backlinks",
     "format": "object"
    },
    {
     "key": "creator",
     "format": "object"
    },
    {
     "key": "type",
     "format": "object"
    },
    {
     "key": "layout",
     "format": "number"
    },
    {
     "key": "isHidden",
     "format": "checkbox"
    },
    {
     "key": "lastModifiedBy",
     "format": "object"
    },
    {
     "key": "lastModifiedDate",
     "format": "date"
    },
    {
     "key": "lastOpenedDate",
     "format": "date"
    },
    {
     "key": "links",
     "format": "object"
    },
    {
     "key": "restrictions",
     "format": "number"
    },
    {
     "key": "createdDate",
     "format": "date"
    },
    {
     "key": "spaceId",
     "format": "object"
    }
   ]
  }
 }
}