{
 "sbType": "STType",
 "snapshot": {
  "data": {
   "blocks": [
    {
     "id": "bafyreifl5vfnl4gqzvkbxyvave3cufmhmclkqsg2ssc2o7lfkx7v3trf74",
     "childrenIds": [
      "header"
     ],
     "smartblock": {

     }
    },
    {
     "id": "header",
     "restrictions": {
      "edit": true,
      "remove": true,
      "drag": true,
      "dropOn": true
     },
     "childrenIds": [
      "title",
      "featuredRelations"
     ],
     "layout": {
      "style": "Header"
     }
    },
    {
     "id": "title",
     "fields": {
       "_detailsKey": [
          "name",
          "done"
         ]
      },
     "restrictions": {
      "remove": true,
      "drag": true,
      "dropOn": true
     },
     "text": {
      "style": "Title",
      "marks": {

      }
     }
    },
    {
     "id": "featuredRelations",
     "restrictions": {
      "remove": true,
      "drag": true,
      "dropOn": true
     },
     "featuredRelations": {

     }
    }
   ],
   "details": {
     "backlinks": [
       ],
     "createdDate": 1702405553,
     "creator": "_id_A7Jz6qq31WKkNcU3mR4oj7G5g4s9dt8DuwuS7ez7Qyeq4Qo8",
     "description": "Auto-generated object from .wav, .mp3, .ogg files added to Anytype. Sound when recorded, with ability to reproduce",
     "featuredRelations": [
        "type"
       ],
     "iconEmoji": "🎵",
     "id": "bafyreifl5vfnl4gqzvkbxyvave3cufmhmclkqsg2ssc2o7lfkx7v3trf74",
     "isHidden": false,
     "isReadonly": true,
     "lastModifiedBy": "_id_A7Jz6qq31WKkNcU3mR4oj7G5g4s9dt8DuwuS7ez7Qyeq4Qo8",
     "lastModifiedDate": 1702405553,
     "layout": 4,
     "links": [
       ],
     "name": "Audio",
     "recommendedLayout": 6,
     "recommendedRelations": [
        "bafyreibcqqp3qzkycjsxfodtpzehlcjkvsjmwrhc6gmx5gv5bdyvjz3pdu",
        "bafyreiccq2lq5nzov5tvw7c5vgpvn3obu3v6ljpnboy6uis223rrcmpmny",
        "bafyreibapyc7xw6auxfibxiqdledygnwxzxowdtgaidptzlt4kgkgz2m7a",
        "bafyreihhbbmb6bgsnqb36ndlgffw22tup6o45noj5dp3rjspbefsffdyoi",
        "bafyreietm66kw2fclzxg4cj2yiisx7txx3piw2bpn672ad23ul5dst356m",
        "bafyreiamq5pt5glfomr2ediuoxz4mcg7cedvnuegb576ur36l5wuiopoxa",
        "bafyreigzijcngdqbpsd45viy7q25zjv6bpj4syrpvlknjhx2utk3ykpw6m",
        "bafyreihqxp3nbnnbbmcy45j75u3ltgfibtmur4a73ry3zvskytc3kdv3pe",
        "bafyreibv6nfd2evdvjxcix7muamj7rbqs427ypj3qthkqp3gjnhndg4ona",
        "bafyreidrcjexraqzuya5cox64tt2z6kt5ixvn7s6j6h6pxk6vyx3ca3bla",
        "bafyreidceh32bwfji2mw6pun2tvqfiaalooircgc6r3hu4y7ekvbhdbyk4",
        "bafyreig5ooke6miarygxch4bob3fcso6wbnhr73ion6kk42e27rouxcphe",
        "bafyreidgwntyi4pmtxtbgfgpbnnuynl34dw4mwsqfvl6dbhp5l6x5y3cku"
       ],
     "restrictions": [
        3,
        6,
        5,
        7,
        4,
        1
       ],
     "smartblockTypes": [
        256
       ],
     "snippet": "",
     "sourceObject": "_otaudio",
     "spaceId": "bafyreicrfjqaxmzem42ewnevu2oyky3jzyjb36v6vbg77ic4ze5devstji.25r41ce6eyn74",
     "type": "bafyreia3lg6rufdxp7gepb6iygw5db3l2uzdhrfwql3hf5ymrc4jm54ywu",
     "uniqueKey": "ot-audio"
    },
   "objectTypes": [
    "ot-objectType"
   ],
   "relationLinks": [
    {
     "key": "recommendedRelations",
     "format": "object"
    },
    {
     "key": "recommendedLayout",
     "format": "number"
    },
    {
     "key": "iconEmoji",
     "format": "emoji"
    },
    {
     "key": "name",
     "format": "shorttext"
    },
    {
     "key": "description"
    },
    {
     "key": "smartblockTypes",
     "format": "number"
    },
    {
     "key": "isHidden",
     "format": "checkbox"
    },
    {
     "key": "sourceObject",
     "format": "object"
    },
    {
     "key": "layout",
     "format": "number"
    },
    {
     "key": "backlinks",
     "format": "object"
    },
    {
     "key": "creator",
     "format": "object"
    },
    {
     "key": "createdDate",
     "format": "date"
    },
    {
     "key": "id",
     "format": "object"
    },
    {
     "key": "spaceId",
     "format": "object"
    },
    {
     "key": "type",
     "format": "object"
    },
    {
     "key": "uniqueKey"
    },
    {
     "key": "isReadonly",
     "format": "checkbox"
    },
    {
     "key": "snippet"
    },
    {
     "key": "iconImage",
     "format": "file"
    },
    {
     "key": "layoutAlign",
     "format": "number"
    },
    {
     "key": "coverId"
    },
    {
     "key": "coverScale",
     "format": "number"
    },
    {
     "key": "coverType",
     "format": "number"
    },
    {
     "key": "coverX",
     "format": "number"
    },
    {
     "key": "coverY",
     "format": "number"
    },
    {
     "key": "lastModifiedDate",
     "format": "date"
    },
    {
     "key": "lastModifiedBy",
     "format": "object"
    },
    {
     "key": "lastOpenedDate",
     "format": "date"
    },
    {
     "key": "featuredRelations",
     "format": "object"
    },
    {
     "key": "isFavorite",
     "format": "checkbox"
    },
    {
     "key": "workspaceId",
     "format": "object"
    },
    {
     "key": "links",
     "format": "object"
    },
    {
     "key": "internalFlags",
     "format": "number"
    },
    {
     "key": "restrictions",
     "format": "number"
    }
   ],
   "key": "audio"
  }
 }
}