{
 "sbType": "STType",
 "snapshot": {
  "data": {
   "blocks": [
    {
     "id": "bafyreiercam7k3mfmc72xz2sgzhv2xla4ljuq4beb3adilamxfyfcjj6fa",
     "childrenIds": [
      "header"
     ],
     "smartblock": {

     }
    },
    {
     "id": "header",
     "restrictions": {
      "edit": true,
      "remove": true,
      "drag": true,
      "dropOn": true
     },
     "childrenIds": [
      "title",
      "featuredRelations"
     ],
     "layout": {
      "style": "Header"
     }
    },
    {
     "id": "title",
     "fields": {
       "_detailsKey": [
          "name",
          "done"
         ]
      },
     "restrictions": {
      "remove": true,
      "drag": true,
      "dropOn": true
     },
     "text": {
      "style": "Title",
      "marks": {

      }
     }
    },
    {
     "id": "featuredRelations",
     "restrictions": {
      "remove": true,
      "drag": true,
      "dropOn": true
     },
     "featuredRelations": {

     }
    }
   ],
   "details": {
     "backlinks": [
       ],
     "createdDate": 1702405553,
     "creator": "_id_A7Jz6qq31WKkNcU3mR4oj7G5g4s9dt8DuwuS7ez7Qyeq4Qo8",
     "description": "A piece of work to be done or undertaken",
     "featuredRelations": [
        "type"
       ],
     "iconEmoji": "✅",
     "id": "bafyreiercam7k3mfmc72xz2sgzhv2xla4ljuq4beb3adilamxfyfcjj6fa",
     "isHidden": false,
     "isReadonly": true,
     "lastModifiedBy": "_id_A7Jz6qq31WKkNcU3mR4oj7G5g4s9dt8DuwuS7ez7Qyeq4Qo8",
     "lastModifiedDate": 1702405553,
     "layout": 4,
     "links": [
       ],
     "name": "Task",
     "recommendedLayout": 2,
     "recommendedRelations": [
        "bafyreigiwwnsxat66x6gf4p3f4acmr4z6vsfauxiljk3rkmteawzsimmi4",
        "bafyreie2r4zvce2mfco6i4js7luq6ljh55zn6fa4dm5emhjzalqxo2zxze",
        "bafyreihbkh3v2giq2rr23bimh6nwzs3dcahi723scuwprka5o45em6mjcy",
        "bafyreibrbrrlyf4nyp5v5itmkgxest3o3wqt22vcmlpozef2yxhgfiuvfy",
        "bafyreievc2zlphxm43tum66y7faju4laeryg3yg7npt75prrxqu4domgga",
        "bafyreiezozefsa2bbf6g5j7jue5jn6bzowej7qcz7rlwjsonp6rs72toee",
        "bafyreiecogqqwxyjwoyx25bldyedrr3zazdufxcgeqw6ue5gbrt7npoaaq",
        "bafyreiarsy534mzwmjiyzihkxx6gxtcu7sz5sij6tc7anjfekhlhetqg4i",
        "bafyreicvpjim4an2la63qn2bj33sd43ujrhvvargo4ykkq5fwdgjebmhga",
        "bafyreiaqrmfuy5f5m7p4bsfgswmieq63wvdiausgr7aftqe2dxkxielkjy"
       ],
     "restrictions": [
        3,
        6,
        5,
        7,
        4,
        1
       ],
     "smartblockTypes": [
        16
       ],
     "snippet": "",
     "sourceObject": "_ottask",
     "spaceId": "bafyreicrfjqaxmzem42ewnevu2oyky3jzyjb36v6vbg77ic4ze5devstji.25r41ce6eyn74",
     "type": "bafyreia3lg6rufdxp7gepb6iygw5db3l2uzdhrfwql3hf5ymrc4jm54ywu",
     "uniqueKey": "ot-task"
    },
   "objectTypes": [
    "ot-objectType"
   ],
   "relationLinks": [
    {
     "key": "name",
     "format": "shorttext"
    },
    {
     "key": "smartblockTypes",
     "format": "number"
    },
    {
     "key": "isHidden",
     "format": "checkbox"
    },
    {
     "key": "recommendedLayout",
     "format": "number"
    },
    {
     "key": "sourceObject",
     "format": "object"
    },
    {
     "key": "iconEmoji",
     "format": "emoji"
    },
    {
     "key": "recommendedRelations",
     "format": "object"
    },
    {
     "key": "description"
    },
    {
     "key": "layout",
     "format": "number"
    },
    {
     "key": "backlinks",
     "format": "object"
    },
    {
     "key": "creator",
     "format": "object"
    },
    {
     "key": "createdDate",
     "format": "date"
    },
    {
     "key": "id",
     "format": "object"
    },
    {
     "key": "spaceId",
     "format": "object"
    },
    {
     "key": "type",
     "format": "object"
    },
    {
     "key": "uniqueKey"
    },
    {
     "key": "isReadonly",
     "format": "checkbox"
    },
    {
     "key": "snippet"
    },
    {
     "key": "iconImage",
     "format": "file"
    },
    {
     "key": "layoutAlign",
     "format": "number"
    },
    {
     "key": "coverId"
    },
    {
     "key": "coverScale",
     "format": "number"
    },
    {
     "key": "coverType",
     "format": "number"
    },
    {
     "key": "coverX",
     "format": "number"
    },
    {
     "key": "coverY",
     "format": "number"
    },
    {
     "key": "lastModifiedDate",
     "format": "date"
    },
    {
     "key": "lastModifiedBy",
     "format": "object"
    },
    {
     "key": "lastOpenedDate",
     "format": "date"
    },
    {
     "key": "featuredRelations",
     "format": "object"
    },
    {
     "key": "isFavorite",
     "format": "checkbox"
    },
    {
     "key": "workspaceId",
     "format": "object"
    },
    {
     "key": "links",
     "format": "object"
    },
    {
     "key": "internalFlags",
     "format": "number"
    },
    {
     "key": "restrictions",
     "format": "number"
    }
   ],
   "key": "task"
  }
 }
}