{
 "sbType": "FileObject",
 "snapshot": {
  "logHeads": {
  },
  "data": {
   "blocks": [
    {
     "id": "bafyreiarzzwr6ioxdkzfrdmf5lpfsmeqbeqsxun4nxs3isoy3u5bilhfka",
     "fields": null,
     "restrictions": {
      "read": false,
      "edit": true,
      "remove": true,
      "drag": true,
      "dropOn": true
     },
     "childrenIds": [
      "header",
      "file",
      "widthInPixels",
      "heightInPixels",
      "sizeInBytes"
     ],
     "backgroundColor": "",
     "align": "AlignLeft",
     "verticalAlign": "VerticalAlignTop",
     "smartblock": {

     }
    },
    {
     "id": "header",
     "fields": null,
     "restrictions": {
      "read": false,
      "edit": true,
      "remove": true,
      "drag": true,
      "dropOn": true
     },
     "childrenIds": [
      "title",
      "featuredRelations"
     ],
     "backgroundColor": "",
     "align": "AlignLeft",
     "verticalAlign": "VerticalAlignTop",
     "layout": {
      "style": "Header"
     }
    },
    {
     "id": "file",
     "fields": null,
     "restrictions": {
      "read": false,
      "edit": true,
      "remove": true,
      "drag": true,
      "dropOn": true
     },
     "childrenIds": [
     ],
     "backgroundColor": "",
     "align": "AlignLeft",
     "verticalAlign": "VerticalAlignTop",
     "file": {
      "hash": "",
      "name": "kseniya-lapteva-kOajnscQxW8-unsplash (1).jpg",
      "type": "Image",
      "mime": "image/jpeg",
      "size": "325109",
      "addedAt": "0",
      "targetObjectId": "bafyreiarzzwr6ioxdkzfrdmf5lpfsmeqbeqsxun4nxs3isoy3u5bilhfka",
      "state": "Done",
      "style": "Auto"
     }
    },
    {
     "id": "widthInPixels",
     "fields": null,
     "restrictions": {
      "read": false,
      "edit": true,
      "remove": true,
      "drag": true,
      "dropOn": true
     },
     "childrenIds": [
     ],
     "backgroundColor": "",
     "align": "AlignLeft",
     "verticalAlign": "VerticalAlignTop",
     "relation": {
      "key": "widthInPixels"
     }
    },
    {
     "id": "heightInPixels",
     "fields": null,
     "restrictions": {
      "read": false,
      "edit": true,
      "remove": true,
      "drag": true,
      "dropOn": true
     },
     "childrenIds": [
     ],
     "backgroundColor": "",
     "align": "AlignLeft",
     "verticalAlign": "VerticalAlignTop",
     "relation": {
      "key": "heightInPixels"
     }
    },
    {
     "id": "sizeInBytes",
     "fields": null,
     "restrictions": {
      "read": false,
      "edit": true,
      "remove": true,
      "drag": true,
      "dropOn": true
     },
     "childrenIds": [
     ],
     "backgroundColor": "",
     "align": "AlignLeft",
     "verticalAlign": "VerticalAlignTop",
     "relation": {
      "key": "sizeInBytes"
     }
    },
    {
     "id": "title",
     "fields": {
       "_detailsKey": [
          "name",
          "done"
         ]
      },
     "restrictions": {
      "read": false,
      "edit": true,
      "remove": true,
      "drag": true,
      "dropOn": true
     },
     "childrenIds": [
     ],
     "backgroundColor": "",
     "align": "AlignLeft",
     "verticalAlign": "VerticalAlignTop",
     "text": {
      "text": "",
      "style": "Title",
      "marks": {
       "marks": [
       ]
      },
      "checked": false,
      "color": "",
      "iconEmoji": "",
      "iconImage": ""
     }
    },
    {
     "id": "featuredRelations",
     "fields": null,
     "restrictions": {
      "read": false,
      "edit": true,
      "remove": true,
      "drag": true,
      "dropOn": true
     },
     "childrenIds": [
     ],
     "backgroundColor": "",
     "align": "AlignLeft",
     "verticalAlign": "VerticalAlignTop",
     "featuredRelations": {

     }
    }
   ],
   "details": {
     "addedDate": 1710160686,
     "backlinks": [
       ],
     "createdDate": 1710160686,
     "creator": "_participant_bafyreibqh26gokznvte5mozay5c6mwbu2hn2msn2355u5bqyk5r5otsvxm_2j6gov4xlypyb_A7TZnHQAgJ4q9TxMgiUumKgt1isSQGrC1dPFbYi7aTNZGshg",
     "featuredRelations": [
        "type"
       ],
     "fileBackupStatus": 1,
     "fileExt": "jpg",
     "fileId": "bafybeigi52mudawaaahbhk3c2xqtm2bojbb723artsc277mvk2n3jdk5hi",
     "fileIndexingStatus": 1,
     "fileMimeType": "image/jpeg",
     "fileSyncStatus": 1,
     "heightInPixels": 1246,
     "iconImage": "bafyreiarzzwr6ioxdkzfrdmf5lpfsmeqbeqsxun4nxs3isoy3u5bilhfka",
     "id": "bafyreiarzzwr6ioxdkzfrdmf5lpfsmeqbeqsxun4nxs3isoy3u5bilhfka",
     "isReadonly": false,
     "lastModifiedBy": "_participant_bafyreibqh26gokznvte5mozay5c6mwbu2hn2msn2355u5bqyk5r5otsvxm_2j6gov4xlypyb_A7TZnHQAgJ4q9TxMgiUumKgt1isSQGrC1dPFbYi7aTNZGshg",
     "lastModifiedDate": 1710160690,
     "layout": 8,
     "links": [
       ],
     "name": "kseniya-lapteva-kOajnscQxW8-unsplash (1)",
     "origin": 2,
     "restrictions": [
        3,
        6,
        5,
        7,
        8
       ],
     "sizeInBytes": 325109,
     "snippet": "",
     "source": "files/kseniya-lapteva-koajnscqxw8-unsplash-1.jpg",
     "spaceId": "bafyreibqh26gokznvte5mozay5c6mwbu2hn2msn2355u5bqyk5r5otsvxm.2j6gov4xlypyb",
     "type": "bafyreia3ulvbtj7oavlbn242w2x62hdfko73wfrulpneqdhzxyalhtksba",
     "widthInPixels": 1920
    },
   "fileKeys": null,
   "extraRelations": [
   ],
   "objectTypes": [
    "ot-image"
   ],
   "collections": null,
   "removedCollectionKeys": [
   ],
   "relationLinks": [
    {
     "key": "layout",
     "format": "number"
    },
    {
     "key": "widthInPixels",
     "format": "number"
    },
    {
     "key": "heightInPixels",
     "format": "number"
    },
    {
     "key": "fileMimeType",
     "format": "longtext"
    },
    {
     "key": "sizeInBytes",
     "format": "number"
    },
    {
     "key": "addedDate",
     "format": "date"
    },
    {
     "key": "fileId",
     "format": "shorttext"
    },
    {
     "key": "isReadonly",
     "format": "checkbox"
    },
    {
     "key": "lastModifiedDate",
     "format": "date"
    },
    {
     "key": "name",
     "format": "shorttext"
    },
    {
     "key": "fileExt",
     "format": "longtext"
    },
    {
     "key": "fileIndexingStatus",
     "format": "number"
    },
    {
     "key": "iconImage",
     "format": "file"
    },
    {
     "key": "spaceId",
     "format": "object"
    },
    {
     "key": "featuredRelations",
     "format": "object"
    },
    {
     "key": "origin",
     "format": "number"
    },
    {
     "key": "creator",
     "format": "object"
    },
    {
     "key": "createdDate",
     "format": "date"
    },
    {
     "key": "id",
     "format": "object"
    },
    {
     "key": "type",
     "format": "object"
    },
    {
     "key": "snippet",
     "format": "longtext"
    },
    {
     "key": "backlinks",
     "format": "object"
    },
    {
     "key": "fileBackupStatus",
     "format": "number"
    },
    {
     "key": "fileSyncStatus",
     "format": "number"
    },
    {
     "key": "source",
     "format": "url"
    }
   ],
   "key": "",
   "originalCreatedTimestamp": "0",
   "fileInfo": {
    "fileId": "bafybeigi52mudawaaahbhk3c2xqtm2bojbb723artsc277mvk2n3jdk5hi",
    "encryptionKeys": [
     {
      "path": "/0/original/",
      "key": "bdgbfdu3jdaetot6wn6atjurcpjneuhnlp74kog46if57tr6vvnzq"
     },
     {
      "path": "/0/large/",
      "key": "bdgbfdu3jdaetot6wn6atjurcpjneuhnlp74kog46if57tr6vvnzq"
     },
     {
      "path": "/0/small/",
      "key": "bb2fuitameajzucgwtrrzddyjlancbgpxfjfw7fpyd4l2nziruwja"
     },
     {
      "path": "/0/thumbnail/",
      "key": "byfsf3d7qoz4moiisxprrnmheurtkf3fxlzekkbejrex74dnpi2vq"
     },
     {
      "path": "/0/exif/",
      "key": "b6uh424ju5rpv3pmeygozo3emf2i2l4bjjxmztz2jd4y556esukna"
     }
    ]
   }
  },
  "fileKeys": [
  ]
 }
}