{
 "sbType": "STRelation",
 "snapshot": {
  "logHeads": {
  },
  "data": {
   "blocks": [
    {
     "id": "bafyreidfjoaxyt246snmhv5cd5xlqkfzzralf72yrrwd7hllhaqz3uxaci",
     "fields": null,
     "restrictions": null,
     "childrenIds": [
      "header",
      "rel-objectives"
     ],
     "backgroundColor": "",
     "align": "AlignLeft",
     "verticalAlign": "VerticalAlignTop",
     "smartblock": {

     }
    },
    {
     "id": "header",
     "fields": null,
     "restrictions": {
      "read": false,
      "edit": true,
      "remove": true,
      "drag": true,
      "dropOn": true
     },
     "childrenIds": [
      "title",
      "description",
      "featuredRelations"
     ],
     "backgroundColor": "",
     "align": "AlignLeft",
     "verticalAlign": "VerticalAlignTop",
     "layout": {
      "style": "Header"
     }
    },
    {
     "id": "rel-objectives",
     "fields": {
       "analyticsOriginalId": "rel-objectives"
      },
     "restrictions": {
      "read": false,
      "edit": true,
      "remove": true,
      "drag": true,
      "dropOn": true
     },
     "childrenIds": [
      "dataview"
     ],
     "backgroundColor": "",
     "align": "AlignLeft",
     "verticalAlign": "VerticalAlignTop"
    },
    {
     "id": "title",
     "fields": {
       "_detailsKey": [
          "name",
          "done"
         ]
      },
     "restrictions": {
      "read": false,
      "edit": false,
      "remove": true,
      "drag": true,
      "dropOn": true
     },
     "childrenIds": [
     ],
     "backgroundColor": "",
     "align": "AlignLeft",
     "verticalAlign": "VerticalAlignTop",
     "text": {
      "text": "",
      "style": "Title",
      "marks": {
       "marks": [
       ]
      },
      "checked": false,
      "color": "",
      "iconEmoji": "",
      "iconImage": ""
     }
    },
    {
     "id": "description",
     "fields": {
       "_detailsKey": "description"
      },
     "restrictions": {
      "read": false,
      "edit": false,
      "remove": true,
      "drag": true,
      "dropOn": true
     },
     "childrenIds": [
     ],
     "backgroundColor": "",
     "align": "AlignLeft",
     "verticalAlign": "VerticalAlignTop",
     "text": {
      "text": "",
      "style": "Description",
      "marks": {
       "marks": [
       ]
      },
      "checked": false,
      "color": "",
      "iconEmoji": "",
      "iconImage": ""
     }
    },
    {
     "id": "featuredRelations",
     "fields": null,
     "restrictions": {
      "read": false,
      "edit": false,
      "remove": true,
      "drag": true,
      "dropOn": true
     },
     "childrenIds": [
     ],
     "backgroundColor": "",
     "align": "AlignLeft",
     "verticalAlign": "VerticalAlignTop",
     "featuredRelations": {

     }
    },
    {
     "id": "dataview",
     "fields": null,
     "restrictions": null,
     "childrenIds": [
     ],
     "backgroundColor": "",
     "align": "AlignLeft",
     "verticalAlign": "VerticalAlignTop",
     "dataview": {
      "source": [
       "rel-objectives"
      ],
      "views": [
       {
        "id": "1",
        "type": "Table",
        "name": "All",
        "sorts": [
         {
          "id": "",
          "RelationKey": "objectives",
          "type": "Asc",
          "customOrder": [
          ],
          "format": "longtext",
          "includeTime": false
         }
        ],
        "filters": [
        ],
        "relations": [
         {
          "key": "name",
          "isVisible": true,
          "width": 0,
          "dateIncludeTime": false,
          "timeFormat": "Format12",
          "dateFormat": "MonthAbbrBeforeDay"
         },
         {
          "key": "objectives",
          "isVisible": true,
          "width": 0,
          "dateIncludeTime": false,
          "timeFormat": "Format12",
          "dateFormat": "MonthAbbrBeforeDay"
         }
        ],
        "coverRelationKey": "",
        "hideIcon": false,
        "cardSize": "Small",
        "coverFit": false,
        "groupRelationKey": "",
        "groupBackgroundColors": false,
        "pageLimit": 0,
        "defaultTemplateId": "",
        "defaultObjectTypeId": ""
       }
      ],
      "relations": [
      ],
      "activeView": "",
      "groupOrders": [
      ],
      "objectOrders": [
      ],
      "relationLinks": [
      ],
      "TargetObjectId": "",
      "isCollection": false
     }
    }
   ],
   "details": {
     "addedDate": 0,
     "backlinks": [
       ],
     "createdDate": 1709825816,
     "creator": "_id_A7TZnHQAgJ4q9TxMgiUumKgt1isSQGrC1dPFbYi7aTNZGshg",
     "description": "",
     "featuredRelations": [
        "description",
        "type",
        "sourceObject"
       ],
     "id": "bafyreidfjoaxyt246snmhv5cd5xlqkfzzralf72yrrwd7hllhaqz3uxaci",
     "isHidden": false,
     "lastModifiedBy": "_id_A7TZnHQAgJ4q9TxMgiUumKgt1isSQGrC1dPFbYi7aTNZGshg",
     "lastModifiedDate": 1709825816,
     "layout": 5,
     "links": [
       ],
     "name": "Objectives",
     "oldAnytypeID": "rel-objectives",
     "origin": 6,
     "relationDefaultValue": null,
     "relationFormat": 0,
     "relationKey": "objectives",
     "relationMaxCount": 1,
     "relationReadonlyValue": false,
     "restrictions": [
        3,
        6,
        5,
        7
       ],
     "scope": 1,
     "snippet": "",
     "sourceFilePath": "pb:/Users/dariia/Library/Application Support/anytype/data/tmp/tmp.20240307.153656.87.zip/rel-objectives.pb",
     "sourceObject": "_brobjectives",
     "spaceId": "bafyreibqh26gokznvte5mozay5c6mwbu2hn2msn2355u5bqyk5r5otsvxm.2j6gov4xlypyb",
     "type": "bafyreia55zlfrf74lqv47exxcbdlyuakx6wpsxrm3iqv7p3nthgetkuaie",
     "uniqueKey": "rel-objectives"
    },
   "fileKeys": null,
   "extraRelations": [
   ],
   "objectTypes": [
    "ot-relation"
   ],
   "collections": null,
   "removedCollectionKeys": [
   ],
   "relationLinks": [
    {
     "key": "id",
     "format": "object"
    },
    {
     "key": "snippet",
     "format": "longtext"
    },
    {
     "key": "relationFormatObjectTypes",
     "format": "object"
    },
    {
     "key": "layout",
     "format": "number"
    },
    {
     "key": "isHidden",
     "format": "checkbox"
    },
    {
     "key": "type",
     "format": "object"
    },
    {
     "key": "description",
     "format": "longtext"
    },
    {
     "key": "relationKey",
     "format": "longtext"
    },
    {
     "key": "sourceFilePath",
     "format": "longtext"
    },
    {
     "key": "createdDate",
     "format": "date"
    },
    {
     "key": "oldAnytypeID",
     "format": "longtext"
    },
    {
     "key": "name",
     "format": "shorttext"
    },
    {
     "key": "relationDefaultValue",
     "format": "longtext"
    },
    {
     "key": "featuredRelations",
     "format": "object"
    },
    {
     "key": "relationFormat",
     "format": "number"
    },
    {
     "key": "relationReadonlyValue",
     "format": "checkbox"
    },
    {
     "key": "lastModifiedBy",
     "format": "object"
    },
    {
     "key": "sourceObject",
     "format": "object"
    },
    {
     "key": "relationMaxCount",
     "format": "number"
    },
    {
     "key": "scope",
     "format": "longtext"
    },
    {
     "key": "creator",
     "format": "object"
    },
    {
     "key": "lastModifiedDate",
     "format": "date"
    },
    {
     "key": "lastOpenedDate",
     "format": "date"
    },
    {
     "key": "workspaceId",
     "format": "object"
    },
    {
     "key": "isReadonly",
     "format": "checkbox"
    },
    {
     "key": "backlinks",
     "format": "object"
    },
    {
     "key": "lastChangeId",
     "format": "longtext"
    },
    {
     "key": "links",
     "format": "object"
    },
    {
     "key": "restrictions",
     "format": "number"
    },
    {
     "key": "origin",
     "format": "number"
    },
    {
     "key": "addedDate",
     "format": "date"
    },
    {
     "key": "spaceId",
     "format": "object"
    },
    {
     "key": "uniqueKey",
     "format": "longtext"
    },
    {
     "key": "iconEmoji",
     "format": "emoji"
    },
    {
     "key": "iconImage",
     "format": "file"
    },
    {
     "key": "layoutAlign",
     "format": "number"
    },
    {
     "key": "coverId",
     "format": "longtext"
    },
    {
     "key": "coverScale",
     "format": "number"
    },
    {
     "key": "coverType",
     "format": "number"
    },
    {
     "key": "coverX",
     "format": "number"
    },
    {
     "key": "coverY",
     "format": "number"
    },
    {
     "key": "isFavorite",
     "format": "checkbox"
    },
    {
     "key": "internalFlags",
     "format": "number"
    }
   ],
   "key": "objectives",
   "originalCreatedTimestamp": "0",
   "fileInfo": null
  },
  "fileKeys": [
  ]
 }
}