{
 "sbType": "Widget",
 "snapshot": {
  "logHeads": {
  },
  "data": {
   "blocks": [
    {
     "id": "bafyreihee4cahcig5i6rwp6jpwpw3byrhi3niuit7plwj6oc66x6ezmpqy",
     "fields": null,
     "restrictions": null,
     "childrenIds": [
      "65e9df18e9223c50a71259b4",
      "65eeee63e9223c50a7125b9f",
      "65eeef52e9223c50a7125ba1"
     ],
     "backgroundColor": "",
     "align": "AlignLeft",
     "verticalAlign": "VerticalAlignTop",
     "smartblock": {

     }
    },
    {
     "id": "65e9df18e9223c50a71259b4",
     "fields": null,
     "restrictions": null,
     "childrenIds": [
      "65e9df18e9223c50a71259b3"
     ],
     "backgroundColor": "",
     "align": "AlignLeft",
     "verticalAlign": "VerticalAlignTop",
     "widget": {
      "layout": "Link",
      "limit": 0,
      "viewId": ""
     }
    },
    {
     "id": "65eeee63e9223c50a7125b9f",
     "fields": null,
     "restrictions": null,
     "childrenIds": [
      "65eeee63e9223c50a7125b9e"
     ],
     "backgroundColor": "",
     "align": "AlignLeft",
     "verticalAlign": "VerticalAlignTop",
     "widget": {
      "layout": "Link",
      "limit": 6,
      "viewId": ""
     }
    },
    {
     "id": "65eeef52e9223c50a7125ba1",
     "fields": null,
     "restrictions": null,
     "childrenIds": [
      "65eeef52e9223c50a7125ba0"
     ],
     "backgroundColor": "",
     "align": "AlignLeft",
     "verticalAlign": "VerticalAlignTop",
     "widget": {
      "layout": "CompactList",
      "limit": 6,
      "viewId": ""
     }
    },
    {
     "id": "65e9df18e9223c50a71259b3",
     "fields": null,
     "restrictions": null,
     "childrenIds": [
     ],
     "backgroundColor": "",
     "align": "AlignLeft",
     "verticalAlign": "VerticalAlignTop",
     "link": {
      "targetBlockId": "bafyreidc67qyxg6gnoapsninuzofyxbixqxxqzao7mdfmk6lxywflt7gnu",
      "style": "Page",
      "fields": null,
      "iconSize": "SizeNone",
      "cardStyle": "Inline",
      "description": "None",
      "relations": [
      ]
     }
    },
    {
     "id": "65eeee63e9223c50a7125b9e",
     "fields": null,
     "restrictions": null,
     "childrenIds": [
     ],
     "backgroundColor": "",
     "align": "AlignLeft",
     "verticalAlign": "VerticalAlignTop",
     "link": {
      "targetBlockId": "bafyreigoodenoe4euhxcxu4nftcjfx6qqi3qiumkex4b67xk7jo262sglm",
      "style": "Page",
      "fields": null,
      "iconSize": "SizeNone",
      "cardStyle": "Text",
      "description": "None",
      "relations": [
      ]
     }
    },
    {
     "id": "65eeef52e9223c50a7125ba0",
     "fields": null,
     "restrictions": null,
     "childrenIds": [
     ],
     "backgroundColor": "",
     "align": "AlignLeft",
     "verticalAlign": "VerticalAlignTop",
     "link": {
      "targetBlockId": "favorite",
      "style": "Page",
      "fields": null,
      "iconSize": "SizeNone",
      "cardStyle": "Text",
      "description": "None",
      "relations": [
      ]
     }
    }
   ],
   "details": {
     "backlinks": [
       ],
     "createdDate": 1709825816,
     "creator": "_id_A7TZnHQAgJ4q9TxMgiUumKgt1isSQGrC1dPFbYi7aTNZGshg",
     "id": "bafyreihee4cahcig5i6rwp6jpwpw3byrhi3niuit7plwj6oc66x6ezmpqy",
     "isHidden": true,
     "lastModifiedBy": "_id_A7TZnHQAgJ4q9TxMgiUumKgt1isSQGrC1dPFbYi7aTNZGshg",
     "lastModifiedDate": 1710157650,
     "lastOpenedDate": 1710160581,
     "layout": 7,
     "links": [
        "bafyreidc67qyxg6gnoapsninuzofyxbixqxxqzao7mdfmk6lxywflt7gnu",
        "bafyreigoodenoe4euhxcxu4nftcjfx6qqi3qiumkex4b67xk7jo262sglm",
        "favorite"
       ],
     "restrictions": [
        2,
        4,
        1,
        6,
        5,
        7,
        8
       ],
     "snippet": "",
     "spaceId": "bafyreibqh26gokznvte5mozay5c6mwbu2hn2msn2355u5bqyk5r5otsvxm.2j6gov4xlypyb",
     "type": "bafyreib3pafd2b3payyhv53kax4v22kyxx4bqh4w2tsvhudiwbhwfozmmq"
    },
   "fileKeys": null,
   "extraRelations": [
   ],
   "objectTypes": [
    "ot-dashboard"
   ],
   "collections": null,
   "removedCollectionKeys": [
   ],
   "relationLinks": [
    {
     "key": "id",
     "format": "object"
    },
    {
     "key": "spaceId",
     "format": "object"
    },
    {
     "key": "snippet",
     "format": "longtext"
    },
    {
     "key": "backlinks",
     "format": "object"
    },
    {
     "key": "layout",
     "format": "number"
    },
    {
     "key": "isHidden",
     "format": "checkbox"
    },
    {
     "key": "type",
     "format": "object"
    },
    {
     "key": "creator",
     "format": "object"
    },
    {
     "key": "lastModifiedDate",
     "format": "date"
    },
    {
     "key": "lastModifiedBy",
     "format": "object"
    },
    {
     "key": "restrictions",
     "format": "number"
    },
    {
     "key": "links",
     "format": "object"
    },
    {
     "key": "createdDate",
     "format": "date"
    },
    {
     "key": "lastOpenedDate",
     "format": "date"
    }
   ],
   "key": "",
   "originalCreatedTimestamp": "0",
   "fileInfo": null
  },
  "fileKeys": [
  ]
 }
}