{
 "sbType": "STRelationOption",
 "snapshot": {
  "logHeads": {
  },
  "data": {
   "blocks": [
    {
     "id": "bafyreifarfa3exl35rtgfgqhn3ccal4iuihpulozovs6lhzpzw2ztiublm",
     "fields": null,
     "restrictions": {
      "read": false,
      "edit": false,
      "remove": false,
      "drag": false,
      "dropOn": false
     },
     "childrenIds": [
      "header",
      "63454af2c493f68e301890dc"
     ],
     "backgroundColor": "",
     "align": "AlignLeft",
     "verticalAlign": "VerticalAlignTop",
     "smartblock": {

     }
    },
    {
     "id": "header",
     "fields": null,
     "restrictions": {
      "read": false,
      "edit": true,
      "remove": true,
      "drag": true,
      "dropOn": true
     },
     "childrenIds": [
      "title",
      "featuredRelations"
     ],
     "backgroundColor": "",
     "align": "AlignLeft",
     "verticalAlign": "VerticalAlignTop",
     "layout": {
      "style": "Header"
     }
    },
    {
     "id": "63454af2c493f68e301890dc",
     "fields": {
       "analyticsContext": "empty",
       "analyticsOriginalId": "63454af2c493f68e301890dc"
      },
     "restrictions": {
      "read": false,
      "edit": true,
      "remove": true,
      "drag": true,
      "dropOn": true
     },
     "childrenIds": [
      "dataview"
     ],
     "backgroundColor": "",
     "align": "AlignLeft",
     "verticalAlign": "VerticalAlignTop"
    },
    {
     "id": "title",
     "fields": {
       "_detailsKey": [
          "name",
          "done"
         ]
      },
     "restrictions": {
      "read": false,
      "edit": true,
      "remove": true,
      "drag": true,
      "dropOn": true
     },
     "childrenIds": [
     ],
     "backgroundColor": "",
     "align": "AlignLeft",
     "verticalAlign": "VerticalAlignTop",
     "text": {
      "text": "",
      "style": "Title",
      "marks": {
       "marks": [
       ]
      },
      "checked": false,
      "color": "",
      "iconEmoji": "",
      "iconImage": ""
     }
    },
    {
     "id": "featuredRelations",
     "fields": null,
     "restrictions": {
      "read": false,
      "edit": false,
      "remove": true,
      "drag": true,
      "dropOn": true
     },
     "childrenIds": [
     ],
     "backgroundColor": "",
     "align": "AlignLeft",
     "verticalAlign": "VerticalAlignTop",
     "featuredRelations": {

     }
    },
    {
     "id": "dataview",
     "fields": null,
     "restrictions": {
      "read": false,
      "edit": true,
      "remove": true,
      "drag": true,
      "dropOn": true
     },
     "childrenIds": [
     ],
     "backgroundColor": "",
     "align": "AlignLeft",
     "verticalAlign": "VerticalAlignTop",
     "dataview": {
      "source": [
       "status"
      ],
      "views": [
       {
        "id": "1",
        "type": "Table",
        "name": "All",
        "sorts": [
         {
          "id": "",
          "RelationKey": "name",
          "type": "Asc",
          "customOrder": [
          ],
          "format": "longtext",
          "includeTime": false
         }
        ],
        "filters": [
         {
          "id": "",
          "operator": "And",
          "RelationKey": "status",
          "relationProperty": "",
          "condition": "In",
          "value": [
             "bafyreifarfa3exl35rtgfgqhn3ccal4iuihpulozovs6lhzpzw2ztiublm"
            ],
          "quickOption": "ExactDate",
          "format": "longtext",
          "includeTime": false
         }
        ],
        "relations": [
        ],
        "coverRelationKey": "",
        "hideIcon": false,
        "cardSize": "Small",
        "coverFit": false,
        "groupRelationKey": "",
        "groupBackgroundColors": false,
        "pageLimit": 0,
        "defaultTemplateId": "",
        "defaultObjectTypeId": ""
       }
      ],
      "relations": [
      ],
      "activeView": "",
      "groupOrders": [
      ],
      "objectOrders": [
      ],
      "relationLinks": [
      ],
      "TargetObjectId": "",
      "isCollection": false
     }
    }
   ],
   "details": {
     "addedDate": 0,
     "backlinks": [
       ],
     "createdDate": 1709836207,
     "creator": "_id_A7TZnHQAgJ4q9TxMgiUumKgt1isSQGrC1dPFbYi7aTNZGshg",
     "featuredRelations": [
        "description",
        "type",
        "sourceObject"
       ],
     "id": "bafyreifarfa3exl35rtgfgqhn3ccal4iuihpulozovs6lhzpzw2ztiublm",
     "lastModifiedBy": "_id_A7TZnHQAgJ4q9TxMgiUumKgt1isSQGrC1dPFbYi7aTNZGshg",
     "lastModifiedDate": 1710157242,
     "layout": 13,
     "links": [
       ],
     "name": "In Progress",
     "oldAnytypeID": "bafyreicijndfcgd4aka3jqfsonjmwrqwaicgbg2y6vljj5mlcey7e3awpm",
     "origin": 3,
     "relationKey": "status",
     "relationOptionColor": "orange",
     "restrictions": [
       ],
     "snippet": "",
     "sourceFilePath": "json:/Users/dariia/Downloads/Homepages.zip/bafyreicijndfcgd4aka3jqfsonjmwrqwaicgbg2y6vljj5mlcey7e3awpm.pb.json",
     "spaceId": "bafyreibqh26gokznvte5mozay5c6mwbu2hn2msn2355u5bqyk5r5otsvxm.2j6gov4xlypyb",
     "type": "bafyreifha55tqttso5kuazfel4ewzmoyzj5soxrip5jn7je76s3tuaf7da",
     "uniqueKey": "opt-63454af2c493f68e301890dc"
    },
   "fileKeys": null,
   "extraRelations": [
   ],
   "objectTypes": [
    "ot-relationOption"
   ],
   "collections": null,
   "removedCollectionKeys": [
   ],
   "relationLinks": [
    {
     "key": "id",
     "format": "object"
    },
    {
     "key": "snippet",
     "format": "longtext"
    },
    {
     "key": "relationKey",
     "format": "longtext"
    },
    {
     "key": "oldAnytypeID",
     "format": "longtext"
    },
    {
     "key": "createdDate",
     "format": "date"
    },
    {
     "key": "sourceFilePath",
     "format": "longtext"
    },
    {
     "key": "featuredRelations",
     "format": "object"
    },
    {
     "key": "relationOptionColor",
     "format": "longtext"
    },
    {
     "key": "layout",
     "format": "number"
    },
    {
     "key": "type",
     "format": "object"
    },
    {
     "key": "lastModifiedBy",
     "format": "object"
    },
    {
     "key": "name",
     "format": "shorttext"
    },
    {
     "key": "creator",
     "format": "object"
    },
    {
     "key": "lastModifiedDate",
     "format": "date"
    },
    {
     "key": "lastOpenedDate",
     "format": "date"
    },
    {
     "key": "workspaceId",
     "format": "object"
    },
    {
     "key": "origin",
     "format": "number"
    },
    {
     "key": "addedDate",
     "format": "date"
    },
    {
     "key": "spaceId",
     "format": "object"
    },
    {
     "key": "uniqueKey",
     "format": "longtext"
    },
    {
     "key": "backlinks",
     "format": "object"
    },
    {
     "key": "description",
     "format": "longtext"
    },
    {
     "key": "iconEmoji",
     "format": "emoji"
    },
    {
     "key": "iconImage",
     "format": "file"
    },
    {
     "key": "layoutAlign",
     "format": "number"
    },
    {
     "key": "coverId",
     "format": "longtext"
    },
    {
     "key": "coverScale",
     "format": "number"
    },
    {
     "key": "coverType",
     "format": "number"
    },
    {
     "key": "coverX",
     "format": "number"
    },
    {
     "key": "coverY",
     "format": "number"
    },
    {
     "key": "isFavorite",
     "format": "checkbox"
    },
    {
     "key": "links",
     "format": "object"
    },
    {
     "key": "internalFlags",
     "format": "number"
    },
    {
     "key": "restrictions",
     "format": "number"
    }
   ],
   "key": "63454af2c493f68e301890dc",
   "originalCreatedTimestamp": "0",
   "fileInfo": null
  },
  "fileKeys": [
  ]
 }
}