{
 "sbType": "STType",
 "snapshot": {
  "logHeads": {
  },
  "data": {
   "blocks": [
    {
     "id": "bafyreiglnp7fnd7iy53ujrgkkc52b4iknb5hjez4ehnkx6l2ml67lhjvli",
     "fields": null,
     "restrictions": {
      "read": false,
      "edit": false,
      "remove": false,
      "drag": false,
      "dropOn": false
     },
     "childrenIds": [
      "header"
     ],
     "backgroundColor": "",
     "align": "AlignLeft",
     "verticalAlign": "VerticalAlignTop",
     "smartblock": {

     }
    },
    {
     "id": "header",
     "fields": null,
     "restrictions": {
      "read": false,
      "edit": true,
      "remove": true,
      "drag": true,
      "dropOn": true
     },
     "childrenIds": [
      "title",
      "featuredRelations"
     ],
     "backgroundColor": "",
     "align": "AlignLeft",
     "verticalAlign": "VerticalAlignTop",
     "layout": {
      "style": "Header"
     }
    },
    {
     "id": "title",
     "fields": {
       "_detailsKey": [
          "name",
          "done"
         ]
      },
     "restrictions": {
      "read": false,
      "edit": false,
      "remove": true,
      "drag": true,
      "dropOn": true
     },
     "childrenIds": [
     ],
     "backgroundColor": "",
     "align": "AlignLeft",
     "verticalAlign": "VerticalAlignTop",
     "text": {
      "text": "",
      "style": "Title",
      "marks": {
       "marks": [
       ]
      },
      "checked": false,
      "color": "",
      "iconEmoji": "",
      "iconImage": ""
     }
    },
    {
     "id": "featuredRelations",
     "fields": null,
     "restrictions": {
      "read": false,
      "edit": false,
      "remove": true,
      "drag": true,
      "dropOn": true
     },
     "childrenIds": [
     ],
     "backgroundColor": "",
     "align": "AlignLeft",
     "verticalAlign": "VerticalAlignTop",
     "featuredRelations": {

     }
    }
   ],
   "details": {
     "addedDate": 0,
     "backlinks": [
       ],
     "createdDate": 1709837543,
     "creator": "_id_A7TZnHQAgJ4q9TxMgiUumKgt1isSQGrC1dPFbYi7aTNZGshg",
     "defaultTemplateId": "bafyreierthoeweybc4bghrhvqhqfsp75p5k6yv7qvy7uaontszwpeqgcby",
     "featuredRelations": [
        "type"
       ],
     "iconEmoji": "🌱",
     "iconImage": "",
     "id": "bafyreiglnp7fnd7iy53ujrgkkc52b4iknb5hjez4ehnkx6l2ml67lhjvli",
     "lastModifiedBy": "_id_A7TZnHQAgJ4q9TxMgiUumKgt1isSQGrC1dPFbYi7aTNZGshg",
     "lastModifiedDate": 1709837664,
     "layout": 4,
     "links": [
       ],
     "name": "Plant",
     "oldAnytypeID": "bafyreid7wgfkd5luqf7x5tnawfr6ann7zmmkp2szcyk5upytmkqypm2abi",
     "origin": 3,
     "recommendedLayout": 0,
     "recommendedRelations": [
        "bafyreiefdgxqwkwjlvh5txusgnnsvmdsvdgjvqtj4gaj6cnivn24eqvt5i",
        "bafyreifllhw6w435jbawtmzfp3v6asbl5qllquws25jmm5hjb6f46nvoxu",
        "bafyreidddnagdgwvaqpxeou5y7nidtoe6wxnfnehakbngyw76u4b3lrlnu",
        "bafyreietvwt7fvkk5gyteybbojnnnyrey4rsdjkc5st3w2n5ohrafr2ehm",
        "bafyreiatbxz5pepqvh4n3pcdxvnzq6uvcdmxhxyc6bpmd66s4n5al3zgpu"
       ],
     "restrictions": [
        3,
        6,
        5,
        7
       ],
     "snippet": "",
     "sourceFilePath": "json:/Users/dariia/Downloads/Homepages.zip/bafyreid7wgfkd5luqf7x5tnawfr6ann7zmmkp2szcyk5upytmkqypm2abi.pb.json",
     "spaceId": "bafyreibqh26gokznvte5mozay5c6mwbu2hn2msn2355u5bqyk5r5otsvxm.2j6gov4xlypyb",
     "type": "bafyreiflgosoxgmuhlnohojwqrcbbe5b4t3d2b6ar6gkrkualltvgi4lyy",
     "uniqueKey": "ot-65ea0ce7e9223c50a71259fd"
    },
   "fileKeys": null,
   "extraRelations": [
   ],
   "objectTypes": [
    "ot-objectType"
   ],
   "collections": null,
   "removedCollectionKeys": [
   ],
   "relationLinks": [
    {
     "key": "spaceId",
     "format": "object"
    },
    {
     "key": "name",
     "format": "shorttext"
    },
    {
     "key": "recommendedLayout",
     "format": "number"
    },
    {
     "key": "internalFlags",
     "format": "number"
    },
    {
     "key": "id",
     "format": "object"
    },
    {
     "key": "layout",
     "format": "number"
    },
    {
     "key": "recommendedRelations",
     "format": "object"
    },
    {
     "key": "createdDate",
     "format": "date"
    },
    {
     "key": "uniqueKey",
     "format": "longtext"
    },
    {
     "key": "snippet",
     "format": "longtext"
    },
    {
     "key": "backlinks",
     "format": "object"
    },
    {
     "key": "description",
     "format": "longtext"
    },
    {
     "key": "iconEmoji",
     "format": "emoji"
    },
    {
     "key": "iconImage",
     "format": "file"
    },
    {
     "key": "type",
     "format": "object"
    },
    {
     "key": "layoutAlign",
     "format": "number"
    },
    {
     "key": "coverId",
     "format": "longtext"
    },
    {
     "key": "coverScale",
     "format": "number"
    },
    {
     "key": "coverType",
     "format": "number"
    },
    {
     "key": "coverX",
     "format": "number"
    },
    {
     "key": "coverY",
     "format": "number"
    },
    {
     "key": "creator",
     "format": "object"
    },
    {
     "key": "lastModifiedDate",
     "format": "date"
    },
    {
     "key": "lastModifiedBy",
     "format": "object"
    },
    {
     "key": "lastOpenedDate",
     "format": "date"
    },
    {
     "key": "featuredRelations",
     "format": "object"
    },
    {
     "key": "isFavorite",
     "format": "checkbox"
    },
    {
     "key": "workspaceId",
     "format": "object"
    },
    {
     "key": "links",
     "format": "object"
    },
    {
     "key": "restrictions",
     "format": "number"
    },
    {
     "key": "defaultTemplateId",
     "format": "object"
    },
    {
     "key": "lastUsedDate",
     "format": "date"
    },
    {
     "key": "sourceFilePath",
     "format": "longtext"
    },
    {
     "key": "oldAnytypeID",
     "format": "longtext"
    },
    {
     "key": "origin",
     "format": "number"
    },
    {
     "key": "addedDate",
     "format": "date"
    }
   ],
   "key": "65ea0ce7e9223c50a71259fd",
   "originalCreatedTimestamp": "0",
   "fileInfo": null
  },
  "fileKeys": [
  ]
 }
}