{
 "sbType": "FileObject",
 "snapshot": {
  "logHeads": {
  },
  "data": {
   "blocks": [
    {
     "id": "bafyreicln5nqftq4zr7vrljw7qyhruxflqgbnzexesxoxr5plfjbxbkrdi",
     "fields": null,
     "restrictions": {
      "read": false,
      "edit": true,
      "remove": true,
      "drag": true,
      "dropOn": true
     },
     "childrenIds": [
      "header",
      "file",
      "widthInPixels",
      "heightInPixels",
      "sizeInBytes",
      "mediaArtistName",
      "mediaArtistURL"
     ],
     "backgroundColor": "",
     "align": "AlignLeft",
     "verticalAlign": "VerticalAlignTop",
     "smartblock": {

     }
    },
    {
     "id": "header",
     "fields": null,
     "restrictions": {
      "read": false,
      "edit": true,
      "remove": true,
      "drag": true,
      "dropOn": true
     },
     "childrenIds": [
      "title",
      "featuredRelations"
     ],
     "backgroundColor": "",
     "align": "AlignLeft",
     "verticalAlign": "VerticalAlignTop",
     "layout": {
      "style": "Header"
     }
    },
    {
     "id": "file",
     "fields": null,
     "restrictions": {
      "read": false,
      "edit": true,
      "remove": true,
      "drag": true,
      "dropOn": true
     },
     "childrenIds": [
     ],
     "backgroundColor": "",
     "align": "AlignLeft",
     "verticalAlign": "VerticalAlignTop",
     "file": {
      "hash": "",
      "name": "a view of the ocean from the top of a hill",
      "type": "Image",
      "mime": "image/jpeg",
      "size": "666440",
      "addedAt": "0",
      "targetObjectId": "bafyreicln5nqftq4zr7vrljw7qyhruxflqgbnzexesxoxr5plfjbxbkrdi",
      "state": "Done",
      "style": "Auto"
     }
    },
    {
     "id": "widthInPixels",
     "fields": null,
     "restrictions": {
      "read": false,
      "edit": true,
      "remove": true,
      "drag": true,
      "dropOn": true
     },
     "childrenIds": [
     ],
     "backgroundColor": "",
     "align": "AlignLeft",
     "verticalAlign": "VerticalAlignTop",
     "relation": {
      "key": "widthInPixels"
     }
    },
    {
     "id": "heightInPixels",
     "fields": null,
     "restrictions": {
      "read": false,
      "edit": true,
      "remove": true,
      "drag": true,
      "dropOn": true
     },
     "childrenIds": [
     ],
     "backgroundColor": "",
     "align": "AlignLeft",
     "verticalAlign": "VerticalAlignTop",
     "relation": {
      "key": "heightInPixels"
     }
    },
    {
     "id": "sizeInBytes",
     "fields": null,
     "restrictions": {
      "read": false,
      "edit": true,
      "remove": true,
      "drag": true,
      "dropOn": true
     },
     "childrenIds": [
     ],
     "backgroundColor": "",
     "align": "AlignLeft",
     "verticalAlign": "VerticalAlignTop",
     "relation": {
      "key": "sizeInBytes"
     }
    },
    {
     "id": "mediaArtistName",
     "fields": null,
     "restrictions": {
      "read": false,
      "edit": true,
      "remove": true,
      "drag": true,
      "dropOn": true
     },
     "childrenIds": [
     ],
     "backgroundColor": "",
     "align": "AlignLeft",
     "verticalAlign": "VerticalAlignTop",
     "relation": {
      "key": "mediaArtistName"
     }
    },
    {
     "id": "mediaArtistURL",
     "fields": null,
     "restrictions": {
      "read": false,
      "edit": true,
      "remove": true,
      "drag": true,
      "dropOn": true
     },
     "childrenIds": [
     ],
     "backgroundColor": "",
     "align": "AlignLeft",
     "verticalAlign": "VerticalAlignTop",
     "relation": {
      "key": "mediaArtistURL"
     }
    },
    {
     "id": "title",
     "fields": {
       "_detailsKey": [
          "name",
          "done"
         ]
      },
     "restrictions": {
      "read": false,
      "edit": true,
      "remove": true,
      "drag": true,
      "dropOn": true
     },
     "childrenIds": [
     ],
     "backgroundColor": "",
     "align": "AlignLeft",
     "verticalAlign": "VerticalAlignTop",
     "text": {
      "text": "",
      "style": "Title",
      "marks": {
       "marks": [
       ]
      },
      "checked": false,
      "color": "",
      "iconEmoji": "",
      "iconImage": ""
     }
    },
    {
     "id": "featuredRelations",
     "fields": null,
     "restrictions": {
      "read": false,
      "edit": true,
      "remove": true,
      "drag": true,
      "dropOn": true
     },
     "childrenIds": [
     ],
     "backgroundColor": "",
     "align": "AlignLeft",
     "verticalAlign": "VerticalAlignTop",
     "featuredRelations": {

     }
    }
   ],
   "details": {
     "addedDate": 1710160604,
     "backlinks": [
       ],
     "createdDate": 1710160604,
     "creator": "_participant_bafyreibqh26gokznvte5mozay5c6mwbu2hn2msn2355u5bqyk5r5otsvxm_2j6gov4xlypyb_A7TZnHQAgJ4q9TxMgiUumKgt1isSQGrC1dPFbYi7aTNZGshg",
     "featuredRelations": [
        "type"
       ],
     "fileBackupStatus": 1,
     "fileExt": "",
     "fileId": "bafybeifbuonzcv63npxrc25et2ddupqzzhbu3cxh62cenyu6kzvzuf34le",
     "fileIndexingStatus": 1,
     "fileMimeType": "image/jpeg",
     "fileSyncStatus": 1,
     "heightInPixels": 2880,
     "iconImage": "bafyreicln5nqftq4zr7vrljw7qyhruxflqgbnzexesxoxr5plfjbxbkrdi",
     "id": "bafyreicln5nqftq4zr7vrljw7qyhruxflqgbnzexesxoxr5plfjbxbkrdi",
     "isReadonly": false,
     "lastModifiedBy": "_participant_bafyreibqh26gokznvte5mozay5c6mwbu2hn2msn2355u5bqyk5r5otsvxm_2j6gov4xlypyb_A7TZnHQAgJ4q9TxMgiUumKgt1isSQGrC1dPFbYi7aTNZGshg",
     "lastModifiedDate": 1710160608,
     "layout": 8,
     "links": [
       ],
     "mediaArtistName": "Griffin Wooldridge",
     "mediaArtistURL": "https://unsplash.com/@dzngriffin",
     "name": "a view of the ocean from the top of a hill",
     "restrictions": [
        3,
        6,
        5,
        7,
        8
       ],
     "sizeInBytes": 666440,
     "snippet": "",
     "source": "files/o_p3bfzp2ei3370804183",
     "spaceId": "bafyreibqh26gokznvte5mozay5c6mwbu2hn2msn2355u5bqyk5r5otsvxm.2j6gov4xlypyb",
     "type": "bafyreia3ulvbtj7oavlbn242w2x62hdfko73wfrulpneqdhzxyalhtksba",
     "widthInPixels": 1920
    },
   "fileKeys": null,
   "extraRelations": [
   ],
   "objectTypes": [
    "ot-image"
   ],
   "collections": null,
   "removedCollectionKeys": [
   ],
   "relationLinks": [
    {
     "key": "widthInPixels",
     "format": "number"
    },
    {
     "key": "fileIndexingStatus",
     "format": "number"
    },
    {
     "key": "addedDate",
     "format": "date"
    },
    {
     "key": "mediaArtistURL",
     "format": "url"
    },
    {
     "key": "fileId",
     "format": "shorttext"
    },
    {
     "key": "isReadonly",
     "format": "checkbox"
    },
    {
     "key": "lastModifiedDate",
     "format": "date"
    },
    {
     "key": "heightInPixels",
     "format": "number"
    },
    {
     "key": "layout",
     "format": "number"
    },
    {
     "key": "name",
     "format": "shorttext"
    },
    {
     "key": "mediaArtistName",
     "format": "longtext"
    },
    {
     "key": "fileExt",
     "format": "longtext"
    },
    {
     "key": "fileMimeType",
     "format": "longtext"
    },
    {
     "key": "sizeInBytes",
     "format": "number"
    },
    {
     "key": "iconImage",
     "format": "file"
    },
    {
     "key": "spaceId",
     "format": "object"
    },
    {
     "key": "featuredRelations",
     "format": "object"
    },
    {
     "key": "creator",
     "format": "object"
    },
    {
     "key": "createdDate",
     "format": "date"
    },
    {
     "key": "id",
     "format": "object"
    },
    {
     "key": "type",
     "format": "object"
    },
    {
     "key": "snippet",
     "format": "longtext"
    },
    {
     "key": "backlinks",
     "format": "object"
    },
    {
     "key": "fileBackupStatus",
     "format": "number"
    },
    {
     "key": "fileSyncStatus",
     "format": "number"
    },
    {
     "key": "lastModifiedBy",
     "format": "object"
    },
    {
     "key": "restrictions",
     "format": "number"
    },
    {
     "key": "links",
     "format": "object"
    },
    {
     "key": "source",
     "format": "url"
    }
   ],
   "key": "",
   "originalCreatedTimestamp": "0",
   "fileInfo": {
    "fileId": "bafybeifbuonzcv63npxrc25et2ddupqzzhbu3cxh62cenyu6kzvzuf34le",
    "encryptionKeys": [
     {
      "path": "/0/exif/",
      "key": "bebg5v2v36l7lye2zb4rcwg3d543tfqv2hexur4tvzvgenree4ojq"
     },
     {
      "path": "/0/original/",
      "key": "bijornmp2frx64tmzjzbzwpbo3sx5jxmspdrz72renxhv4adxylxq"
     },
     {
      "path": "/0/large/",
      "key": "bijornmp2frx64tmzjzbzwpbo3sx5jxmspdrz72renxhv4adxylxq"
     },
     {
      "path": "/0/small/",
      "key": "bymlqciknssscc5yoep7nuyuiwzza3ohaygsr72mjm5oam5hiwufq"
     },
     {
      "path": "/0/thumbnail/",
      "key": "b5bbrcpgkn2pmxhl67cexoavqsqpw35ccy7il23ksughwxadzopra"
     }
    ]
   }
  },
  "fileKeys": [
  ]
 }
}