{
 "sbType": "Template",
 "snapshot": {
  "logHeads": {
  },
  "data": {
   "blocks": [
    {
     "id": "bafyreigymt22toctzewcqisj5yczptw5odetxp64bma64sxwu2hx4mf43y",
     "fields": {
       "analyticsOriginalId": "bafyreihytre5togio6ppycia2zpnipe4y7ykdhepc22hgjoepajqiup7ca"
      },
     "restrictions": {
      "read": false,
      "edit": false,
      "remove": false,
      "drag": false,
      "dropOn": false
     },
     "childrenIds": [
      "header",
      "6463c8e23d9390bc1a7fb167",
      "60c211b0ab98c307f7993b72",
      "60c21270ab98c307f7993b81",
      "60c2127dab98c307f7993b82",
      "6463c8d03d9390bc1a7fb166",
      "60f09673d5877d31cde9f726",
      "60f5c41b6cabea22ef364dff",
      "60f5c41c6cabea22ef364e00",
      "60f5c41d6cabea22ef364e01"
     ],
     "backgroundColor": "",
     "align": "AlignLeft",
     "verticalAlign": "VerticalAlignTop",
     "smartblock": {

     }
    },
    {
     "id": "header",
     "fields": null,
     "restrictions": {
      "read": false,
      "edit": true,
      "remove": true,
      "drag": true,
      "dropOn": true
     },
     "childrenIds": [
      "title",
      "featuredRelations"
     ],
     "backgroundColor": "",
     "align": "AlignLeft",
     "verticalAlign": "VerticalAlignTop",
     "layout": {
      "style": "Header"
     }
    },
    {
     "id": "6463c8e23d9390bc1a7fb167",
     "fields": null,
     "restrictions": null,
     "childrenIds": [
     ],
     "backgroundColor": "",
     "align": "AlignLeft",
     "verticalAlign": "VerticalAlignTop",
     "relation": {
      "key": "createdDate"
     }
    },
    {
     "id": "60c211b0ab98c307f7993b72",
     "fields": null,
     "restrictions": null,
     "childrenIds": [
     ],
     "backgroundColor": "",
     "align": "AlignLeft",
     "verticalAlign": "VerticalAlignTop",
     "relation": {
      "key": "dueDate"
     }
    },
    {
     "id": "60c21270ab98c307f7993b81",
     "fields": null,
     "restrictions": null,
     "childrenIds": [
     ],
     "backgroundColor": "",
     "align": "AlignLeft",
     "verticalAlign": "VerticalAlignTop",
     "relation": {
      "key": "status"
     }
    },
    {
     "id": "60c2127dab98c307f7993b82",
     "fields": null,
     "restrictions": null,
     "childrenIds": [
     ],
     "backgroundColor": "",
     "align": "AlignLeft",
     "verticalAlign": "VerticalAlignTop",
     "text": {
      "text": "",
      "style": "Header2",
      "marks": {
       "marks": [
       ]
      },
      "checked": false,
      "color": "",
      "iconEmoji": "",
      "iconImage": ""
     }
    },
    {
     "id": "6463c8d03d9390bc1a7fb166",
     "fields": null,
     "restrictions": null,
     "childrenIds": [
     ],
     "backgroundColor": "",
     "align": "AlignLeft",
     "verticalAlign": "VerticalAlignTop",
     "text": {
      "text": "Details ",
      "style": "Header2",
      "marks": {
       "marks": [
       ]
      },
      "checked": false,
      "color": "",
      "iconEmoji": "",
      "iconImage": ""
     }
    },
    {
     "id": "60f09673d5877d31cde9f726",
     "fields": null,
     "restrictions": null,
     "childrenIds": [
     ],
     "backgroundColor": "",
     "align": "AlignLeft",
     "verticalAlign": "VerticalAlignTop",
     "div": {
      "style": "Line"
     }
    },
    {
     "id": "60f5c41b6cabea22ef364dff",
     "fields": null,
     "restrictions": null,
     "childrenIds": [
     ],
     "backgroundColor": "",
     "align": "AlignLeft",
     "verticalAlign": "VerticalAlignTop",
     "text": {
      "text": "",
      "style": "Paragraph",
      "marks": {
       "marks": [
       ]
      },
      "checked": false,
      "color": "",
      "iconEmoji": "",
      "iconImage": ""
     }
    },
    {
     "id": "60f5c41c6cabea22ef364e00",
     "fields": null,
     "restrictions": null,
     "childrenIds": [
     ],
     "backgroundColor": "",
     "align": "AlignLeft",
     "verticalAlign": "VerticalAlignTop",
     "text": {
      "text": "",
      "style": "Paragraph",
      "marks": {
       "marks": [
       ]
      },
      "checked": false,
      "color": "",
      "iconEmoji": "",
      "iconImage": ""
     }
    },
    {
     "id": "60f5c41d6cabea22ef364e01",
     "fields": null,
     "restrictions": null,
     "childrenIds": [
     ],
     "backgroundColor": "",
     "align": "AlignLeft",
     "verticalAlign": "VerticalAlignTop",
     "text": {
      "text": "",
      "style": "Paragraph",
      "marks": {
       "marks": [
       ]
      },
      "checked": false,
      "color": "",
      "iconEmoji": "",
      "iconImage": ""
     }
    },
    {
     "id": "title",
     "fields": {
       "_detailsKey": [
          "name",
          "done"
         ]
      },
     "restrictions": {
      "read": false,
      "edit": false,
      "remove": true,
      "drag": true,
      "dropOn": true
     },
     "childrenIds": [
     ],
     "backgroundColor": "",
     "align": "AlignLeft",
     "verticalAlign": "VerticalAlignTop",
     "text": {
      "text": "",
      "style": "Title",
      "marks": {
       "marks": [
       ]
      },
      "checked": false,
      "color": "",
      "iconEmoji": "",
      "iconImage": ""
     }
    },
    {
     "id": "featuredRelations",
     "fields": null,
     "restrictions": {
      "read": false,
      "edit": false,
      "remove": true,
      "drag": true,
      "dropOn": true
     },
     "childrenIds": [
     ],
     "backgroundColor": "",
     "align": "AlignLeft",
     "verticalAlign": "VerticalAlignTop",
     "featuredRelations": {

     }
    }
   ],
   "details": {
     "backlinks": [
       ],
     "createdDate": 1709825816,
     "creator": "_id_A7TZnHQAgJ4q9TxMgiUumKgt1isSQGrC1dPFbYi7aTNZGshg",
     "description": "",
     "featuredRelations": [
        "type",
        "tag",
        "backlinks"
       ],
     "id": "bafyreigymt22toctzewcqisj5yczptw5odetxp64bma64sxwu2hx4mf43y",
     "lastModifiedBy": "_id_A7TZnHQAgJ4q9TxMgiUumKgt1isSQGrC1dPFbYi7aTNZGshg",
     "lastModifiedDate": 1709825816,
     "layout": 2,
     "links": [
       ],
     "name": "Task",
     "oldAnytypeID": "bafyreihytre5togio6ppycia2zpnipe4y7ykdhepc22hgjoepajqiup7ca",
     "origin": 7,
     "restrictions": [
        5,
        7
       ],
     "snippet": "Details",
     "sourceObject": "bafyreidfbrrjbntlbveh6ftogaxikxfjuo3eyybhnyh54wgvm7fqglsjhe",
     "spaceId": "bafyreibqh26gokznvte5mozay5c6mwbu2hn2msn2355u5bqyk5r5otsvxm.2j6gov4xlypyb",
     "targetObjectType": "bafyreifcxrfy4ydahfj5gzlvxaobwmtojlnuixismntfxzpulbzdq2y4pu",
     "type": "bafyreidrixsyi7fug7xqb2d4lu2kqobib4eyjxfcynwmyjrekeupaeft3i"
    },
   "fileKeys": null,
   "extraRelations": [
   ],
   "objectTypes": [
    "ot-template",
    "ot-task"
   ],
   "collections": null,
   "removedCollectionKeys": [
   ],
   "relationLinks": [
    {
     "key": "type",
     "format": "object"
    },
    {
     "key": "layout",
     "format": "number"
    },
    {
     "key": "targetObjectType",
     "format": "object"
    },
    {
     "key": "id",
     "format": "object"
    },
    {
     "key": "name",
     "format": "shorttext"
    },
    {
     "key": "description",
     "format": "longtext"
    },
    {
     "key": "iconEmoji",
     "format": "emoji"
    },
    {
     "key": "iconImage",
     "format": "file"
    },
    {
     "key": "createdDate",
     "format": "date"
    },
    {
     "key": "creator",
     "format": "object"
    },
    {
     "key": "lastModifiedDate",
     "format": "date"
    },
    {
     "key": "lastModifiedBy",
     "format": "object"
    },
    {
     "key": "lastOpenedDate",
     "format": "date"
    },
    {
     "key": "featuredRelations",
     "format": "object"
    },
    {
     "key": "isHidden",
     "format": "checkbox"
    },
    {
     "key": "isArchived",
     "format": "checkbox"
    },
    {
     "key": "layoutAlign",
     "format": "number"
    },
    {
     "key": "coverId",
     "format": "shorttext"
    },
    {
     "key": "coverScale",
     "format": "number"
    },
    {
     "key": "coverType",
     "format": "number"
    },
    {
     "key": "coverX",
     "format": "number"
    },
    {
     "key": "coverY",
     "format": "number"
    },
    {
     "key": "snippet",
     "format": "longtext"
    },
    {
     "key": "dueDate",
     "format": "date"
    },
    {
     "key": "status",
     "format": "status"
    },
    {
     "key": "assignee",
     "format": "object"
    },
    {
     "key": "isFavorite",
     "format": "checkbox"
    },
    {
     "key": "sourceObject",
     "format": "object"
    },
    {
     "key": "workspaceId",
     "format": "object"
    },
    {
     "key": "links",
     "format": "object"
    },
    {
     "key": "internalFlags",
     "format": "number"
    },
    {
     "key": "restrictions",
     "format": "number"
    },
    {
     "key": "done",
     "format": "checkbox"
    },
    {
     "key": "sourceFilePath",
     "format": "longtext"
    },
    {
     "key": "oldAnytypeID",
     "format": "longtext"
    },
    {
     "key": "tag",
     "format": "tag"
    },
    {
     "key": "backlinks",
     "format": "object"
    },
    {
     "key": "origin",
     "format": "number"
    },
    {
     "key": "isReadonly",
     "format": "checkbox"
    },
    {
     "key": "templateIsBundled",
     "format": "checkbox"
    },
    {
     "key": "spaceId",
     "format": "object"
    }
   ],
   "key": "",
   "originalCreatedTimestamp": "0",
   "fileInfo": null
  },
  "fileKeys": [
  ]
 }
}