{
 "sbType": "Page",
 "snapshot": {
  "logHeads": {
  },
  "data": {
   "blocks": [
    {
     "id": "bafyreidim2umpmeqdd6arxdo6owars3du6gmhe243ate5drt7upyduzb6u",
     "fields": null,
     "restrictions": {
      "read": false,
      "edit": false,
      "remove": false,
      "drag": false,
      "dropOn": false
     },
     "childrenIds": [
      "header",
      "65ea14c6e9223c50a7125a7c",
      "r-e0ffd9446519e019a4219f6315593b31",
      "r-64aade9e9d7b73029042d0399640f549",
      "65ea15b6e9223c50a7125a8e",
      "65eedd04e9223c50a7125ac6",
      "65eedd09e9223c50a7125ac7",
      "65ea1766e9223c50a7125aa1",
      "65eef600e9223c7f5ce39315",
      "65eedf3be9223c50a7125b09",
      "65eef606e9223c7f5ce39317",
      "65eef602e9223c7f5ce39316",
      "65eedceae9223c50a7125ac2",
      "65eedc79e9223c50a7125abe",
      "65eedcf2e9223c50a7125ac3",
      "65eedc9ae9223c50a7125ac0"
     ],
     "backgroundColor": "",
     "align": "AlignLeft",
     "verticalAlign": "VerticalAlignTop",
     "smartblock": {

     }
    },
    {
     "id": "header",
     "fields": null,
     "restrictions": {
      "read": false,
      "edit": true,
      "remove": true,
      "drag": true,
      "dropOn": true
     },
     "childrenIds": [
      "title",
      "description",
      "featuredRelations"
     ],
     "backgroundColor": "",
     "align": "AlignLeft",
     "verticalAlign": "VerticalAlignTop",
     "layout": {
      "style": "Header"
     }
    },
    {
     "id": "65ea14c6e9223c50a7125a7c",
     "fields": null,
     "restrictions": {
      "read": false,
      "edit": false,
      "remove": false,
      "drag": false,
      "dropOn": false
     },
     "childrenIds": [
     ],
     "backgroundColor": "ice",
     "align": "AlignLeft",
     "verticalAlign": "VerticalAlignTop",
     "text": {
      "text": "My goals for this month:",
      "style": "Header3",
      "marks": {
       "marks": [
       ]
      },
      "checked": false,
      "color": "",
      "iconEmoji": "",
      "iconImage": ""
     }
    },
    {
     "id": "r-e0ffd9446519e019a4219f6315593b31",
     "fields": null,
     "restrictions": {
      "read": false,
      "edit": false,
      "remove": false,
      "drag": false,
      "dropOn": false
     },
     "childrenIds": [
      "ct-e0ffd9446519e019a4219f6315593b31",
      "cd-e0ffd9446519e019a4219f6315593b31"
     ],
     "backgroundColor": "",
     "align": "AlignLeft",
     "verticalAlign": "VerticalAlignTop",
     "layout": {
      "style": "Row"
     }
    },
    {
     "id": "r-64aade9e9d7b73029042d0399640f549",
     "fields": null,
     "restrictions": {
      "read": false,
      "edit": false,
      "remove": false,
      "drag": false,
      "dropOn": false
     },
     "childrenIds": [
      "ct-64aade9e9d7b73029042d0399640f549",
      "cd-64aade9e9d7b73029042d0399640f549"
     ],
     "backgroundColor": "",
     "align": "AlignLeft",
     "verticalAlign": "VerticalAlignTop",
     "layout": {
      "style": "Row"
     }
    },
    {
     "id": "65ea15b6e9223c50a7125a8e",
     "fields": null,
     "restrictions": {
      "read": false,
      "edit": false,
      "remove": false,
      "drag": false,
      "dropOn": false
     },
     "childrenIds": [
     ],
     "backgroundColor": "ice",
     "align": "AlignLeft",
     "verticalAlign": "VerticalAlignTop",
     "text": {
      "text": "Pinned Workouts:",
      "style": "Header3",
      "marks": {
       "marks": [
       ]
      },
      "checked": false,
      "color": "",
      "iconEmoji": "",
      "iconImage": ""
     }
    },
    {
     "id": "65eedd04e9223c50a7125ac6",
     "fields": null,
     "restrictions": null,
     "childrenIds": [
     ],
     "backgroundColor": "",
     "align": "AlignLeft",
     "verticalAlign": "VerticalAlignTop",
     "bookmark": {
      "url": "",
      "title": "",
      "description": "",
      "imageHash": "",
      "faviconHash": "",
      "type": "Unknown",
      "targetObjectId": "",
      "state": "Empty"
     }
    },
    {
     "id": "65eedd09e9223c50a7125ac7",
     "fields": null,
     "restrictions": null,
     "childrenIds": [
     ],
     "backgroundColor": "",
     "align": "AlignLeft",
     "verticalAlign": "VerticalAlignTop",
     "bookmark": {
      "url": "",
      "title": "",
      "description": "",
      "imageHash": "",
      "faviconHash": "",
      "type": "Unknown",
      "targetObjectId": "",
      "state": "Empty"
     }
    },
    {
     "id": "65ea1766e9223c50a7125aa1",
     "fields": null,
     "restrictions": {
      "read": false,
      "edit": false,
      "remove": false,
      "drag": false,
      "dropOn": false
     },
     "childrenIds": [
     ],
     "backgroundColor": "",
     "align": "AlignLeft",
     "verticalAlign": "VerticalAlignTop",
     "text": {
      "text": "",
      "style": "Paragraph",
      "marks": {
       "marks": [
       ]
      },
      "checked": false,
      "color": "",
      "iconEmoji": "",
      "iconImage": ""
     }
    },
    {
     "id": "65eef600e9223c7f5ce39315",
     "fields": null,
     "restrictions": null,
     "childrenIds": [
     ],
     "backgroundColor": "",
     "align": "AlignLeft",
     "verticalAlign": "VerticalAlignTop",
     "text": {
      "text": "",
      "style": "Paragraph",
      "marks": {
       "marks": [
       ]
      },
      "checked": false,
      "color": "",
      "iconEmoji": "",
      "iconImage": ""
     }
    },
    {
     "id": "65eedf3be9223c50a7125b09",
     "fields": null,
     "restrictions": {
      "read": false,
      "edit": false,
      "remove": false,
      "drag": false,
      "dropOn": false
     },
     "childrenIds": [
     ],
     "backgroundColor": "ice",
     "align": "AlignLeft",
     "verticalAlign": "VerticalAlignTop",
     "text": {
      "text": "Weekly Meal Plan:",
      "style": "Header3",
      "marks": {
       "marks": [
       ]
      },
      "checked": false,
      "color": "",
      "iconEmoji": "",
      "iconImage": ""
     }
    },
    {
     "id": "65eef606e9223c7f5ce39317",
     "fields": null,
     "restrictions": null,
     "childrenIds": [
      "65eef606e9223c7f5ce3931b",
      "65eef606e9223c7f5ce3931f"
     ],
     "backgroundColor": "",
     "align": "AlignLeft",
     "verticalAlign": "VerticalAlignTop",
     "table": {

     }
    },
    {
     "id": "65eef602e9223c7f5ce39316",
     "fields": null,
     "restrictions": null,
     "childrenIds": [
     ],
     "backgroundColor": "",
     "align": "AlignLeft",
     "verticalAlign": "VerticalAlignTop",
     "text": {
      "text": "",
      "style": "Paragraph",
      "marks": {
       "marks": [
       ]
      },
      "checked": false,
      "color": "",
      "iconEmoji": "",
      "iconImage": ""
     }
    },
    {
     "id": "65eedceae9223c50a7125ac2",
     "fields": null,
     "restrictions": {
      "read": false,
      "edit": false,
      "remove": false,
      "drag": false,
      "dropOn": false
     },
     "childrenIds": [
     ],
     "backgroundColor": "",
     "align": "AlignLeft",
     "verticalAlign": "VerticalAlignTop",
     "div": {
      "style": "Line"
     }
    },
    {
     "id": "65eedc79e9223c50a7125abe",
     "fields": null,
     "restrictions": {
      "read": false,
      "edit": false,
      "remove": false,
      "drag": false,
      "dropOn": false
     },
     "childrenIds": [
     ],
     "backgroundColor": "grey",
     "align": "AlignLeft",
     "verticalAlign": "VerticalAlignTop",
     "file": {
      "hash": "bafybeiglq7xsryblgi7m46er7ij6x7yg56uhxy77bwlu53l6gvueseomti",
      "name": "Screenshot 2024-03-11 at 10.26.59.png",
      "type": "Image",
      "mime": "image/png",
      "size": "665924",
      "addedAt": "1710152825",
      "targetObjectId": "bafyreibly7tdtgkobihpnplp76apio5jjtfnhhjyz4mw6vxfnlitcxi5h4",
      "state": "Done",
      "style": "Auto"
     }
    },
    {
     "id": "65eedcf2e9223c50a7125ac3",
     "fields": null,
     "restrictions": null,
     "childrenIds": [
     ],
     "backgroundColor": "",
     "align": "AlignLeft",
     "verticalAlign": "VerticalAlignTop",
     "div": {
      "style": "Line"
     }
    },
    {
     "id": "65eedc9ae9223c50a7125ac0",
     "fields": null,
     "restrictions": {
      "read": false,
      "edit": false,
      "remove": false,
      "drag": false,
      "dropOn": false
     },
     "childrenIds": [
     ],
     "backgroundColor": "",
     "align": "AlignLeft",
     "verticalAlign": "VerticalAlignTop",
     "text": {
      "text": "You can download Habit Tracker Experience here!",
      "style": "Callout",
      "marks": {
       "marks": [
        {
         "range": {
          "from": 42,
          "to": 47
         },
         "type": "Link",
         "param": "https://gallery.any.coop/?experience=habit_tracker"
        }
       ]
      },
      "checked": false,
      "color": "",
      "iconEmoji": "",
      "iconImage": ""
     }
    },
    {
     "id": "title",
     "fields": {
       "_detailsKey": [
          "name",
          "done"
         ]
      },
     "restrictions": {
      "read": false,
      "edit": false,
      "remove": true,
      "drag": true,
      "dropOn": true
     },
     "childrenIds": [
     ],
     "backgroundColor": "",
     "align": "AlignLeft",
     "verticalAlign": "VerticalAlignTop",
     "text": {
      "text": "",
      "style": "Title",
      "marks": {
       "marks": [
       ]
      },
      "checked": false,
      "color": "",
      "iconEmoji": "",
      "iconImage": ""
     }
    },
    {
     "id": "description",
     "fields": {
       "_detailsKey": "description"
      },
     "restrictions": {
      "read": false,
      "edit": false,
      "remove": true,
      "drag": true,
      "dropOn": true
     },
     "childrenIds": [
     ],
     "backgroundColor": "",
     "align": "AlignLeft",
     "verticalAlign": "VerticalAlignTop",
     "text": {
      "text": "",
      "style": "Description",
      "marks": {
       "marks": [
       ]
      },
      "checked": false,
      "color": "",
      "iconEmoji": "",
      "iconImage": ""
     }
    },
    {
     "id": "featuredRelations",
     "fields": null,
     "restrictions": {
      "read": false,
      "edit": false,
      "remove": true,
      "drag": true,
      "dropOn": true
     },
     "childrenIds": [
     ],
     "backgroundColor": "",
     "align": "AlignLeft",
     "verticalAlign": "VerticalAlignTop",
     "featuredRelations": {

     }
    },
    {
     "id": "ct-e0ffd9446519e019a4219f6315593b31",
     "fields": {
       "width": 0.5
      },
     "restrictions": {
      "read": false,
      "edit": false,
      "remove": false,
      "drag": false,
      "dropOn": false
     },
     "childrenIds": [
      "65ea14cce9223c50a7125a7d",
      "65eedd14e9223c50a7125ac8",
      "65eedee6e9223c50a7125b06",
      "65eedee6e9223c50a7125b07",
      "65eedd24e9223c50a7125aca",
      "65eede97e9223c50a7125b02"
     ],
     "backgroundColor": "",
     "align": "AlignLeft",
     "verticalAlign": "VerticalAlignTop",
     "layout": {
      "style": "Column"
     }
    },
    {
     "id": "cd-e0ffd9446519e019a4219f6315593b31",
     "fields": {
       "width": 0.5
      },
     "restrictions": {
      "read": false,
      "edit": false,
      "remove": false,
      "drag": false,
      "dropOn": false
     },
     "childrenIds": [
      "65eedd39e9223c50a7125acd",
      "65eedd51e9223c50a7125ad4",
      "65eedd51e9223c50a7125ad5",
      "65eedd51e9223c50a7125ad6",
      "65eedd51e9223c50a7125ad7",
      "65eedd51e9223c50a7125ad1"
     ],
     "backgroundColor": "",
     "align": "AlignLeft",
     "verticalAlign": "VerticalAlignTop",
     "layout": {
      "style": "Column"
     }
    },
    {
     "id": "ct-64aade9e9d7b73029042d0399640f549",
     "fields": null,
     "restrictions": {
      "read": false,
      "edit": false,
      "remove": false,
      "drag": false,
      "dropOn": false
     },
     "childrenIds": [
      "65eedd65e9223c50a7125ade",
      "65eef796e9223c7f5ce39332",
      "65eef796e9223c7f5ce39333",
      "65eedd65e9223c50a7125ae0",
      "65eedd65e9223c50a7125ae1",
      "65eedd65e9223c50a7125ae2"
     ],
     "backgroundColor": "",
     "align": "AlignLeft",
     "verticalAlign": "VerticalAlignTop",
     "layout": {
      "style": "Column"
     }
    },
    {
     "id": "cd-64aade9e9d7b73029042d0399640f549",
     "fields": null,
     "restrictions": null,
     "childrenIds": [
      "65eedd7ae9223c50a7125ae8",
      "65eedd7ae9223c50a7125ae9",
      "65eedd7ae9223c50a7125aea",
      "65eedd7ae9223c50a7125aeb",
      "65eedd7ae9223c50a7125aec",
      "65eedd7ae9223c50a7125ae5"
     ],
     "backgroundColor": "",
     "align": "AlignLeft",
     "verticalAlign": "VerticalAlignTop",
     "layout": {
      "style": "Column"
     }
    },
    {
     "id": "65eef606e9223c7f5ce3931b",
     "fields": null,
     "restrictions": null,
     "childrenIds": [
      "65eef606e9223c7f5ce39318",
      "65eef606e9223c7f5ce39319",
      "65eef606e9223c7f5ce3931a",
      "65eef619e9223c7f5ce39320",
      "65eef61fe9223c7f5ce39321"
     ],
     "backgroundColor": "",
     "align": "AlignLeft",
     "verticalAlign": "VerticalAlignTop",
     "layout": {
      "style": "TableColumns"
     }
    },
    {
     "id": "65eef606e9223c7f5ce3931f",
     "fields": null,
     "restrictions": null,
     "childrenIds": [
      "65eef606e9223c7f5ce3931c",
      "65eef606e9223c7f5ce3931d",
      "65eef606e9223c7f5ce3931e",
      "65eef654e9223c7f5ce39325"
     ],
     "backgroundColor": "",
     "align": "AlignLeft",
     "verticalAlign": "VerticalAlignTop",
     "layout": {
      "style": "TableRows"
     }
    },
    {
     "id": "65ea14cce9223c50a7125a7d",
     "fields": null,
     "restrictions": {
      "read": false,
      "edit": false,
      "remove": false,
      "drag": false,
      "dropOn": false
     },
     "childrenIds": [
     ],
     "backgroundColor": "grey",
     "align": "AlignLeft",
     "verticalAlign": "VerticalAlignTop",
     "text": {
      "text": "Nutrition",
      "style": "Paragraph",
      "marks": {
       "marks": [
        {
         "range": {
          "from": 0,
          "to": 9
         },
         "type": "Bold",
         "param": ""
        }
       ]
      },
      "checked": false,
      "color": "",
      "iconEmoji": "",
      "iconImage": ""
     }
    },
    {
     "id": "65eedd14e9223c50a7125ac8",
     "fields": null,
     "restrictions": {
      "read": false,
      "edit": false,
      "remove": false,
      "drag": false,
      "dropOn": false
     },
     "childrenIds": [
     ],
     "backgroundColor": "",
     "align": "AlignLeft",
     "verticalAlign": "VerticalAlignTop",
     "text": {
      "text": "No Sugar",
      "style": "Checkbox",
      "marks": {
       "marks": [
       ]
      },
      "checked": false,
      "color": "",
      "iconEmoji": "",
      "iconImage": ""
     }
    },
    {
     "id": "65eedee6e9223c50a7125b06",
     "fields": null,
     "restrictions": {
      "read": false,
      "edit": false,
      "remove": false,
      "drag": false,
      "dropOn": false
     },
     "childrenIds": [
     ],
     "backgroundColor": "",
     "align": "AlignLeft",
     "verticalAlign": "VerticalAlignTop",
     "text": {
      "text": "Eat more green vegetables ",
      "style": "Checkbox",
      "marks": {
       "marks": [
       ]
      },
      "checked": false,
      "color": "",
      "iconEmoji": "",
      "iconImage": ""
     }
    },
    {
     "id": "65eedee6e9223c50a7125b07",
     "fields": null,
     "restrictions": null,
     "childrenIds": [
     ],
     "backgroundColor": "",
     "align": "AlignLeft",
     "verticalAlign": "VerticalAlignTop",
     "text": {
      "text": "",
      "style": "Checkbox",
      "marks": {
       "marks": [
       ]
      },
      "checked": false,
      "color": "",
      "iconEmoji": "",
      "iconImage": ""
     }
    },
    {
     "id": "65eedd24e9223c50a7125aca",
     "fields": null,
     "restrictions": {
      "read": false,
      "edit": false,
      "remove": false,
      "drag": false,
      "dropOn": false
     },
     "childrenIds": [
     ],
     "backgroundColor": "",
     "align": "AlignLeft",
     "verticalAlign": "VerticalAlignTop",
     "text": {
      "text": "",
      "style": "Checkbox",
      "marks": {
       "marks": [
       ]
      },
      "checked": false,
      "color": "",
      "iconEmoji": "",
      "iconImage": ""
     }
    },
    {
     "id": "65eede97e9223c50a7125b02",
     "fields": null,
     "restrictions": {
      "read": false,
      "edit": false,
      "remove": false,
      "drag": false,
      "dropOn": false
     },
     "childrenIds": [
     ],
     "backgroundColor": "",
     "align": "AlignLeft",
     "verticalAlign": "VerticalAlignTop",
     "text": {
      "text": "",
      "style": "Paragraph",
      "marks": {
       "marks": [
       ]
      },
      "checked": false,
      "color": "",
      "iconEmoji": "",
      "iconImage": ""
     }
    },
    {
     "id": "65eedd39e9223c50a7125acd",
     "fields": null,
     "restrictions": {
      "read": false,
      "edit": false,
      "remove": false,
      "drag": false,
      "dropOn": false
     },
     "childrenIds": [
     ],
     "backgroundColor": "grey",
     "align": "AlignLeft",
     "verticalAlign": "VerticalAlignTop",
     "text": {
      "text": "Sport ",
      "style": "Paragraph",
      "marks": {
       "marks": [
        {
         "range": {
          "from": 0,
          "to": 6
         },
         "type": "Bold",
         "param": ""
        }
       ]
      },
      "checked": false,
      "color": "",
      "iconEmoji": "",
      "iconImage": ""
     }
    },
    {
     "id": "65eedd51e9223c50a7125ad4",
     "fields": {
      },
     "restrictions": {
      "read": false,
      "edit": false,
      "remove": false,
      "drag": false,
      "dropOn": false
     },
     "childrenIds": [
     ],
     "backgroundColor": "",
     "align": "AlignLeft",
     "verticalAlign": "VerticalAlignTop",
     "text": {
      "text": "Do aerial silks 2 days a week",
      "style": "Checkbox",
      "marks": {
       "marks": [
       ]
      },
      "checked": false,
      "color": "",
      "iconEmoji": "",
      "iconImage": ""
     }
    },
    {
     "id": "65eedd51e9223c50a7125ad5",
     "fields": {
      },
     "restrictions": null,
     "childrenIds": [
     ],
     "backgroundColor": "",
     "align": "AlignLeft",
     "verticalAlign": "VerticalAlignTop",
     "text": {
      "text": "",
      "style": "Checkbox",
      "marks": {
       "marks": [
       ]
      },
      "checked": false,
      "color": "",
      "iconEmoji": "",
      "iconImage": ""
     }
    },
    {
     "id": "65eedd51e9223c50a7125ad6",
     "fields": {
      },
     "restrictions": null,
     "childrenIds": [
     ],
     "backgroundColor": "",
     "align": "AlignLeft",
     "verticalAlign": "VerticalAlignTop",
     "text": {
      "text": "",
      "style": "Checkbox",
      "marks": {
       "marks": [
       ]
      },
      "checked": false,
      "color": "",
      "iconEmoji": "",
      "iconImage": ""
     }
    },
    {
     "id": "65eedd51e9223c50a7125ad7",
     "fields": {
      },
     "restrictions": {
      "read": false,
      "edit": false,
      "remove": false,
      "drag": false,
      "dropOn": false
     },
     "childrenIds": [
     ],
     "backgroundColor": "",
     "align": "AlignLeft",
     "verticalAlign": "VerticalAlignTop",
     "text": {
      "text": "",
      "style": "Checkbox",
      "marks": {
       "marks": [
       ]
      },
      "checked": false,
      "color": "",
      "iconEmoji": "",
      "iconImage": ""
     }
    },
    {
     "id": "65eedd51e9223c50a7125ad1",
     "fields": {
      },
     "restrictions": {
      "read": false,
      "edit": false,
      "remove": false,
      "drag": false,
      "dropOn": false
     },
     "childrenIds": [
     ],
     "backgroundColor": "",
     "align": "AlignLeft",
     "verticalAlign": "VerticalAlignTop",
     "text": {
      "text": "",
      "style": "Paragraph",
      "marks": {
       "marks": [
       ]
      },
      "checked": false,
      "color": "",
      "iconEmoji": "",
      "iconImage": ""
     }
    },
    {
     "id": "65eedd65e9223c50a7125ade",
     "fields": {
      },
     "restrictions": {
      "read": false,
      "edit": false,
      "remove": false,
      "drag": false,
      "dropOn": false
     },
     "childrenIds": [
     ],
     "backgroundColor": "grey",
     "align": "AlignLeft",
     "verticalAlign": "VerticalAlignTop",
     "text": {
      "text": "Drinks",
      "style": "Paragraph",
      "marks": {
       "marks": [
        {
         "range": {
          "from": 0,
          "to": 6
         },
         "type": "Bold",
         "param": ""
        }
       ]
      },
      "checked": false,
      "color": "",
      "iconEmoji": "",
      "iconImage": ""
     }
    },
    {
     "id": "65eef796e9223c7f5ce39332",
     "fields": {
      },
     "restrictions": null,
     "childrenIds": [
     ],
     "backgroundColor": "",
     "align": "AlignLeft",
     "verticalAlign": "VerticalAlignTop",
     "text": {
      "text": "Drink tea instead of coffee ",
      "style": "Checkbox",
      "marks": {
       "marks": [
       ]
      },
      "checked": false,
      "color": "",
      "iconEmoji": "",
      "iconImage": ""
     }
    },
    {
     "id": "65eef796e9223c7f5ce39333",
     "fields": {
      },
     "restrictions": null,
     "childrenIds": [
     ],
     "backgroundColor": "",
     "align": "AlignLeft",
     "verticalAlign": "VerticalAlignTop",
     "text": {
      "text": "Drink \u003e 1L of water a day",
      "style": "Checkbox",
      "marks": {
       "marks": [
       ]
      },
      "checked": false,
      "color": "",
      "iconEmoji": "",
      "iconImage": ""
     }
    },
    {
     "id": "65eedd65e9223c50a7125ae0",
     "fields": {
      },
     "restrictions": null,
     "childrenIds": [
     ],
     "backgroundColor": "",
     "align": "AlignLeft",
     "verticalAlign": "VerticalAlignTop",
     "text": {
      "text": "",
      "style": "Checkbox",
      "marks": {
       "marks": [
       ]
      },
      "checked": false,
      "color": "",
      "iconEmoji": "",
      "iconImage": ""
     }
    },
    {
     "id": "65eedd65e9223c50a7125ae1",
     "fields": {
      },
     "restrictions": null,
     "childrenIds": [
     ],
     "backgroundColor": "",
     "align": "AlignLeft",
     "verticalAlign": "VerticalAlignTop",
     "text": {
      "text": "",
      "style": "Checkbox",
      "marks": {
       "marks": [
       ]
      },
      "checked": false,
      "color": "",
      "iconEmoji": "",
      "iconImage": ""
     }
    },
    {
     "id": "65eedd65e9223c50a7125ae2",
     "fields": {
      },
     "restrictions": {
      "read": false,
      "edit": false,
      "remove": false,
      "drag": false,
      "dropOn": false
     },
     "childrenIds": [
     ],
     "backgroundColor": "",
     "align": "AlignLeft",
     "verticalAlign": "VerticalAlignTop",
     "text": {
      "text": "",
      "style": "Paragraph",
      "marks": {
       "marks": [
       ]
      },
      "checked": false,
      "color": "",
      "iconEmoji": "",
      "iconImage": ""
     }
    },
    {
     "id": "65eedd7ae9223c50a7125ae8",
     "fields": {
      },
     "restrictions": {
      "read": false,
      "edit": false,
      "remove": false,
      "drag": false,
      "dropOn": false
     },
     "childrenIds": [
     ],
     "backgroundColor": "grey",
     "align": "AlignLeft",
     "verticalAlign": "VerticalAlignTop",
     "text": {
      "text": "Mind ",
      "style": "Paragraph",
      "marks": {
       "marks": [
        {
         "range": {
          "from": 0,
          "to": 5
         },
         "type": "Bold",
         "param": ""
        }
       ]
      },
      "checked": false,
      "color": "",
      "iconEmoji": "",
      "iconImage": ""
     }
    },
    {
     "id": "65eedd7ae9223c50a7125ae9",
     "fields": {
      },
     "restrictions": null,
     "childrenIds": [
     ],
     "backgroundColor": "",
     "align": "AlignLeft",
     "verticalAlign": "VerticalAlignTop",
     "text": {
      "text": "Take a walk every evening",
      "style": "Checkbox",
      "marks": {
       "marks": [
       ]
      },
      "checked": false,
      "color": "",
      "iconEmoji": "",
      "iconImage": ""
     }
    },
    {
     "id": "65eedd7ae9223c50a7125aea",
     "fields": {
      },
     "restrictions": null,
     "childrenIds": [
     ],
     "backgroundColor": "",
     "align": "AlignLeft",
     "verticalAlign": "VerticalAlignTop",
     "text": {
      "text": "Improve concentration ",
      "style": "Checkbox",
      "marks": {
       "marks": [
       ]
      },
      "checked": false,
      "color": "",
      "iconEmoji": "",
      "iconImage": ""
     }
    },
    {
     "id": "65eedd7ae9223c50a7125aeb",
     "fields": {
      },
     "restrictions": null,
     "childrenIds": [
     ],
     "backgroundColor": "",
     "align": "AlignLeft",
     "verticalAlign": "VerticalAlignTop",
     "text": {
      "text": "",
      "style": "Checkbox",
      "marks": {
       "marks": [
       ]
      },
      "checked": false,
      "color": "",
      "iconEmoji": "",
      "iconImage": ""
     }
    },
    {
     "id": "65eedd7ae9223c50a7125aec",
     "fields": {
      },
     "restrictions": null,
     "childrenIds": [
     ],
     "backgroundColor": "",
     "align": "AlignLeft",
     "verticalAlign": "VerticalAlignTop",
     "text": {
      "text": "",
      "style": "Checkbox",
      "marks": {
       "marks": [
       ]
      },
      "checked": false,
      "color": "",
      "iconEmoji": "",
      "iconImage": ""
     }
    },
    {
     "id": "65eedd7ae9223c50a7125ae5",
     "fields": {
      },
     "restrictions": {
      "read": false,
      "edit": false,
      "remove": false,
      "drag": false,
      "dropOn": false
     },
     "childrenIds": [
     ],
     "backgroundColor": "",
     "align": "AlignLeft",
     "verticalAlign": "VerticalAlignTop",
     "text": {
      "text": "",
      "style": "Paragraph",
      "marks": {
       "marks": [
       ]
      },
      "checked": false,
      "color": "",
      "iconEmoji": "",
      "iconImage": ""
     }
    },
    {
     "id": "65eef606e9223c7f5ce39318",
     "fields": null,
     "restrictions": null,
     "childrenIds": [
     ],
     "backgroundColor": "",
     "align": "AlignLeft",
     "verticalAlign": "VerticalAlignTop",
     "tableColumn": {

     }
    },
    {
     "id": "65eef606e9223c7f5ce39319",
     "fields": null,
     "restrictions": null,
     "childrenIds": [
     ],
     "backgroundColor": "",
     "align": "AlignLeft",
     "verticalAlign": "VerticalAlignTop",
     "tableColumn": {

     }
    },
    {
     "id": "65eef606e9223c7f5ce3931a",
     "fields": null,
     "restrictions": null,
     "childrenIds": [
     ],
     "backgroundColor": "",
     "align": "AlignLeft",
     "verticalAlign": "VerticalAlignTop",
     "tableColumn": {

     }
    },
    {
     "id": "65eef619e9223c7f5ce39320",
     "fields": null,
     "restrictions": null,
     "childrenIds": [
     ],
     "backgroundColor": "",
     "align": "AlignLeft",
     "verticalAlign": "VerticalAlignTop",
     "tableColumn": {

     }
    },
    {
     "id": "65eef61fe9223c7f5ce39321",
     "fields": null,
     "restrictions": null,
     "childrenIds": [
     ],
     "backgroundColor": "",
     "align": "AlignLeft",
     "verticalAlign": "VerticalAlignTop",
     "tableColumn": {

     }
    },
    {
     "id": "65eef606e9223c7f5ce3931c",
     "fields": null,
     "restrictions": null,
     "childrenIds": [
      "65eef606e9223c7f5ce3931c-65eef606e9223c7f5ce39318",
      "65eef606e9223c7f5ce3931c-65eef606e9223c7f5ce39319",
      "65eef606e9223c7f5ce3931c-65eef606e9223c7f5ce3931a",
      "65eef606e9223c7f5ce3931c-65eef619e9223c7f5ce39320",
      "65eef606e9223c7f5ce3931c-65eef61fe9223c7f5ce39321"
     ],
     "backgroundColor": "",
     "align": "AlignLeft",
     "verticalAlign": "VerticalAlignTop",
     "tableRow": {
      "isHeader": false
     }
    },
    {
     "id": "65eef606e9223c7f5ce3931d",
     "fields": null,
     "restrictions": null,
     "childrenIds": [
     ],
     "backgroundColor": "",
     "align": "AlignLeft",
     "verticalAlign": "VerticalAlignTop",
     "tableRow": {
      "isHeader": false
     }
    },
    {
     "id": "65eef606e9223c7f5ce3931e",
     "fields": null,
     "restrictions": null,
     "childrenIds": [
     ],
     "backgroundColor": "",
     "align": "AlignLeft",
     "verticalAlign": "VerticalAlignTop",
     "tableRow": {
      "isHeader": false
     }
    },
    {
     "id": "65eef654e9223c7f5ce39325",
     "fields": null,
     "restrictions": null,
     "childrenIds": [
     ],
     "backgroundColor": "",
     "align": "AlignLeft",
     "verticalAlign": "VerticalAlignTop",
     "tableRow": {
      "isHeader": false
     }
    },
    {
     "id": "65eef606e9223c7f5ce3931c-65eef606e9223c7f5ce39318",
     "fields": null,
     "restrictions": null,
     "childrenIds": [
     ],
     "backgroundColor": "",
     "align": "AlignLeft",
     "verticalAlign": "VerticalAlignTop",
     "text": {
      "text": "Monday",
      "style": "Paragraph",
      "marks": {
       "marks": [
        {
         "range": {
          "from": 0,
          "to": 6
         },
         "type": "Bold",
         "param": ""
        }
       ]
      },
      "checked": false,
      "color": "ice",
      "iconEmoji": "",
      "iconImage": ""
     }
    },
    {
     "id": "65eef606e9223c7f5ce3931c-65eef606e9223c7f5ce39319",
     "fields": null,
     "restrictions": null,
     "childrenIds": [
     ],
     "backgroundColor": "",
     "align": "AlignLeft",
     "verticalAlign": "VerticalAlignTop",
     "text": {
      "text": "Tuesday",
      "style": "Paragraph",
      "marks": {
       "marks": [
        {
         "range": {
          "from": 0,
          "to": 7
         },
         "type": "Bold",
         "param": ""
        }
       ]
      },
      "checked": false,
      "color": "ice",
      "iconEmoji": "",
      "iconImage": ""
     }
    },
    {
     "id": "65eef606e9223c7f5ce3931c-65eef606e9223c7f5ce3931a",
     "fields": null,
     "restrictions": null,
     "childrenIds": [
     ],
     "backgroundColor": "",
     "align": "AlignLeft",
     "verticalAlign": "VerticalAlignTop",
     "text": {
      "text": "Wednesday",
      "style": "Paragraph",
      "marks": {
       "marks": [
        {
         "range": {
          "from": 0,
          "to": 9
         },
         "type": "Bold",
         "param": ""
        }
       ]
      },
      "checked": false,
      "color": "ice",
      "iconEmoji": "",
      "iconImage": ""
     }
    },
    {
     "id": "65eef606e9223c7f5ce3931c-65eef619e9223c7f5ce39320",
     "fields": null,
     "restrictions": null,
     "childrenIds": [
     ],
     "backgroundColor": "",
     "align": "AlignLeft",
     "verticalAlign": "VerticalAlignTop",
     "text": {
      "text": "Thursday",
      "style": "Paragraph",
      "marks": {
       "marks": [
        {
         "range": {
          "from": 0,
          "to": 8
         },
         "type": "Bold",
         "param": ""
        }
       ]
      },
      "checked": false,
      "color": "ice",
      "iconEmoji": "",
      "iconImage": ""
     }
    },
    {
     "id": "65eef606e9223c7f5ce3931c-65eef61fe9223c7f5ce39321",
     "fields": null,
     "restrictions": null,
     "childrenIds": [
     ],
     "backgroundColor": "",
     "align": "AlignLeft",
     "verticalAlign": "VerticalAlignTop",
     "text": {
      "text": "Friday",
      "style": "Paragraph",
      "marks": {
       "marks": [
        {
         "range": {
          "from": 0,
          "to": 6
         },
         "type": "Bold",
         "param": ""
        }
       ]
      },
      "checked": false,
      "color": "ice",
      "iconEmoji": "",
      "iconImage": ""
     }
    }
   ],
   "details": {
     "addedDate": 1710157321,
     "backlinks": [
        "bafyreigoodenoe4euhxcxu4nftcjfx6qqi3qiumkex4b67xk7jo262sglm"
       ],
     "coverId": "bafyreicauzieq27jlp3gjquy45vujmjne6ot6epvn2hcibtfkcvt65ekee",
     "coverScale": 0,
     "coverType": 5,
     "coverX": 0,
     "coverY": -0.25,
     "createdDate": 1709839525,
     "creator": "_id_A7TZnHQAgJ4q9TxMgiUumKgt1isSQGrC1dPFbYi7aTNZGshg",
     "description": "To track the progress of your healthy habits",
     "featuredRelations": [
        "type",
        "backlinks",
        "description"
       ],
     "iconEmoji": "🤸",
     "iconImage": "",
     "id": "bafyreidim2umpmeqdd6arxdo6owars3du6gmhe243ate5drt7upyduzb6u",
     "lastModifiedBy": "_participant_bafyreibqh26gokznvte5mozay5c6mwbu2hn2msn2355u5bqyk5r5otsvxm_2j6gov4xlypyb_A7TZnHQAgJ4q9TxMgiUumKgt1isSQGrC1dPFbYi7aTNZGshg",
     "lastModifiedDate": 1710160115,
     "lastOpenedDate": 1710160446,
     "layout": 0,
     "links": [
       ],
     "name": "Experimental Me",
     "oldAnytypeID": "bafyreietp7y5syf66mcqfaezqneieclzgykuszsldg4cfk3c4r3c5rqofm",
     "origin": 3,
     "restrictions": [
       ],
     "snippet": "My goals for this month:\nNutrition\nNo Sugar\nEat more green vegetables",
     "sourceFilePath": "json:/Users/dariia/Downloads/Homepages.zip/bafyreietp7y5syf66mcqfaezqneieclzgykuszsldg4cfk3c4r3c5rqofm.pb.json",
     "spaceId": "bafyreibqh26gokznvte5mozay5c6mwbu2hn2msn2355u5bqyk5r5otsvxm.2j6gov4xlypyb",
     "type": "bafyreifguqi5izgsv7wqksyz5qyxf4ai2gma6chc3ph2gdy4zcomw4eeb4"
    },
   "fileKeys": null,
   "extraRelations": [
   ],
   "objectTypes": [
    "ot-page"
   ],
   "collections": null,
   "removedCollectionKeys": [
   ],
   "relationLinks": [
    {
     "key": "id",
     "format": "object"
    },
    {
     "key": "name",
     "format": "shorttext"
    },
    {
     "key": "description",
     "format": "longtext"
    },
    {
     "key": "snippet",
     "format": "longtext"
    },
    {
     "key": "iconEmoji",
     "format": "emoji"
    },
    {
     "key": "iconImage",
     "format": "file"
    },
    {
     "key": "type",
     "format": "object"
    },
    {
     "key": "layout",
     "format": "number"
    },
    {
     "key": "layoutAlign",
     "format": "number"
    },
    {
     "key": "coverId",
     "format": "longtext"
    },
    {
     "key": "coverScale",
     "format": "number"
    },
    {
     "key": "coverType",
     "format": "number"
    },
    {
     "key": "coverX",
     "format": "number"
    },
    {
     "key": "coverY",
     "format": "number"
    },
    {
     "key": "createdDate",
     "format": "date"
    },
    {
     "key": "creator",
     "format": "object"
    },
    {
     "key": "lastModifiedDate",
     "format": "date"
    },
    {
     "key": "lastModifiedBy",
     "format": "object"
    },
    {
     "key": "lastOpenedDate",
     "format": "date"
    },
    {
     "key": "featuredRelations",
     "format": "object"
    },
    {
     "key": "isFavorite",
     "format": "checkbox"
    },
    {
     "key": "workspaceId",
     "format": "object"
    },
    {
     "key": "spaceId",
     "format": "object"
    },
    {
     "key": "links",
     "format": "object"
    },
    {
     "key": "internalFlags",
     "format": "number"
    },
    {
     "key": "restrictions",
     "format": "number"
    },
    {
     "key": "backlinks",
     "format": "object"
    },
    {
     "key": "sourceFilePath",
     "format": "longtext"
    },
    {
     "key": "origin",
     "format": "number"
    },
    {
     "key": "oldAnytypeID",
     "format": "longtext"
    },
    {
     "key": "addedDate",
     "format": "date"
    }
   ],
   "key": "",
   "originalCreatedTimestamp": "0",
   "fileInfo": null
  },
  "fileKeys": [
  ]
 }
}