{
 "sbType": "Page",
 "snapshot": {
  "logHeads": {
  },
  "data": {
   "blocks": [
    {
     "id": "bafyreielgvgzcemdd6v5kkebxh4hu4ylu4nz2agejytwfixpzpxgobxpzu",
     "fields": null,
     "restrictions": {
      "read": false,
      "edit": false,
      "remove": false,
      "drag": false,
      "dropOn": false
     },
     "childrenIds": [
      "header",
      "dataview"
     ],
     "backgroundColor": "",
     "align": "AlignLeft",
     "verticalAlign": "VerticalAlignTop",
     "smartblock": {

     }
    },
    {
     "id": "header",
     "fields": null,
     "restrictions": {
      "read": false,
      "edit": true,
      "remove": true,
      "drag": true,
      "dropOn": true
     },
     "childrenIds": [
      "title",
      "featuredRelations"
     ],
     "backgroundColor": "",
     "align": "AlignLeft",
     "verticalAlign": "VerticalAlignTop",
     "layout": {
      "style": "Header"
     }
    },
    {
     "id": "dataview",
     "fields": null,
     "restrictions": null,
     "childrenIds": [
     ],
     "backgroundColor": "",
     "align": "AlignLeft",
     "verticalAlign": "VerticalAlignTop",
     "dataview": {
      "source": [
      ],
      "views": [
       {
        "id": "65ea10b8e9223c50a7125a35",
        "type": "Table",
        "name": "All",
        "sorts": [
         {
          "id": "65ea10b8e9223c50a7125a36",
          "RelationKey": "lastModifiedDate",
          "type": "Desc",
          "customOrder": [
          ],
          "format": "longtext",
          "includeTime": false
         }
        ],
        "filters": [
        ],
        "relations": [
         {
          "key": "name",
          "isVisible": true,
          "width": 0,
          "dateIncludeTime": false,
          "timeFormat": "Format12",
          "dateFormat": "MonthAbbrBeforeDay"
         },
         {
          "key": "description",
          "isVisible": false,
          "width": 0,
          "dateIncludeTime": false,
          "timeFormat": "Format12",
          "dateFormat": "MonthAbbrBeforeDay"
         },
         {
          "key": "type",
          "isVisible": false,
          "width": 0,
          "dateIncludeTime": false,
          "timeFormat": "Format12",
          "dateFormat": "MonthAbbrBeforeDay"
         },
         {
          "key": "createdDate",
          "isVisible": false,
          "width": 0,
          "dateIncludeTime": false,
          "timeFormat": "Format12",
          "dateFormat": "MonthAbbrBeforeDay"
         },
         {
          "key": "lastModifiedDate",
          "isVisible": false,
          "width": 0,
          "dateIncludeTime": false,
          "timeFormat": "Format12",
          "dateFormat": "MonthAbbrBeforeDay"
         },
         {
          "key": "lastModifiedBy",
          "isVisible": false,
          "width": 0,
          "dateIncludeTime": false,
          "timeFormat": "Format12",
          "dateFormat": "MonthAbbrBeforeDay"
         },
         {
          "key": "lastOpenedDate",
          "isVisible": false,
          "width": 0,
          "dateIncludeTime": false,
          "timeFormat": "Format12",
          "dateFormat": "MonthAbbrBeforeDay"
         },
         {
          "key": "links",
          "isVisible": false,
          "width": 0,
          "dateIncludeTime": false,
          "timeFormat": "Format12",
          "dateFormat": "MonthAbbrBeforeDay"
         },
         {
          "key": "tag",
          "isVisible": false,
          "width": 0,
          "dateIncludeTime": false,
          "timeFormat": "Format12",
          "dateFormat": "MonthAbbrBeforeDay"
         }
        ],
        "coverRelationKey": "",
        "hideIcon": false,
        "cardSize": "Small",
        "coverFit": false,
        "groupRelationKey": "",
        "groupBackgroundColors": false,
        "pageLimit": 0,
        "defaultTemplateId": "",
        "defaultObjectTypeId": ""
       }
      ],
      "relations": [
      ],
      "activeView": "",
      "groupOrders": [
      ],
      "objectOrders": [
      ],
      "relationLinks": [
       {
        "key": "name",
        "format": "shorttext"
       },
       {
        "key": "description",
        "format": "longtext"
       },
       {
        "key": "type",
        "format": "object"
       },
       {
        "key": "createdDate",
        "format": "date"
       },
       {
        "key": "lastModifiedDate",
        "format": "date"
       },
       {
        "key": "lastModifiedBy",
        "format": "object"
       },
       {
        "key": "lastOpenedDate",
        "format": "date"
       },
       {
        "key": "links",
        "format": "object"
       },
       {
        "key": "tag",
        "format": "tag"
       }
      ],
      "TargetObjectId": "",
      "isCollection": false
     }
    },
    {
     "id": "title",
     "fields": {
       "_detailsKey": [
          "name",
          "done"
         ]
      },
     "restrictions": {
      "read": false,
      "edit": false,
      "remove": true,
      "drag": true,
      "dropOn": true
     },
     "childrenIds": [
     ],
     "backgroundColor": "",
     "align": "AlignLeft",
     "verticalAlign": "VerticalAlignTop",
     "text": {
      "text": "",
      "style": "Title",
      "marks": {
       "marks": [
       ]
      },
      "checked": false,
      "color": "",
      "iconEmoji": "",
      "iconImage": ""
     }
    },
    {
     "id": "featuredRelations",
     "fields": null,
     "restrictions": {
      "read": false,
      "edit": false,
      "remove": true,
      "drag": true,
      "dropOn": true
     },
     "childrenIds": [
     ],
     "backgroundColor": "",
     "align": "AlignLeft",
     "verticalAlign": "VerticalAlignTop",
     "featuredRelations": {

     }
    }
   ],
   "details": {
     "addedDate": 1710157318,
     "backlinks": [
        "bafyreifh3zkyfjxaposxg3iyrxas7chqpy5nmiqrq7s2edzkufy2tkbgce",
        "bafyreignkxpc3cl4anamrobzt22zojp7yyjwyjnaljcrghm2igjaulsszq"
       ],
     "createdDate": 1709838520,
     "creator": "_id_A7TZnHQAgJ4q9TxMgiUumKgt1isSQGrC1dPFbYi7aTNZGshg",
     "featuredRelations": [
        "type",
        "setOf",
        "backlinks"
       ],
     "iconEmoji": "📮",
     "iconImage": "",
     "id": "bafyreielgvgzcemdd6v5kkebxh4hu4ylu4nz2agejytwfixpzpxgobxpzu",
     "lastModifiedBy": "_id_A7TZnHQAgJ4q9TxMgiUumKgt1isSQGrC1dPFbYi7aTNZGshg",
     "lastModifiedDate": 1709838570,
     "lastOpenedDate": 1710160460,
     "layout": 3,
     "links": [
       ],
     "name": "Task Tracker",
     "oldAnytypeID": "bafyreicsxaxo35kmh7yi5fpn3ovug54s3wbq7h4uv4xwezidgeonzzwgma",
     "origin": 3,
     "restrictions": [
       ],
     "setOf": [
        "bafyreifcxrfy4ydahfj5gzlvxaobwmtojlnuixismntfxzpulbzdq2y4pu"
       ],
     "snippet": "",
     "sourceFilePath": "json:/Users/dariia/Downloads/Homepages.zip/bafyreicsxaxo35kmh7yi5fpn3ovug54s3wbq7h4uv4xwezidgeonzzwgma.pb.json",
     "spaceId": "bafyreibqh26gokznvte5mozay5c6mwbu2hn2msn2355u5bqyk5r5otsvxm.2j6gov4xlypyb",
     "type": "bafyreifzxdq3sqmtgqtzy2bpfnxcjelx45shknybrteeitpz5nc7iffgbu"
    },
   "fileKeys": null,
   "extraRelations": [
   ],
   "objectTypes": [
    "ot-set"
   ],
   "collections": null,
   "removedCollectionKeys": [
   ],
   "relationLinks": [
    {
     "key": "id",
     "format": "object"
    },
    {
     "key": "name",
     "format": "shorttext"
    },
    {
     "key": "description",
     "format": "longtext"
    },
    {
     "key": "snippet",
     "format": "longtext"
    },
    {
     "key": "iconEmoji",
     "format": "emoji"
    },
    {
     "key": "iconImage",
     "format": "file"
    },
    {
     "key": "type",
     "format": "object"
    },
    {
     "key": "layout",
     "format": "number"
    },
    {
     "key": "layoutAlign",
     "format": "number"
    },
    {
     "key": "coverId",
     "format": "longtext"
    },
    {
     "key": "coverScale",
     "format": "number"
    },
    {
     "key": "coverType",
     "format": "number"
    },
    {
     "key": "coverX",
     "format": "number"
    },
    {
     "key": "coverY",
     "format": "number"
    },
    {
     "key": "createdDate",
     "format": "date"
    },
    {
     "key": "creator",
     "format": "object"
    },
    {
     "key": "lastModifiedDate",
     "format": "date"
    },
    {
     "key": "lastModifiedBy",
     "format": "object"
    },
    {
     "key": "lastOpenedDate",
     "format": "date"
    },
    {
     "key": "featuredRelations",
     "format": "object"
    },
    {
     "key": "isFavorite",
     "format": "checkbox"
    },
    {
     "key": "workspaceId",
     "format": "object"
    },
    {
     "key": "spaceId",
     "format": "object"
    },
    {
     "key": "links",
     "format": "object"
    },
    {
     "key": "internalFlags",
     "format": "number"
    },
    {
     "key": "restrictions",
     "format": "number"
    },
    {
     "key": "backlinks",
     "format": "object"
    },
    {
     "key": "setOf",
     "format": "object"
    },
    {
     "key": "sourceFilePath",
     "format": "longtext"
    },
    {
     "key": "oldAnytypeID",
     "format": "longtext"
    },
    {
     "key": "origin",
     "format": "number"
    },
    {
     "key": "addedDate",
     "format": "date"
    }
   ],
   "key": "",
   "originalCreatedTimestamp": "0",
   "fileInfo": null
  },
  "fileKeys": [
  ]
 }
}