{
 "sbType": "FileObject",
 "snapshot": {
  "logHeads": {
  },
  "data": {
   "blocks": [
    {
     "id": "bafyreicauzieq27jlp3gjquy45vujmjne6ot6epvn2hcibtfkcvt65ekee",
     "fields": null,
     "restrictions": {
      "read": false,
      "edit": true,
      "remove": true,
      "drag": true,
      "dropOn": true
     },
     "childrenIds": [
      "header",
      "file",
      "widthInPixels",
      "heightInPixels",
      "sizeInBytes",
      "mediaArtistName",
      "mediaArtistURL"
     ],
     "backgroundColor": "",
     "align": "AlignLeft",
     "verticalAlign": "VerticalAlignTop",
     "smartblock": {

     }
    },
    {
     "id": "header",
     "fields": null,
     "restrictions": {
      "read": false,
      "edit": true,
      "remove": true,
      "drag": true,
      "dropOn": true
     },
     "childrenIds": [
      "title",
      "featuredRelations"
     ],
     "backgroundColor": "",
     "align": "AlignLeft",
     "verticalAlign": "VerticalAlignTop",
     "layout": {
      "style": "Header"
     }
    },
    {
     "id": "file",
     "fields": null,
     "restrictions": {
      "read": false,
      "edit": true,
      "remove": true,
      "drag": true,
      "dropOn": true
     },
     "childrenIds": [
     ],
     "backgroundColor": "",
     "align": "AlignLeft",
     "verticalAlign": "VerticalAlignTop",
     "file": {
      "hash": "",
      "name": "a white object with wavy shapes on a gray background",
      "type": "Image",
      "mime": "image/jpeg",
      "size": "143097",
      "addedAt": "0",
      "targetObjectId": "bafyreicauzieq27jlp3gjquy45vujmjne6ot6epvn2hcibtfkcvt65ekee",
      "state": "Done",
      "style": "Auto"
     }
    },
    {
     "id": "widthInPixels",
     "fields": null,
     "restrictions": {
      "read": false,
      "edit": true,
      "remove": true,
      "drag": true,
      "dropOn": true
     },
     "childrenIds": [
     ],
     "backgroundColor": "",
     "align": "AlignLeft",
     "verticalAlign": "VerticalAlignTop",
     "relation": {
      "key": "widthInPixels"
     }
    },
    {
     "id": "heightInPixels",
     "fields": null,
     "restrictions": {
      "read": false,
      "edit": true,
      "remove": true,
      "drag": true,
      "dropOn": true
     },
     "childrenIds": [
     ],
     "backgroundColor": "",
     "align": "AlignLeft",
     "verticalAlign": "VerticalAlignTop",
     "relation": {
      "key": "heightInPixels"
     }
    },
    {
     "id": "sizeInBytes",
     "fields": null,
     "restrictions": {
      "read": false,
      "edit": true,
      "remove": true,
      "drag": true,
      "dropOn": true
     },
     "childrenIds": [
     ],
     "backgroundColor": "",
     "align": "AlignLeft",
     "verticalAlign": "VerticalAlignTop",
     "relation": {
      "key": "sizeInBytes"
     }
    },
    {
     "id": "mediaArtistName",
     "fields": null,
     "restrictions": {
      "read": false,
      "edit": true,
      "remove": true,
      "drag": true,
      "dropOn": true
     },
     "childrenIds": [
     ],
     "backgroundColor": "",
     "align": "AlignLeft",
     "verticalAlign": "VerticalAlignTop",
     "relation": {
      "key": "mediaArtistName"
     }
    },
    {
     "id": "mediaArtistURL",
     "fields": null,
     "restrictions": {
      "read": false,
      "edit": true,
      "remove": true,
      "drag": true,
      "dropOn": true
     },
     "childrenIds": [
     ],
     "backgroundColor": "",
     "align": "AlignLeft",
     "verticalAlign": "VerticalAlignTop",
     "relation": {
      "key": "mediaArtistURL"
     }
    },
    {
     "id": "title",
     "fields": {
       "_detailsKey": [
          "name",
          "done"
         ]
      },
     "restrictions": {
      "read": false,
      "edit": true,
      "remove": true,
      "drag": true,
      "dropOn": true
     },
     "childrenIds": [
     ],
     "backgroundColor": "",
     "align": "AlignLeft",
     "verticalAlign": "VerticalAlignTop",
     "text": {
      "text": "",
      "style": "Title",
      "marks": {
       "marks": [
       ]
      },
      "checked": false,
      "color": "",
      "iconEmoji": "",
      "iconImage": ""
     }
    },
    {
     "id": "featuredRelations",
     "fields": null,
     "restrictions": {
      "read": false,
      "edit": true,
      "remove": true,
      "drag": true,
      "dropOn": true
     },
     "childrenIds": [
     ],
     "backgroundColor": "",
     "align": "AlignLeft",
     "verticalAlign": "VerticalAlignTop",
     "featuredRelations": {

     }
    }
   ],
   "details": {
     "addedDate": 1709839912,
     "backlinks": [
       ],
     "createdDate": 1710158211,
     "creator": "_participant_bafyreibqh26gokznvte5mozay5c6mwbu2hn2msn2355u5bqyk5r5otsvxm_2j6gov4xlypyb_A7TZnHQAgJ4q9TxMgiUumKgt1isSQGrC1dPFbYi7aTNZGshg",
     "featuredRelations": [
        "type"
       ],
     "fileBackupStatus": 1,
     "fileExt": "",
     "fileId": "bafybeib6tt53csi55jqlpe25i27jindcyd3xauqong4aiydvtorha4r5zq",
     "fileIndexingStatus": 1,
     "fileMimeType": "image/jpeg",
     "fileSyncStatus": 1,
     "heightInPixels": 1280,
     "iconImage": "bafyreicauzieq27jlp3gjquy45vujmjne6ot6epvn2hcibtfkcvt65ekee",
     "id": "bafyreicauzieq27jlp3gjquy45vujmjne6ot6epvn2hcibtfkcvt65ekee",
     "importType": 0,
     "isReadonly": false,
     "lastModifiedBy": "_participant_bafyreibqh26gokznvte5mozay5c6mwbu2hn2msn2355u5bqyk5r5otsvxm_2j6gov4xlypyb_A7TZnHQAgJ4q9TxMgiUumKgt1isSQGrC1dPFbYi7aTNZGshg",
     "lastModifiedDate": 1710158440,
     "layout": 8,
     "links": [
       ],
     "mediaArtistName": "Pawel Czerwinski",
     "mediaArtistURL": "https://unsplash.com/@pawel_czerwinski",
     "name": "a white object with wavy shapes on a gray background",
     "origin": 3,
     "restrictions": [
        3,
        6,
        5,
        7,
        8
       ],
     "sizeInBytes": 143097,
     "snippet": "",
     "source": "files/rc9zkxfnsci1478714382",
     "spaceId": "bafyreibqh26gokznvte5mozay5c6mwbu2hn2msn2355u5bqyk5r5otsvxm.2j6gov4xlypyb",
     "type": "bafyreia3ulvbtj7oavlbn242w2x62hdfko73wfrulpneqdhzxyalhtksba",
     "uniqueKey": "file-bafybeib6tt53csi55jqlpe25i27jindcyd3xauqong4aiydvtorha4r5zq",
     "widthInPixels": 1920
    },
   "fileKeys": null,
   "extraRelations": [
   ],
   "objectTypes": [
    "ot-image"
   ],
   "collections": null,
   "removedCollectionKeys": [
   ],
   "relationLinks": [
    {
     "key": "spaceId",
     "format": "object"
    },
    {
     "key": "layout",
     "format": "number"
    },
    {
     "key": "origin",
     "format": "number"
    },
    {
     "key": "fileId",
     "format": "shorttext"
    },
    {
     "key": "fileIndexingStatus",
     "format": "number"
    },
    {
     "key": "importType",
     "format": "number"
    },
    {
     "key": "fileBackupStatus",
     "format": "number"
    },
    {
     "key": "creator",
     "format": "object"
    },
    {
     "key": "createdDate",
     "format": "date"
    },
    {
     "key": "id",
     "format": "object"
    },
    {
     "key": "fileSyncStatus",
     "format": "number"
    },
    {
     "key": "uniqueKey",
     "format": "longtext"
    },
    {
     "key": "snippet",
     "format": "longtext"
    },
    {
     "key": "backlinks",
     "format": "object"
    },
    {
     "key": "type",
     "format": "object"
    },
    {
     "key": "isReadonly",
     "format": "checkbox"
    },
    {
     "key": "name",
     "format": "shorttext"
    },
    {
     "key": "fileExt",
     "format": "longtext"
    },
    {
     "key": "fileMimeType",
     "format": "longtext"
    },
    {
     "key": "addedDate",
     "format": "date"
    },
    {
     "key": "mediaArtistName",
     "format": "longtext"
    },
    {
     "key": "lastModifiedDate",
     "format": "date"
    },
    {
     "key": "mediaArtistURL",
     "format": "url"
    },
    {
     "key": "heightInPixels",
     "format": "number"
    },
    {
     "key": "sizeInBytes",
     "format": "number"
    },
    {
     "key": "widthInPixels",
     "format": "number"
    },
    {
     "key": "iconImage",
     "format": "file"
    },
    {
     "key": "featuredRelations",
     "format": "object"
    },
    {
     "key": "lastModifiedBy",
     "format": "object"
    },
    {
     "key": "links",
     "format": "object"
    },
    {
     "key": "restrictions",
     "format": "number"
    },
    {
     "key": "source",
     "format": "url"
    }
   ],
   "key": "bafybeib6tt53csi55jqlpe25i27jindcyd3xauqong4aiydvtorha4r5zq",
   "originalCreatedTimestamp": "0",
   "fileInfo": {
    "fileId": "bafybeib6tt53csi55jqlpe25i27jindcyd3xauqong4aiydvtorha4r5zq",
    "encryptionKeys": [
     {
      "path": "/0/thumb/",
      "key": "b5e2rfgqxyvpwsf3hxj3qhaeut7npwvb7spwi73ctavx5at3w5xaq"
     },
     {
      "path": "/0/exif/",
      "key": "bixlr3r5vyxjo4i6uodnwiy6qcedp6kke54j7eloc5elzmqfwcura"
     },
     {
      "path": "/0/large/",
      "key": "bi7lkwinro2luw4x3d6caklxempiwnaf6d4cbbtnd44qjjmppmjvq"
     },
     {
      "path": "/0/original/",
      "key": "bi7lkwinro2luw4x3d6caklxempiwnaf6d4cbbtnd44qjjmppmjvq"
     },
     {
      "path": "/0/small/",
      "key": "bc7j52pjumy2hzhxcp3shfbidljy2rl2v3rljphfozfrgtkedr5mq"
     }
    ]
   }
  },
  "fileKeys": [
  ]
 }
}