{
 "sbType": "ProfilePage",
 "snapshot": {
  "logHeads": {
  },
  "data": {
   "blocks": [
    {
     "id": "bafyreieggogeir3kiyjx5bikekcbekcq6y5iqtxagnn36o6vvzfxyvnseq",
     "fields": null,
     "restrictions": null,
     "childrenIds": [
      "header",
      "65eeedfce9223c50a7125b95"
     ],
     "backgroundColor": "",
     "align": "AlignLeft",
     "verticalAlign": "VerticalAlignTop",
     "smartblock": {

     }
    },
    {
     "id": "header",
     "fields": null,
     "restrictions": {
      "read": false,
      "edit": true,
      "remove": true,
      "drag": true,
      "dropOn": true
     },
     "childrenIds": [
      "title",
      "identity",
      "featuredRelations"
     ],
     "backgroundColor": "",
     "align": "AlignLeft",
     "verticalAlign": "VerticalAlignTop",
     "layout": {
      "style": "Header"
     }
    },
    {
     "id": "65eeedfce9223c50a7125b95",
     "fields": null,
     "restrictions": null,
     "childrenIds": [
     ],
     "backgroundColor": "",
     "align": "AlignLeft",
     "verticalAlign": "VerticalAlignTop",
     "text": {
      "text": "",
      "style": "Paragraph",
      "marks": {
       "marks": [
       ]
      },
      "checked": false,
      "color": "",
      "iconEmoji": "",
      "iconImage": ""
     }
    },
    {
     "id": "title",
     "fields": {
       "_detailsKey": [
          "name",
          "done"
         ]
      },
     "restrictions": {
      "read": false,
      "edit": false,
      "remove": true,
      "drag": true,
      "dropOn": true
     },
     "childrenIds": [
     ],
     "backgroundColor": "",
     "align": "AlignCenter",
     "verticalAlign": "VerticalAlignTop",
     "text": {
      "text": "",
      "style": "Title",
      "marks": {
       "marks": [
       ]
      },
      "checked": false,
      "color": "",
      "iconEmoji": "",
      "iconImage": ""
     }
    },
    {
     "id": "identity",
     "fields": null,
     "restrictions": {
      "read": false,
      "edit": true,
      "remove": true,
      "drag": true,
      "dropOn": true
     },
     "childrenIds": [
     ],
     "backgroundColor": "",
     "align": "AlignLeft",
     "verticalAlign": "VerticalAlignTop",
     "relation": {
      "key": "profileOwnerIdentity"
     }
    },
    {
     "id": "featuredRelations",
     "fields": null,
     "restrictions": {
      "read": false,
      "edit": false,
      "remove": true,
      "drag": true,
      "dropOn": true
     },
     "childrenIds": [
     ],
     "backgroundColor": "",
     "align": "AlignCenter",
     "verticalAlign": "VerticalAlignTop",
     "featuredRelations": {

     }
    }
   ],
   "details": {
     "backlinks": [
       ],
     "createdDate": 1709825816,
     "creator": "_id_A7TZnHQAgJ4q9TxMgiUumKgt1isSQGrC1dPFbYi7aTNZGshg",
     "featuredRelations": [
        "backlinks"
       ],
     "iconOption": 4,
     "id": "bafyreieggogeir3kiyjx5bikekcbekcq6y5iqtxagnn36o6vvzfxyvnseq",
     "isHidden": true,
     "lastModifiedBy": "_participant_bafyreibqh26gokznvte5mozay5c6mwbu2hn2msn2355u5bqyk5r5otsvxm_2j6gov4xlypyb_A7TZnHQAgJ4q9TxMgiUumKgt1isSQGrC1dPFbYi7aTNZGshg",
     "lastModifiedDate": 1710158211,
     "lastOpenedDate": 1710157308,
     "layout": 1,
     "layoutAlign": 1,
     "links": [
       ],
     "name": "Dariia ",
     "profileOwnerIdentity": "_participant_bafyreibqh26gokznvte5mozay5c6mwbu2hn2msn2355u5bqyk5r5otsvxm_2j6gov4xlypyb_A7TZnHQAgJ4q9TxMgiUumKgt1isSQGrC1dPFbYi7aTNZGshg",
     "restrictions": [
        6,
        5,
        1,
        8
       ],
     "snippet": "",
     "spaceId": "bafyreibqh26gokznvte5mozay5c6mwbu2hn2msn2355u5bqyk5r5otsvxm.2j6gov4xlypyb",
     "type": "bafyreidqbhdfxfzppl3e7bbrk5zs4sr2yrvhpnpnuuig3olqsh5xiwlt3e"
    },
   "fileKeys": null,
   "extraRelations": [
   ],
   "objectTypes": [
    "ot-profile"
   ],
   "collections": null,
   "removedCollectionKeys": [
   ],
   "relationLinks": [
    {
     "key": "backlinks",
     "format": "object"
    },
    {
     "key": "featuredRelations",
     "format": "object"
    },
    {
     "key": "id",
     "format": "object"
    },
    {
     "key": "spaceId",
     "format": "object"
    },
    {
     "key": "snippet",
     "format": "longtext"
    },
    {
     "key": "layout",
     "format": "number"
    },
    {
     "key": "layoutAlign",
     "format": "number"
    },
    {
     "key": "name",
     "format": "shorttext"
    },
    {
     "key": "description",
     "format": "longtext"
    },
    {
     "key": "iconEmoji",
     "format": "emoji"
    },
    {
     "key": "iconImage",
     "format": "file"
    },
    {
     "key": "type",
     "format": "object"
    },
    {
     "key": "coverId",
     "format": "longtext"
    },
    {
     "key": "coverScale",
     "format": "number"
    },
    {
     "key": "coverType",
     "format": "number"
    },
    {
     "key": "coverX",
     "format": "number"
    },
    {
     "key": "coverY",
     "format": "number"
    },
    {
     "key": "createdDate",
     "format": "date"
    },
    {
     "key": "creator",
     "format": "object"
    },
    {
     "key": "lastModifiedDate",
     "format": "date"
    },
    {
     "key": "lastModifiedBy",
     "format": "object"
    },
    {
     "key": "lastOpenedDate",
     "format": "date"
    },
    {
     "key": "isFavorite",
     "format": "checkbox"
    },
    {
     "key": "workspaceId",
     "format": "object"
    },
    {
     "key": "links",
     "format": "object"
    },
    {
     "key": "internalFlags",
     "format": "number"
    },
    {
     "key": "restrictions",
     "format": "number"
    },
    {
     "key": "iconOption",
     "format": "number"
    },
    {
     "key": "isHidden",
     "format": "checkbox"
    },
    {
     "key": "profileOwnerIdentity",
     "format": "shorttext"
    }
   ],
   "key": "",
   "originalCreatedTimestamp": "0",
   "fileInfo": null
  },
  "fileKeys": [
  ]
 }
}