{
 "sbType": "STType",
 "snapshot": {
  "logHeads": {
  },
  "data": {
   "blocks": [
    {
     "id": "bafyreia3ulvbtj7oavlbn242w2x62hdfko73wfrulpneqdhzxyalhtksba",
     "fields": null,
     "restrictions": null,
     "childrenIds": [
      "header"
     ],
     "backgroundColor": "",
     "align": "AlignLeft",
     "verticalAlign": "VerticalAlignTop",
     "smartblock": {

     }
    },
    {
     "id": "header",
     "fields": null,
     "restrictions": {
      "read": false,
      "edit": true,
      "remove": true,
      "drag": true,
      "dropOn": true
     },
     "childrenIds": [
      "title",
      "featuredRelations"
     ],
     "backgroundColor": "",
     "align": "AlignLeft",
     "verticalAlign": "VerticalAlignTop",
     "layout": {
      "style": "Header"
     }
    },
    {
     "id": "title",
     "fields": {
       "_detailsKey": [
          "name",
          "done"
         ]
      },
     "restrictions": {
      "read": false,
      "edit": false,
      "remove": true,
      "drag": true,
      "dropOn": true
     },
     "childrenIds": [
     ],
     "backgroundColor": "",
     "align": "AlignLeft",
     "verticalAlign": "VerticalAlignTop",
     "text": {
      "text": "",
      "style": "Title",
      "marks": {
       "marks": [
       ]
      },
      "checked": false,
      "color": "",
      "iconEmoji": "",
      "iconImage": ""
     }
    },
    {
     "id": "featuredRelations",
     "fields": null,
     "restrictions": {
      "read": false,
      "edit": false,
      "remove": true,
      "drag": true,
      "dropOn": true
     },
     "childrenIds": [
     ],
     "backgroundColor": "",
     "align": "AlignLeft",
     "verticalAlign": "VerticalAlignTop",
     "featuredRelations": {

     }
    }
   ],
   "details": {
     "backlinks": [
       ],
     "createdDate": 1709825815,
     "creator": "_anytype_profile",
     "description": "Auto-generated object from .jpg \u0026 .png files added to Anytype. A representation of the external form of a person or thing in art",
     "featuredRelations": [
        "backlinks",
        "type"
       ],
     "iconEmoji": "🏞",
     "id": "bafyreia3ulvbtj7oavlbn242w2x62hdfko73wfrulpneqdhzxyalhtksba",
     "internalFlags": [
       ],
     "isArchived": false,
     "isHidden": false,
     "isReadonly": true,
     "lastModifiedBy": "_id_A7TZnHQAgJ4q9TxMgiUumKgt1isSQGrC1dPFbYi7aTNZGshg",
     "lastModifiedDate": 1709825815,
     "lastUsedDate": 1709823716,
     "layout": 4,
     "links": [
       ],
     "name": "Image",
     "origin": 7,
     "recommendedLayout": 8,
     "recommendedRelations": [
        "bafyreialt344y2dmc77f3hpq2bbly7mynagy5qd6zrfwat264zbpecyona",
        "bafyreiaw5g37wgjmuk3dnthf5awrezzqhmqva6e2tdfdk4irj6ivi473na",
        "bafyreid5fhpftmlra3t2tmyrvjamwzglau2axoaq3vduxuffnrrbvqyf4a",
        "bafyreicpkfzghmk2tto3htqpezctfnbl3h47uxsxcyedrflsuasmgc6uti",
        "bafyreieod6vw522lxebwhy3ywmdlrgflabnsu37v7frvbtbr5x5vog5gwe",
        "bafyreiaotqj4x5esn7v62nnra3td472rvrtmownto5wagqb2xdkssghdam",
        "bafyreibyxmdyigtmqgjv2spktpl6ddwtr2avtojtfmgordmqx7efdkk6vu",
        "bafyreig7otfkbwzfzg2o42sgfnfygpavhwmmf6xfgjswsj2ggcprxa2z3a",
        "bafyreih666rv44k6lmcia323dtzyixxijx26izwbfb5dbutfz5wv5rlybi",
        "bafyreibl5idhz6adjq4nwvdszyinupcxu7wldvhhdyjgp3srvegua4hjlq",
        "bafyreifwvitp4uwl2tv4sqzpxtmmce4pckt5vdl7rtlxmudwkopmnbmooq",
        "bafyreifllhw6w435jbawtmzfp3v6asbl5qllquws25jmm5hjb6f46nvoxu"
       ],
     "restrictions": [
        3,
        6,
        5,
        7,
        4,
        1,
        9
       ],
     "revision": 0,
     "smartblockTypes": [
        256
       ],
     "snippet": "",
     "sourceObject": "_otimage",
     "spaceId": "bafyreibqh26gokznvte5mozay5c6mwbu2hn2msn2355u5bqyk5r5otsvxm.2j6gov4xlypyb",
     "type": "bafyreiflgosoxgmuhlnohojwqrcbbe5b4t3d2b6ar6gkrkualltvgi4lyy",
     "uniqueKey": "ot-image"
    },
   "fileKeys": null,
   "extraRelations": [
   ],
   "objectTypes": [
    "ot-objectType"
   ],
   "collections": null,
   "removedCollectionKeys": [
   ],
   "relationLinks": [
    {
     "key": "spaceId",
     "format": "object"
    },
    {
     "key": "description",
     "format": "longtext"
    },
    {
     "key": "internalFlags",
     "format": "number"
    },
    {
     "key": "name",
     "format": "shorttext"
    },
    {
     "key": "iconEmoji",
     "format": "emoji"
    },
    {
     "key": "isHidden",
     "format": "checkbox"
    },
    {
     "key": "origin",
     "format": "number"
    },
    {
     "key": "layout",
     "format": "number"
    },
    {
     "key": "recommendedRelations",
     "format": "object"
    },
    {
     "key": "featuredRelations",
     "format": "object"
    },
    {
     "key": "revision",
     "format": "number"
    },
    {
     "key": "sourceObject",
     "format": "object"
    },
    {
     "key": "smartblockTypes",
     "format": "number"
    },
    {
     "key": "recommendedLayout",
     "format": "number"
    },
    {
     "key": "id",
     "format": "object"
    },
    {
     "key": "uniqueKey",
     "format": "longtext"
    },
    {
     "key": "isReadonly",
     "format": "checkbox"
    },
    {
     "key": "snippet",
     "format": "longtext"
    },
    {
     "key": "backlinks",
     "format": "object"
    },
    {
     "key": "iconImage",
     "format": "file"
    },
    {
     "key": "type",
     "format": "object"
    },
    {
     "key": "layoutAlign",
     "format": "number"
    },
    {
     "key": "coverId",
     "format": "longtext"
    },
    {
     "key": "coverScale",
     "format": "number"
    },
    {
     "key": "coverType",
     "format": "number"
    },
    {
     "key": "coverX",
     "format": "number"
    },
    {
     "key": "coverY",
     "format": "number"
    },
    {
     "key": "createdDate",
     "format": "date"
    },
    {
     "key": "creator",
     "format": "object"
    },
    {
     "key": "lastModifiedDate",
     "format": "date"
    },
    {
     "key": "lastModifiedBy",
     "format": "object"
    },
    {
     "key": "lastOpenedDate",
     "format": "date"
    },
    {
     "key": "isFavorite",
     "format": "checkbox"
    },
    {
     "key": "workspaceId",
     "format": "object"
    },
    {
     "key": "links",
     "format": "object"
    },
    {
     "key": "restrictions",
     "format": "number"
    },
    {
     "key": "lastUsedDate",
     "format": "date"
    },
    {
     "key": "isArchived",
     "format": "checkbox"
    }
   ],
   "key": "image",
   "originalCreatedTimestamp": "0",
   "fileInfo": null
  },
  "fileKeys": [
  ]
 }
}