{
 "sbType": "FileObject",
 "snapshot": {
  "logHeads": {
  },
  "data": {
   "blocks": [
    {
     "id": "bafyreibly7tdtgkobihpnplp76apio5jjtfnhhjyz4mw6vxfnlitcxi5h4",
     "fields": null,
     "restrictions": {
      "read": false,
      "edit": true,
      "remove": true,
      "drag": true,
      "dropOn": true
     },
     "childrenIds": [
      "header",
      "file",
      "widthInPixels",
      "heightInPixels",
      "sizeInBytes"
     ],
     "backgroundColor": "",
     "align": "AlignLeft",
     "verticalAlign": "VerticalAlignTop",
     "smartblock": {

     }
    },
    {
     "id": "header",
     "fields": null,
     "restrictions": {
      "read": false,
      "edit": true,
      "remove": true,
      "drag": true,
      "dropOn": true
     },
     "childrenIds": [
      "title",
      "featuredRelations"
     ],
     "backgroundColor": "",
     "align": "AlignLeft",
     "verticalAlign": "VerticalAlignTop",
     "layout": {
      "style": "Header"
     }
    },
    {
     "id": "file",
     "fields": null,
     "restrictions": {
      "read": false,
      "edit": true,
      "remove": true,
      "drag": true,
      "dropOn": true
     },
     "childrenIds": [
     ],
     "backgroundColor": "",
     "align": "AlignLeft",
     "verticalAlign": "VerticalAlignTop",
     "file": {
      "hash": "",
      "name": "screenshot-2024-03-11-at-10-26-59.png",
      "type": "Image",
      "mime": "image/png",
      "size": "665924",
      "addedAt": "0",
      "targetObjectId": "bafyreibly7tdtgkobihpnplp76apio5jjtfnhhjyz4mw6vxfnlitcxi5h4",
      "state": "Done",
      "style": "Auto"
     }
    },
    {
     "id": "widthInPixels",
     "fields": null,
     "restrictions": {
      "read": false,
      "edit": true,
      "remove": true,
      "drag": true,
      "dropOn": true
     },
     "childrenIds": [
     ],
     "backgroundColor": "",
     "align": "AlignLeft",
     "verticalAlign": "VerticalAlignTop",
     "relation": {
      "key": "widthInPixels"
     }
    },
    {
     "id": "heightInPixels",
     "fields": null,
     "restrictions": {
      "read": false,
      "edit": true,
      "remove": true,
      "drag": true,
      "dropOn": true
     },
     "childrenIds": [
     ],
     "backgroundColor": "",
     "align": "AlignLeft",
     "verticalAlign": "VerticalAlignTop",
     "relation": {
      "key": "heightInPixels"
     }
    },
    {
     "id": "sizeInBytes",
     "fields": null,
     "restrictions": {
      "read": false,
      "edit": true,
      "remove": true,
      "drag": true,
      "dropOn": true
     },
     "childrenIds": [
     ],
     "backgroundColor": "",
     "align": "AlignLeft",
     "verticalAlign": "VerticalAlignTop",
     "relation": {
      "key": "sizeInBytes"
     }
    },
    {
     "id": "title",
     "fields": {
       "_detailsKey": [
          "name",
          "done"
         ]
      },
     "restrictions": {
      "read": false,
      "edit": true,
      "remove": true,
      "drag": true,
      "dropOn": true
     },
     "childrenIds": [
     ],
     "backgroundColor": "",
     "align": "AlignLeft",
     "verticalAlign": "VerticalAlignTop",
     "text": {
      "text": "",
      "style": "Title",
      "marks": {
       "marks": [
       ]
      },
      "checked": false,
      "color": "",
      "iconEmoji": "",
      "iconImage": ""
     }
    },
    {
     "id": "featuredRelations",
     "fields": null,
     "restrictions": {
      "read": false,
      "edit": true,
      "remove": true,
      "drag": true,
      "dropOn": true
     },
     "childrenIds": [
     ],
     "backgroundColor": "",
     "align": "AlignLeft",
     "verticalAlign": "VerticalAlignTop",
     "featuredRelations": {

     }
    }
   ],
   "details": {
     "addedDate": 1710157319,
     "backlinks": [
       ],
     "createdDate": 1710158211,
     "creator": "_participant_bafyreibqh26gokznvte5mozay5c6mwbu2hn2msn2355u5bqyk5r5otsvxm_2j6gov4xlypyb_A7TZnHQAgJ4q9TxMgiUumKgt1isSQGrC1dPFbYi7aTNZGshg",
     "featuredRelations": [
        "type"
       ],
     "fileBackupStatus": 1,
     "fileExt": "png",
     "fileId": "bafybeiglq7xsryblgi7m46er7ij6x7yg56uhxy77bwlu53l6gvueseomti",
     "fileIndexingStatus": 1,
     "fileMimeType": "image/png",
     "fileSyncStatus": 1,
     "heightInPixels": 1230,
     "iconImage": "bafyreibly7tdtgkobihpnplp76apio5jjtfnhhjyz4mw6vxfnlitcxi5h4",
     "id": "bafyreibly7tdtgkobihpnplp76apio5jjtfnhhjyz4mw6vxfnlitcxi5h4",
     "importType": 0,
     "isReadonly": false,
     "lastModifiedBy": "_participant_bafyreibqh26gokznvte5mozay5c6mwbu2hn2msn2355u5bqyk5r5otsvxm_2j6gov4xlypyb_A7TZnHQAgJ4q9TxMgiUumKgt1isSQGrC1dPFbYi7aTNZGshg",
     "lastModifiedDate": 1710158440,
     "layout": 8,
     "links": [
       ],
     "name": "screenshot-2024-03-11-at-10-26-59",
     "origin": 3,
     "restrictions": [
        3,
        6,
        5,
        7,
        8
       ],
     "sizeInBytes": 665924,
     "snippet": "",
     "source": "files/screenshot-2024-03-11-at-10-26-59.png",
     "spaceId": "bafyreibqh26gokznvte5mozay5c6mwbu2hn2msn2355u5bqyk5r5otsvxm.2j6gov4xlypyb",
     "type": "bafyreia3ulvbtj7oavlbn242w2x62hdfko73wfrulpneqdhzxyalhtksba",
     "uniqueKey": "file-bafybeiglq7xsryblgi7m46er7ij6x7yg56uhxy77bwlu53l6gvueseomti",
     "widthInPixels": 1652
    },
   "fileKeys": null,
   "extraRelations": [
   ],
   "objectTypes": [
    "ot-image"
   ],
   "collections": null,
   "removedCollectionKeys": [
   ],
   "relationLinks": [
    {
     "key": "spaceId",
     "format": "object"
    },
    {
     "key": "layout",
     "format": "number"
    },
    {
     "key": "origin",
     "format": "number"
    },
    {
     "key": "importType",
     "format": "number"
    },
    {
     "key": "fileBackupStatus",
     "format": "number"
    },
    {
     "key": "fileId",
     "format": "shorttext"
    },
    {
     "key": "fileIndexingStatus",
     "format": "number"
    },
    {
     "key": "creator",
     "format": "object"
    },
    {
     "key": "createdDate",
     "format": "date"
    },
    {
     "key": "id",
     "format": "object"
    },
    {
     "key": "fileSyncStatus",
     "format": "number"
    },
    {
     "key": "uniqueKey",
     "format": "longtext"
    },
    {
     "key": "snippet",
     "format": "longtext"
    },
    {
     "key": "backlinks",
     "format": "object"
    },
    {
     "key": "type",
     "format": "object"
    },
    {
     "key": "name",
     "format": "shorttext"
    },
    {
     "key": "addedDate",
     "format": "date"
    },
    {
     "key": "sizeInBytes",
     "format": "number"
    },
    {
     "key": "isReadonly",
     "format": "checkbox"
    },
    {
     "key": "lastModifiedDate",
     "format": "date"
    },
    {
     "key": "widthInPixels",
     "format": "number"
    },
    {
     "key": "heightInPixels",
     "format": "number"
    },
    {
     "key": "fileExt",
     "format": "longtext"
    },
    {
     "key": "fileMimeType",
     "format": "longtext"
    },
    {
     "key": "iconImage",
     "format": "file"
    },
    {
     "key": "featuredRelations",
     "format": "object"
    },
    {
     "key": "lastModifiedBy",
     "format": "object"
    },
    {
     "key": "restrictions",
     "format": "number"
    },
    {
     "key": "links",
     "format": "object"
    },
    {
     "key": "source",
     "format": "url"
    }
   ],
   "key": "bafybeiglq7xsryblgi7m46er7ij6x7yg56uhxy77bwlu53l6gvueseomti",
   "originalCreatedTimestamp": "0",
   "fileInfo": {
    "fileId": "bafybeiglq7xsryblgi7m46er7ij6x7yg56uhxy77bwlu53l6gvueseomti",
    "encryptionKeys": [
     {
      "path": "/0/small/",
      "key": "bs3yotqni2fsi3tezmggziw4w7dzuatlnqcuhtyb5vky4jlnu7s4a"
     },
     {
      "path": "/0/large/",
      "key": "bsjyck5r4uzb2tmuzt5rzvhu3qyk62s2d6udqxf7wmvfzp4iri5ja"
     },
     {
      "path": "/0/original/",
      "key": "bsjyck5r4uzb2tmuzt5rzvhu3qyk62s2d6udqxf7wmvfzp4iri5ja"
     },
     {
      "path": "/0/exif/",
      "key": "bh723tfcza2vuoui6oqtztqysazuxbpdb4hf4mkqz5dskfcg4hlwa"
     },
     {
      "path": "/0/thumb/",
      "key": "bq3r6o5n4bj3yyvqtcgwdymphshe5526yjw3c4v7j257gn7ylkora"
     }
    ]
   }
  },
  "fileKeys": [
  ]
 }
}