{
 "sbType": "Page",
 "snapshot": {
  "logHeads": {
  },
  "data": {
   "blocks": [
    {
     "id": "bafyreibmd2lnl53g3phil3sgnukix3xjx5vymlxovafvlradnjk6yv7v2i",
     "fields": null,
     "restrictions": {
      "read": false,
      "edit": false,
      "remove": false,
      "drag": false,
      "dropOn": false
     },
     "childrenIds": [
      "header",
      "r-9fa351d56a2297f12dd6a689329bc596",
      "r-ce363ed61f2a25d13739b1811629bb90",
      "65ea0ddde9223c50a7125a09"
     ],
     "backgroundColor": "",
     "align": "AlignLeft",
     "verticalAlign": "VerticalAlignTop",
     "smartblock": {

     }
    },
    {
     "id": "header",
     "fields": null,
     "restrictions": {
      "read": false,
      "edit": true,
      "remove": true,
      "drag": true,
      "dropOn": true
     },
     "childrenIds": [
      "title",
      "description",
      "featuredRelations"
     ],
     "backgroundColor": "",
     "align": "AlignLeft",
     "verticalAlign": "VerticalAlignTop",
     "layout": {
      "style": "Header"
     }
    },
    {
     "id": "r-9fa351d56a2297f12dd6a689329bc596",
     "fields": null,
     "restrictions": {
      "read": false,
      "edit": false,
      "remove": false,
      "drag": false,
      "dropOn": false
     },
     "childrenIds": [
      "ct-9fa351d56a2297f12dd6a689329bc596",
      "cd-9fa351d56a2297f12dd6a689329bc596"
     ],
     "backgroundColor": "",
     "align": "AlignLeft",
     "verticalAlign": "VerticalAlignTop",
     "layout": {
      "style": "Row"
     }
    },
    {
     "id": "r-ce363ed61f2a25d13739b1811629bb90",
     "fields": null,
     "restrictions": {
      "read": false,
      "edit": false,
      "remove": false,
      "drag": false,
      "dropOn": false
     },
     "childrenIds": [
      "ct-ce363ed61f2a25d13739b1811629bb90",
      "cd-ce363ed61f2a25d13739b1811629bb90"
     ],
     "backgroundColor": "",
     "align": "AlignLeft",
     "verticalAlign": "VerticalAlignTop",
     "layout": {
      "style": "Row"
     }
    },
    {
     "id": "65ea0ddde9223c50a7125a09",
     "fields": null,
     "restrictions": null,
     "childrenIds": [
     ],
     "backgroundColor": "",
     "align": "AlignLeft",
     "verticalAlign": "VerticalAlignTop",
     "text": {
      "text": "",
      "style": "Paragraph",
      "marks": {
       "marks": [
       ]
      },
      "checked": false,
      "color": "",
      "iconEmoji": "",
      "iconImage": ""
     }
    },
    {
     "id": "title",
     "fields": {
       "_detailsKey": [
          "name",
          "done"
         ]
      },
     "restrictions": {
      "read": false,
      "edit": false,
      "remove": true,
      "drag": true,
      "dropOn": true
     },
     "childrenIds": [
     ],
     "backgroundColor": "",
     "align": "AlignLeft",
     "verticalAlign": "VerticalAlignTop",
     "text": {
      "text": "",
      "style": "Title",
      "marks": {
       "marks": [
       ]
      },
      "checked": false,
      "color": "",
      "iconEmoji": "",
      "iconImage": ""
     }
    },
    {
     "id": "description",
     "fields": {
       "_detailsKey": "description"
      },
     "restrictions": {
      "read": false,
      "edit": false,
      "remove": true,
      "drag": true,
      "dropOn": true
     },
     "childrenIds": [
     ],
     "backgroundColor": "",
     "align": "AlignLeft",
     "verticalAlign": "VerticalAlignTop",
     "text": {
      "text": "",
      "style": "Description",
      "marks": {
       "marks": [
       ]
      },
      "checked": false,
      "color": "",
      "iconEmoji": "",
      "iconImage": ""
     }
    },
    {
     "id": "featuredRelations",
     "fields": null,
     "restrictions": {
      "read": false,
      "edit": false,
      "remove": true,
      "drag": true,
      "dropOn": true
     },
     "childrenIds": [
     ],
     "backgroundColor": "",
     "align": "AlignLeft",
     "verticalAlign": "VerticalAlignTop",
     "featuredRelations": {

     }
    },
    {
     "id": "ct-9fa351d56a2297f12dd6a689329bc596",
     "fields": null,
     "restrictions": null,
     "childrenIds": [
      "65ea0a50e9223c50a71259e8"
     ],
     "backgroundColor": "",
     "align": "AlignLeft",
     "verticalAlign": "VerticalAlignTop",
     "layout": {
      "style": "Column"
     }
    },
    {
     "id": "cd-9fa351d56a2297f12dd6a689329bc596",
     "fields": null,
     "restrictions": null,
     "childrenIds": [
      "65ea0ad0e9223c50a71259f0"
     ],
     "backgroundColor": "",
     "align": "AlignLeft",
     "verticalAlign": "VerticalAlignTop",
     "layout": {
      "style": "Column"
     }
    },
    {
     "id": "ct-ce363ed61f2a25d13739b1811629bb90",
     "fields": null,
     "restrictions": null,
     "childrenIds": [
      "65ea0b99e9223c50a71259fb"
     ],
     "backgroundColor": "",
     "align": "AlignLeft",
     "verticalAlign": "VerticalAlignTop",
     "layout": {
      "style": "Column"
     }
    },
    {
     "id": "cd-ce363ed61f2a25d13739b1811629bb90",
     "fields": null,
     "restrictions": null,
     "childrenIds": [
      "65ea0d68e9223c50a7125a08"
     ],
     "backgroundColor": "",
     "align": "AlignLeft",
     "verticalAlign": "VerticalAlignTop",
     "layout": {
      "style": "Column"
     }
    },
    {
     "id": "65ea0a50e9223c50a71259e8",
     "fields": {
       "_link_migrated": true,
       "cardStyle": 0,
       "description": 0,
       "iconSize": 1,
       "relations": [
         ]
      },
     "restrictions": {
      "read": false,
      "edit": false,
      "remove": false,
      "drag": false,
      "dropOn": false
     },
     "childrenIds": [
     ],
     "backgroundColor": "",
     "align": "AlignLeft",
     "verticalAlign": "VerticalAlignTop",
     "link": {
      "targetBlockId": "bafyreie43yvywsjmxldb4giqobtveia3sykswdpgedwtv5k4m2wlkpxmmu",
      "style": "Page",
      "fields": null,
      "iconSize": "SizeMedium",
      "cardStyle": "Card",
      "description": "None",
      "relations": [
      ]
     }
    },
    {
     "id": "65ea0ad0e9223c50a71259f0",
     "fields": {
       "_link_migrated": true,
       "cardStyle": 0,
       "description": 0,
       "iconSize": 1,
       "relations": [
         ]
      },
     "restrictions": null,
     "childrenIds": [
     ],
     "backgroundColor": "",
     "align": "AlignLeft",
     "verticalAlign": "VerticalAlignTop",
     "link": {
      "targetBlockId": "bafyreian4or2jgdf5n6xgr4vhggfzxsfqwfbfstt6gw4c4zyotrhav7ajq",
      "style": "Page",
      "fields": null,
      "iconSize": "SizeMedium",
      "cardStyle": "Card",
      "description": "None",
      "relations": [
      ]
     }
    },
    {
     "id": "65ea0b99e9223c50a71259fb",
     "fields": {
       "_link_migrated": true,
       "cardStyle": 0,
       "description": 0,
       "iconSize": 1,
       "relations": [
         ]
      },
     "restrictions": null,
     "childrenIds": [
     ],
     "backgroundColor": "",
     "align": "AlignLeft",
     "verticalAlign": "VerticalAlignTop",
     "link": {
      "targetBlockId": "bafyreihsmudsavpvijrmbx4jee46zux6ldwptkahipsy4odha5urw5o6qe",
      "style": "Page",
      "fields": null,
      "iconSize": "SizeMedium",
      "cardStyle": "Card",
      "description": "None",
      "relations": [
      ]
     }
    },
    {
     "id": "65ea0d68e9223c50a7125a08",
     "fields": {
       "_link_migrated": true,
       "cardStyle": 0,
       "description": 0,
       "iconSize": 1,
       "relations": [
         ]
      },
     "restrictions": null,
     "childrenIds": [
     ],
     "backgroundColor": "",
     "align": "AlignLeft",
     "verticalAlign": "VerticalAlignTop",
     "link": {
      "targetBlockId": "bafyreiaqxxubzxsnssmt25homw4qheby77sy2umfufziuexq6cdbu6a6oe",
      "style": "Page",
      "fields": null,
      "iconSize": "SizeMedium",
      "cardStyle": "Card",
      "description": "None",
      "relations": [
      ]
     }
    }
   ],
   "details": {
     "addedDate": 1710157321,
     "backlinks": [
        "bafyreigoodenoe4euhxcxu4nftcjfx6qqi3qiumkex4b67xk7jo262sglm"
       ],
     "coverId": "bafyreia6guxaont2cayca75iwl7i4h6mx22cfav2h72miui66rhbjkdazu",
     "coverScale": 0,
     "coverType": 5,
     "coverX": 0,
     "coverY": -0.25,
     "createdDate": 1709836358,
     "creator": "_id_A7TZnHQAgJ4q9TxMgiUumKgt1isSQGrC1dPFbYi7aTNZGshg",
     "description": "Where all the household fun is kept!",
     "featuredRelations": [
        "type",
        "backlinks",
        "description"
       ],
     "iconEmoji": "🪩",
     "iconImage": "",
     "id": "bafyreibmd2lnl53g3phil3sgnukix3xjx5vymlxovafvlradnjk6yv7v2i",
     "lastModifiedBy": "_id_A7TZnHQAgJ4q9TxMgiUumKgt1isSQGrC1dPFbYi7aTNZGshg",
     "lastModifiedDate": 1710157592,
     "lastOpenedDate": 1710158906,
     "layout": 0,
     "links": [
        "bafyreie43yvywsjmxldb4giqobtveia3sykswdpgedwtv5k4m2wlkpxmmu",
        "bafyreian4or2jgdf5n6xgr4vhggfzxsfqwfbfstt6gw4c4zyotrhav7ajq",
        "bafyreihsmudsavpvijrmbx4jee46zux6ldwptkahipsy4odha5urw5o6qe",
        "bafyreiaqxxubzxsnssmt25homw4qheby77sy2umfufziuexq6cdbu6a6oe"
       ],
     "name": "Disco Room ",
     "oldAnytypeID": "bafyreibx2lca7aczxybdb4usn5keempjspwx72n5a64c3uplzurwjyb3ia",
     "origin": 3,
     "restrictions": [
       ],
     "snippet": "",
     "sourceFilePath": "json:/Users/dariia/Downloads/Homepages.zip/bafyreibx2lca7aczxybdb4usn5keempjspwx72n5a64c3uplzurwjyb3ia.pb.json",
     "spaceId": "bafyreibqh26gokznvte5mozay5c6mwbu2hn2msn2355u5bqyk5r5otsvxm.2j6gov4xlypyb",
     "type": "bafyreifguqi5izgsv7wqksyz5qyxf4ai2gma6chc3ph2gdy4zcomw4eeb4"
    },
   "fileKeys": null,
   "extraRelations": [
   ],
   "objectTypes": [
    "ot-page"
   ],
   "collections": null,
   "removedCollectionKeys": [
   ],
   "relationLinks": [
    {
     "key": "spaceId",
     "format": "object"
    },
    {
     "key": "name",
     "format": "shorttext"
    },
    {
     "key": "creator",
     "format": "object"
    },
    {
     "key": "createdDate",
     "format": "date"
    },
    {
     "key": "id",
     "format": "object"
    },
    {
     "key": "snippet",
     "format": "longtext"
    },
    {
     "key": "backlinks",
     "format": "object"
    },
    {
     "key": "layout",
     "format": "number"
    },
    {
     "key": "description",
     "format": "longtext"
    },
    {
     "key": "iconEmoji",
     "format": "emoji"
    },
    {
     "key": "iconImage",
     "format": "file"
    },
    {
     "key": "type",
     "format": "object"
    },
    {
     "key": "layoutAlign",
     "format": "number"
    },
    {
     "key": "coverId",
     "format": "longtext"
    },
    {
     "key": "coverScale",
     "format": "number"
    },
    {
     "key": "coverType",
     "format": "number"
    },
    {
     "key": "coverX",
     "format": "number"
    },
    {
     "key": "coverY",
     "format": "number"
    },
    {
     "key": "lastModifiedDate",
     "format": "date"
    },
    {
     "key": "lastModifiedBy",
     "format": "object"
    },
    {
     "key": "lastOpenedDate",
     "format": "date"
    },
    {
     "key": "featuredRelations",
     "format": "object"
    },
    {
     "key": "isFavorite",
     "format": "checkbox"
    },
    {
     "key": "workspaceId",
     "format": "object"
    },
    {
     "key": "links",
     "format": "object"
    },
    {
     "key": "internalFlags",
     "format": "number"
    },
    {
     "key": "restrictions",
     "format": "number"
    },
    {
     "key": "oldAnytypeID",
     "format": "longtext"
    },
    {
     "key": "sourceFilePath",
     "format": "longtext"
    },
    {
     "key": "origin",
     "format": "number"
    },
    {
     "key": "addedDate",
     "format": "date"
    }
   ],
   "key": "",
   "originalCreatedTimestamp": "0",
   "fileInfo": null
  },
  "fileKeys": [
  ]
 }
}