{
 "sbType": "Template",
 "snapshot": {
  "logHeads": {
  },
  "data": {
   "blocks": [
    {
     "id": "bafyreiel5c7jvneahie2cmwcaxswyjnhcohby5nkmkz2us6gn2jgbkh4da",
     "fields": {
       "analyticsOriginalId": "bafyreievjsmy37lpasxms3hgsqj7iatdqtnn6gobjctg7zp2dm2sga6t3q"
      },
     "restrictions": {
      "read": false,
      "edit": false,
      "remove": false,
      "drag": false,
      "dropOn": false
     },
     "childrenIds": [
      "header",
      "r-71cd42b122839957e48714c6bf2f287a"
     ],
     "backgroundColor": "",
     "align": "AlignLeft",
     "verticalAlign": "VerticalAlignTop",
     "smartblock": {

     }
    },
    {
     "id": "header",
     "fields": null,
     "restrictions": {
      "read": false,
      "edit": true,
      "remove": true,
      "drag": true,
      "dropOn": true
     },
     "childrenIds": [
      "title",
      "featuredRelations"
     ],
     "backgroundColor": "",
     "align": "AlignLeft",
     "verticalAlign": "VerticalAlignTop",
     "layout": {
      "style": "Header"
     }
    },
    {
     "id": "r-71cd42b122839957e48714c6bf2f287a",
     "fields": null,
     "restrictions": {
      "read": false,
      "edit": false,
      "remove": false,
      "drag": false,
      "dropOn": false
     },
     "childrenIds": [
      "cd-71cd42b122839957e48714c6bf2f287a",
      "ct-71cd42b122839957e48714c6bf2f287a"
     ],
     "backgroundColor": "",
     "align": "AlignLeft",
     "verticalAlign": "VerticalAlignTop",
     "layout": {
      "style": "Row"
     }
    },
    {
     "id": "title",
     "fields": {
       "_detailsKey": [
          "name",
          "done"
         ]
      },
     "restrictions": {
      "read": false,
      "edit": false,
      "remove": true,
      "drag": true,
      "dropOn": true
     },
     "childrenIds": [
     ],
     "backgroundColor": "",
     "align": "AlignLeft",
     "verticalAlign": "VerticalAlignTop",
     "text": {
      "text": "",
      "style": "Title",
      "marks": {
       "marks": [
       ]
      },
      "checked": false,
      "color": "",
      "iconEmoji": "",
      "iconImage": ""
     }
    },
    {
     "id": "featuredRelations",
     "fields": null,
     "restrictions": {
      "read": false,
      "edit": false,
      "remove": true,
      "drag": true,
      "dropOn": true
     },
     "childrenIds": [
     ],
     "backgroundColor": "",
     "align": "AlignLeft",
     "verticalAlign": "VerticalAlignTop",
     "featuredRelations": {

     }
    },
    {
     "id": "cd-71cd42b122839957e48714c6bf2f287a",
     "fields": {
       "width": 0.41761363636363635
      },
     "restrictions": null,
     "childrenIds": [
      "60f5bdc56cabea22ef364d63",
      "60f5bdc56cabea22ef364d64"
     ],
     "backgroundColor": "",
     "align": "AlignLeft",
     "verticalAlign": "VerticalAlignTop",
     "layout": {
      "style": "Column"
     }
    },
    {
     "id": "ct-71cd42b122839957e48714c6bf2f287a",
     "fields": {
       "width": 0.5823863636363636
      },
     "restrictions": null,
     "childrenIds": [
      "60f1a56bd5877d3cf77a43b0",
      "60f1a587d5877d3cf77a43b3",
      "60f1a587d5877d3cf77a43b4",
      "60f1a588d5877d3cf77a43b5",
      "60f1a588d5877d3cf77a43b6",
      "60f5bda56cabea22ef364d62",
      "60f1a5f6d5877d3cf77a43bc",
      "60f0a92ad5877d31cde9f910",
      "60f0a92fd5877d31cde9f912",
      "60f0a9f6d5877d31cde9f93a",
      "60f0a93cd5877d31cde9f916",
      "60f0a9fad5877d31cde9f93c",
      "60f0a93fd5877d31cde9f918",
      "60f1a576d5877d3cf77a43b1"
     ],
     "backgroundColor": "",
     "align": "AlignLeft",
     "verticalAlign": "VerticalAlignTop",
     "layout": {
      "style": "Column"
     }
    },
    {
     "id": "60f5bdc56cabea22ef364d63",
     "fields": null,
     "restrictions": null,
     "childrenIds": [
     ],
     "backgroundColor": "",
     "align": "AlignLeft",
     "verticalAlign": "VerticalAlignTop",
     "file": {
      "hash": "",
      "name": "",
      "type": "Image",
      "mime": "",
      "size": "0",
      "addedAt": "0",
      "targetObjectId": "",
      "state": "Empty",
      "style": "Auto"
     }
    },
    {
     "id": "60f5bdc56cabea22ef364d64",
     "fields": null,
     "restrictions": null,
     "childrenIds": [
     ],
     "backgroundColor": "",
     "align": "AlignLeft",
     "verticalAlign": "VerticalAlignTop",
     "text": {
      "text": "",
      "style": "Paragraph",
      "marks": {
       "marks": [
       ]
      },
      "checked": false,
      "color": "",
      "iconEmoji": "",
      "iconImage": ""
     }
    },
    {
     "id": "60f1a56bd5877d3cf77a43b0",
     "fields": null,
     "restrictions": null,
     "childrenIds": [
     ],
     "backgroundColor": "",
     "align": "AlignLeft",
     "verticalAlign": "VerticalAlignTop",
     "text": {
      "text": "About",
      "style": "Header2",
      "marks": {
       "marks": [
       ]
      },
      "checked": false,
      "color": "",
      "iconEmoji": "",
      "iconImage": ""
     }
    },
    {
     "id": "60f1a587d5877d3cf77a43b3",
     "fields": null,
     "restrictions": null,
     "childrenIds": [
     ],
     "backgroundColor": "",
     "align": "AlignLeft",
     "verticalAlign": "VerticalAlignTop",
     "text": {
      "text": "",
      "style": "Paragraph",
      "marks": {
       "marks": [
       ]
      },
      "checked": false,
      "color": "",
      "iconEmoji": "",
      "iconImage": ""
     }
    },
    {
     "id": "60f1a587d5877d3cf77a43b4",
     "fields": null,
     "restrictions": null,
     "childrenIds": [
     ],
     "backgroundColor": "",
     "align": "AlignLeft",
     "verticalAlign": "VerticalAlignTop",
     "text": {
      "text": "",
      "style": "Paragraph",
      "marks": {
       "marks": [
       ]
      },
      "checked": false,
      "color": "",
      "iconEmoji": "",
      "iconImage": ""
     }
    },
    {
     "id": "60f1a588d5877d3cf77a43b5",
     "fields": null,
     "restrictions": null,
     "childrenIds": [
     ],
     "backgroundColor": "",
     "align": "AlignLeft",
     "verticalAlign": "VerticalAlignTop",
     "text": {
      "text": "",
      "style": "Paragraph",
      "marks": {
       "marks": [
       ]
      },
      "checked": false,
      "color": "",
      "iconEmoji": "",
      "iconImage": ""
     }
    },
    {
     "id": "60f1a588d5877d3cf77a43b6",
     "fields": null,
     "restrictions": null,
     "childrenIds": [
     ],
     "backgroundColor": "",
     "align": "AlignLeft",
     "verticalAlign": "VerticalAlignTop",
     "text": {
      "text": "",
      "style": "Paragraph",
      "marks": {
       "marks": [
       ]
      },
      "checked": false,
      "color": "",
      "iconEmoji": "",
      "iconImage": ""
     }
    },
    {
     "id": "60f5bda56cabea22ef364d62",
     "fields": null,
     "restrictions": null,
     "childrenIds": [
     ],
     "backgroundColor": "",
     "align": "AlignLeft",
     "verticalAlign": "VerticalAlignTop",
     "text": {
      "text": "",
      "style": "Paragraph",
      "marks": {
       "marks": [
       ]
      },
      "checked": false,
      "color": "",
      "iconEmoji": "",
      "iconImage": ""
     }
    },
    {
     "id": "60f1a5f6d5877d3cf77a43bc",
     "fields": null,
     "restrictions": null,
     "childrenIds": [
     ],
     "backgroundColor": "",
     "align": "AlignLeft",
     "verticalAlign": "VerticalAlignTop",
     "div": {
      "style": "Line"
     }
    },
    {
     "id": "60f0a92ad5877d31cde9f910",
     "fields": null,
     "restrictions": null,
     "childrenIds": [
     ],
     "backgroundColor": "",
     "align": "AlignLeft",
     "verticalAlign": "VerticalAlignTop",
     "relation": {
      "key": "author"
     }
    },
    {
     "id": "60f0a92fd5877d31cde9f912",
     "fields": null,
     "restrictions": null,
     "childrenIds": [
     ],
     "backgroundColor": "",
     "align": "AlignLeft",
     "verticalAlign": "VerticalAlignTop",
     "relation": {
      "key": "category"
     }
    },
    {
     "id": "60f0a9f6d5877d31cde9f93a",
     "fields": null,
     "restrictions": null,
     "childrenIds": [
     ],
     "backgroundColor": "",
     "align": "AlignLeft",
     "verticalAlign": "VerticalAlignTop",
     "div": {
      "style": "Line"
     }
    },
    {
     "id": "60f0a93cd5877d31cde9f916",
     "fields": null,
     "restrictions": null,
     "childrenIds": [
     ],
     "backgroundColor": "",
     "align": "AlignLeft",
     "verticalAlign": "VerticalAlignTop",
     "relation": {
      "key": "rating"
     }
    },
    {
     "id": "60f0a9fad5877d31cde9f93c",
     "fields": null,
     "restrictions": null,
     "childrenIds": [
     ],
     "backgroundColor": "",
     "align": "AlignLeft",
     "verticalAlign": "VerticalAlignTop",
     "div": {
      "style": "Line"
     }
    },
    {
     "id": "60f0a93fd5877d31cde9f918",
     "fields": null,
     "restrictions": null,
     "childrenIds": [
     ],
     "backgroundColor": "",
     "align": "AlignLeft",
     "verticalAlign": "VerticalAlignTop",
     "relation": {
      "key": "status"
     }
    },
    {
     "id": "60f1a576d5877d3cf77a43b1",
     "fields": null,
     "restrictions": null,
     "childrenIds": [
     ],
     "backgroundColor": "",
     "align": "AlignLeft",
     "verticalAlign": "VerticalAlignTop",
     "text": {
      "text": "",
      "style": "Paragraph",
      "marks": {
       "marks": [
       ]
      },
      "checked": false,
      "color": "",
      "iconEmoji": "",
      "iconImage": ""
     }
    }
   ],
   "details": {
     "backlinks": [
       ],
     "createdDate": 1710157322,
     "creator": "_id_A7TZnHQAgJ4q9TxMgiUumKgt1isSQGrC1dPFbYi7aTNZGshg",
     "description": "",
     "featuredRelations": [
        "type",
        "tag",
        "status",
        "backlinks"
       ],
     "id": "bafyreiel5c7jvneahie2cmwcaxswyjnhcohby5nkmkz2us6gn2jgbkh4da",
     "lastModifiedBy": "_id_A7TZnHQAgJ4q9TxMgiUumKgt1isSQGrC1dPFbYi7aTNZGshg",
     "lastModifiedDate": 1710157322,
     "layout": 0,
     "links": [
       ],
     "name": "Book with a picture",
     "origin": 7,
     "restrictions": [
        5,
        7
       ],
     "snippet": "About",
     "sourceObject": "bafyreievjsmy37lpasxms3hgsqj7iatdqtnn6gobjctg7zp2dm2sga6t3q",
     "spaceId": "bafyreibqh26gokznvte5mozay5c6mwbu2hn2msn2355u5bqyk5r5otsvxm.2j6gov4xlypyb",
     "targetObjectType": "bafyreibjank4ojfsgwyvhrfh4fnztaos77cha36n6jqsuwolcviz3chgsu",
     "type": "bafyreidrixsyi7fug7xqb2d4lu2kqobib4eyjxfcynwmyjrekeupaeft3i"
    },
   "fileKeys": null,
   "extraRelations": [
   ],
   "objectTypes": [
    "ot-template",
    "ot-book"
   ],
   "collections": null,
   "removedCollectionKeys": [
   ],
   "relationLinks": [
    {
     "key": "createdDate",
     "format": "date"
    },
    {
     "key": "creator",
     "format": "object"
    },
    {
     "key": "type",
     "format": "object"
    },
    {
     "key": "layout",
     "format": "number"
    },
    {
     "key": "targetObjectType",
     "format": "object"
    },
    {
     "key": "id",
     "format": "object"
    },
    {
     "key": "name",
     "format": "shorttext"
    },
    {
     "key": "description",
     "format": "longtext"
    },
    {
     "key": "iconEmoji",
     "format": "emoji"
    },
    {
     "key": "iconImage",
     "format": "file"
    },
    {
     "key": "layoutAlign",
     "format": "number"
    },
    {
     "key": "coverId",
     "format": "shorttext"
    },
    {
     "key": "coverScale",
     "format": "number"
    },
    {
     "key": "coverType",
     "format": "number"
    },
    {
     "key": "coverX",
     "format": "number"
    },
    {
     "key": "coverY",
     "format": "number"
    },
    {
     "key": "lastModifiedDate",
     "format": "date"
    },
    {
     "key": "lastModifiedBy",
     "format": "object"
    },
    {
     "key": "lastOpenedDate",
     "format": "date"
    },
    {
     "key": "featuredRelations",
     "format": "object"
    },
    {
     "key": "isHidden",
     "format": "checkbox"
    },
    {
     "key": "isArchived",
     "format": "checkbox"
    },
    {
     "key": "snippet",
     "format": "longtext"
    },
    {
     "key": "author",
     "format": "object"
    },
    {
     "key": "category",
     "format": "tag"
    },
    {
     "key": "rating",
     "format": "longtext"
    },
    {
     "key": "status",
     "format": "status"
    },
    {
     "key": "isFavorite",
     "format": "checkbox"
    },
    {
     "key": "sourceObject",
     "format": "object"
    },
    {
     "key": "workspaceId",
     "format": "object"
    },
    {
     "key": "links",
     "format": "object"
    },
    {
     "key": "internalFlags",
     "format": "number"
    },
    {
     "key": "restrictions",
     "format": "number"
    },
    {
     "key": "tag",
     "format": "tag"
    },
    {
     "key": "backlinks",
     "format": "object"
    },
    {
     "key": "origin",
     "format": "number"
    },
    {
     "key": "templateIsBundled",
     "format": "checkbox"
    },
    {
     "key": "isReadonly",
     "format": "checkbox"
    },
    {
     "key": "spaceId",
     "format": "object"
    }
   ],
   "key": "",
   "originalCreatedTimestamp": "0",
   "fileInfo": null
  },
  "fileKeys": [
  ]
 }
}