{
 "sbType": "Page",
 "snapshot": {
  "logHeads": {
  },
  "data": {
   "blocks": [
    {
     "id": "bafyreienyosdwazc7puiqltndotrgr2htvuc4dgunb26itrqqunzmjz6oi",
     "fields": {
       "analyticsOriginalId": "bafyreihpbkq7d7iq6g6awhzabnrsfildzlfrtsgl757vdc2i3fgd4k4xg4"
      },
     "restrictions": {
      "read": false,
      "edit": true,
      "remove": true,
      "drag": true,
      "dropOn": true
     },
     "childrenIds": [
      "header",
      "dataview"
     ],
     "backgroundColor": "",
     "align": "AlignLeft",
     "verticalAlign": "VerticalAlignTop",
     "smartblock": {

     }
    },
    {
     "id": "header",
     "fields": null,
     "restrictions": {
      "read": false,
      "edit": true,
      "remove": true,
      "drag": true,
      "dropOn": true
     },
     "childrenIds": [
      "title",
      "description",
      "featuredRelations"
     ],
     "backgroundColor": "",
     "align": "AlignLeft",
     "verticalAlign": "VerticalAlignTop",
     "layout": {
      "style": "Header"
     }
    },
    {
     "id": "dataview",
     "fields": null,
     "restrictions": null,
     "childrenIds": [
     ],
     "backgroundColor": "",
     "align": "AlignLeft",
     "verticalAlign": "VerticalAlignTop",
     "dataview": {
      "source": [
       "status"
      ],
      "views": [
       {
        "id": "1",
        "type": "Table",
        "name": "All",
        "sorts": [
         {
          "id": "",
          "RelationKey": "name",
          "type": "Asc",
          "customOrder": [
          ],
          "format": "longtext",
          "includeTime": false
         }
        ],
        "filters": [
         {
          "id": "",
          "operator": "And",
          "RelationKey": "status",
          "relationProperty": "",
          "condition": "In",
          "value": "bafyreiecwp6a22pw4snxzz66ardojn5zu43bdeias3kjwexxxhh3suwkrm",
          "quickOption": "ExactDate",
          "format": "longtext",
          "includeTime": false
         }
        ],
        "relations": [
        ],
        "coverRelationKey": "",
        "hideIcon": false,
        "cardSize": "Small",
        "coverFit": false,
        "groupRelationKey": "",
        "groupBackgroundColors": false,
        "pageLimit": 0,
        "defaultTemplateId": "",
        "defaultObjectTypeId": ""
       }
      ],
      "relations": [
      ],
      "activeView": "",
      "groupOrders": [
      ],
      "objectOrders": [
      ],
      "relationLinks": [
      ],
      "TargetObjectId": "",
      "isCollection": false
     }
    },
    {
     "id": "title",
     "fields": {
       "_detailsKey": [
          "name",
          "done"
         ]
      },
     "restrictions": {
      "read": false,
      "edit": false,
      "remove": true,
      "drag": true,
      "dropOn": true
     },
     "childrenIds": [
     ],
     "backgroundColor": "",
     "align": "AlignLeft",
     "verticalAlign": "VerticalAlignTop",
     "text": {
      "text": "",
      "style": "Title",
      "marks": {
       "marks": [
       ]
      },
      "checked": false,
      "color": "",
      "iconEmoji": "",
      "iconImage": ""
     }
    },
    {
     "id": "description",
     "fields": {
       "_detailsKey": "description"
      },
     "restrictions": {
      "read": false,
      "edit": false,
      "remove": true,
      "drag": true,
      "dropOn": true
     },
     "childrenIds": [
     ],
     "backgroundColor": "",
     "align": "AlignLeft",
     "verticalAlign": "VerticalAlignTop",
     "text": {
      "text": "",
      "style": "Description",
      "marks": {
       "marks": [
       ]
      },
      "checked": false,
      "color": "",
      "iconEmoji": "",
      "iconImage": ""
     }
    },
    {
     "id": "featuredRelations",
     "fields": null,
     "restrictions": {
      "read": false,
      "edit": false,
      "remove": true,
      "drag": true,
      "dropOn": true
     },
     "childrenIds": [
     ],
     "backgroundColor": "",
     "align": "AlignLeft",
     "verticalAlign": "VerticalAlignTop",
     "featuredRelations": {

     }
    }
   ],
   "details": {
     "addedDate": 1709825816,
     "backlinks": [
       ],
     "createdDate": 1709825816,
     "creator": "_id_A7TZnHQAgJ4q9TxMgiUumKgt1isSQGrC1dPFbYi7aTNZGshg",
     "description": "",
     "featuredRelations": [
        "description",
        "type",
        "backlinks"
       ],
     "id": "bafyreienyosdwazc7puiqltndotrgr2htvuc4dgunb26itrqqunzmjz6oi",
     "lastModifiedBy": "_id_A7TZnHQAgJ4q9TxMgiUumKgt1isSQGrC1dPFbYi7aTNZGshg",
     "lastModifiedDate": 1709825816,
     "layout": 13,
     "links": [
       ],
     "name": "Done",
     "oldAnytypeID": "bafyreifv55uregmomx4y2tqzrizw4w4jemetyjivwwwep4f53oh4ekttqa",
     "origin": 6,
     "relationKey": "status",
     "relationOptionColor": "lime",
     "restrictions": [
       ],
     "snippet": "",
     "sourceFilePath": "pb:/Users/dariia/Library/Application Support/anytype/data/tmp/tmp.20240307.153656.87.zip/bafyreifv55uregmomx4y2tqzrizw4w4jemetyjivwwwep4f53oh4ekttqa.pb",
     "spaceId": "bafyreibqh26gokznvte5mozay5c6mwbu2hn2msn2355u5bqyk5r5otsvxm.2j6gov4xlypyb",
     "type": "bafyreifha55tqttso5kuazfel4ewzmoyzj5soxrip5jn7je76s3tuaf7da"
    },
   "fileKeys": null,
   "extraRelations": [
   ],
   "objectTypes": [
    "ot-relationOption"
   ],
   "collections": null,
   "removedCollectionKeys": [
   ],
   "relationLinks": [
    {
     "key": "id",
     "format": "object"
    },
    {
     "key": "snippet",
     "format": "longtext"
    },
    {
     "key": "createdDate",
     "format": "date"
    },
    {
     "key": "relationOptionColor",
     "format": "shorttext"
    },
    {
     "key": "lastModifiedBy",
     "format": "object"
    },
    {
     "key": "type",
     "format": "object"
    },
    {
     "key": "featuredRelations",
     "format": "object"
    },
    {
     "key": "name",
     "format": "shorttext"
    },
    {
     "key": "relationKey",
     "format": "shorttext"
    },
    {
     "key": "layout",
     "format": "number"
    },
    {
     "key": "creator",
     "format": "object"
    },
    {
     "key": "lastModifiedDate",
     "format": "date"
    },
    {
     "key": "lastOpenedDate",
     "format": "date"
    },
    {
     "key": "workspaceId",
     "format": "object"
    },
    {
     "key": "isReadonly",
     "format": "checkbox"
    },
    {
     "key": "links",
     "format": "object"
    },
    {
     "key": "restrictions",
     "format": "number"
    },
    {
     "key": "oldAnytypeID",
     "format": "longtext"
    },
    {
     "key": "sourceFilePath",
     "format": "longtext"
    },
    {
     "key": "description",
     "format": "longtext"
    },
    {
     "key": "iconEmoji",
     "format": "emoji"
    },
    {
     "key": "iconImage",
     "format": "file"
    },
    {
     "key": "layoutAlign",
     "format": "number"
    },
    {
     "key": "coverId",
     "format": "shorttext"
    },
    {
     "key": "coverScale",
     "format": "number"
    },
    {
     "key": "coverType",
     "format": "number"
    },
    {
     "key": "coverX",
     "format": "number"
    },
    {
     "key": "coverY",
     "format": "number"
    },
    {
     "key": "isFavorite",
     "format": "checkbox"
    },
    {
     "key": "internalFlags",
     "format": "number"
    },
    {
     "key": "backlinks",
     "format": "object"
    },
    {
     "key": "spaceId",
     "format": "object"
    },
    {
     "key": "origin",
     "format": "number"
    },
    {
     "key": "addedDate",
     "format": "date"
    }
   ],
   "key": "",
   "originalCreatedTimestamp": "0",
   "fileInfo": null
  },
  "fileKeys": [
  ]
 }
}