{
 "sbType": "Page",
 "snapshot": {
  "logHeads": {
  },
  "data": {
   "blocks": [
    {
     "id": "bafyreigoodenoe4euhxcxu4nftcjfx6qqi3qiumkex4b67xk7jo262sglm",
     "fields": {
       "analyticsContext": "empty",
       "analyticsOriginalId": "bafyreif32uxgjtobyt6nqqfkfchiabvdobp4aqmi5nlyzy7pa5ukgxfawq"
      },
     "restrictions": {
      "read": false,
      "edit": false,
      "remove": false,
      "drag": false,
      "dropOn": false
     },
     "childrenIds": [
      "header",
      "65ea18a6e9223c50a7125aad",
      "65ea18bde9223c50a7125aae",
      "65ea0846e9223c50a71259d3",
      "65ea0eeee9223c50a7125a1e",
      "65ea14a5e9223c50a7125a7b",
      "65eee31de9223c50a7125b27",
      "65eeeb40e9223c50a7125b59",
      "65eeeb40e9223c50a7125b5a",
      "65ea17a3e9223c50a7125aa4"
     ],
     "backgroundColor": "",
     "align": "AlignLeft",
     "verticalAlign": "VerticalAlignTop",
     "smartblock": {

     }
    },
    {
     "id": "header",
     "fields": null,
     "restrictions": {
      "read": false,
      "edit": true,
      "remove": true,
      "drag": true,
      "dropOn": true
     },
     "childrenIds": [
      "title",
      "featuredRelations"
     ],
     "backgroundColor": "",
     "align": "AlignLeft",
     "verticalAlign": "VerticalAlignTop",
     "layout": {
      "style": "Header"
     }
    },
    {
     "id": "65ea18a6e9223c50a7125aad",
     "fields": null,
     "restrictions": {
      "read": false,
      "edit": false,
      "remove": false,
      "drag": false,
      "dropOn": false
     },
     "childrenIds": [
     ],
     "backgroundColor": "",
     "align": "AlignLeft",
     "verticalAlign": "VerticalAlignTop",
     "text": {
      "text": "Just some ideas if you don't know where to start!",
      "style": "Callout",
      "marks": {
       "marks": [
       ]
      },
      "checked": false,
      "color": "ice",
      "iconEmoji": "",
      "iconImage": ""
     }
    },
    {
     "id": "65ea18bde9223c50a7125aae",
     "fields": null,
     "restrictions": {
      "read": false,
      "edit": false,
      "remove": false,
      "drag": false,
      "dropOn": false
     },
     "childrenIds": [
     ],
     "backgroundColor": "",
     "align": "AlignLeft",
     "verticalAlign": "VerticalAlignTop",
     "text": {
      "text": "",
      "style": "Paragraph",
      "marks": {
       "marks": [
       ]
      },
      "checked": false,
      "color": "",
      "iconEmoji": "",
      "iconImage": ""
     }
    },
    {
     "id": "65ea0846e9223c50a71259d3",
     "fields": null,
     "restrictions": null,
     "childrenIds": [
     ],
     "backgroundColor": "",
     "align": "AlignLeft",
     "verticalAlign": "VerticalAlignTop",
     "link": {
      "targetBlockId": "bafyreibmd2lnl53g3phil3sgnukix3xjx5vymlxovafvlradnjk6yv7v2i",
      "style": "Page",
      "fields": null,
      "iconSize": "SizeMedium",
      "cardStyle": "Card",
      "description": "Added",
      "relations": [
       "type"
      ]
     }
    },
    {
     "id": "65ea0eeee9223c50a7125a1e",
     "fields": {
       "_link_migrated": true,
       "cardStyle": 0,
       "description": 0,
       "iconSize": 1,
       "relations": [
         ]
      },
     "restrictions": null,
     "childrenIds": [
     ],
     "backgroundColor": "",
     "align": "AlignLeft",
     "verticalAlign": "VerticalAlignTop",
     "link": {
      "targetBlockId": "bafyreignkxpc3cl4anamrobzt22zojp7yyjwyjnaljcrghm2igjaulsszq",
      "style": "Page",
      "fields": null,
      "iconSize": "SizeMedium",
      "cardStyle": "Card",
      "description": "Added",
      "relations": [
       "type"
      ]
     }
    },
    {
     "id": "65ea14a5e9223c50a7125a7b",
     "fields": {
       "_link_migrated": true,
       "cardStyle": 0,
       "description": 0,
       "iconSize": 1,
       "relations": [
         ]
      },
     "restrictions": {
      "read": false,
      "edit": false,
      "remove": false,
      "drag": false,
      "dropOn": false
     },
     "childrenIds": [
     ],
     "backgroundColor": "",
     "align": "AlignLeft",
     "verticalAlign": "VerticalAlignTop",
     "link": {
      "targetBlockId": "bafyreidim2umpmeqdd6arxdo6owars3du6gmhe243ate5drt7upyduzb6u",
      "style": "Page",
      "fields": null,
      "iconSize": "SizeMedium",
      "cardStyle": "Card",
      "description": "Added",
      "relations": [
       "type"
      ]
     }
    },
    {
     "id": "65eee31de9223c50a7125b27",
     "fields": {
       "_link_migrated": true,
       "cardStyle": 0,
       "description": 0,
       "iconSize": 1,
       "relations": [
         ]
      },
     "restrictions": {
      "read": false,
      "edit": false,
      "remove": false,
      "drag": false,
      "dropOn": false
     },
     "childrenIds": [
     ],
     "backgroundColor": "",
     "align": "AlignLeft",
     "verticalAlign": "VerticalAlignTop",
     "link": {
      "targetBlockId": "bafyreifh3zkyfjxaposxg3iyrxas7chqpy5nmiqrq7s2edzkufy2tkbgce",
      "style": "Page",
      "fields": null,
      "iconSize": "SizeMedium",
      "cardStyle": "Card",
      "description": "Added",
      "relations": [
       "type"
      ]
     }
    },
    {
     "id": "65eeeb40e9223c50a7125b59",
     "fields": null,
     "restrictions": {
      "read": false,
      "edit": false,
      "remove": false,
      "drag": false,
      "dropOn": false
     },
     "childrenIds": [
     ],
     "backgroundColor": "",
     "align": "AlignLeft",
     "verticalAlign": "VerticalAlignTop",
     "text": {
      "text": "",
      "style": "Paragraph",
      "marks": {
       "marks": [
       ]
      },
      "checked": false,
      "color": "",
      "iconEmoji": "",
      "iconImage": ""
     }
    },
    {
     "id": "65eeeb40e9223c50a7125b5a",
     "fields": null,
     "restrictions": {
      "read": false,
      "edit": false,
      "remove": false,
      "drag": false,
      "dropOn": false
     },
     "childrenIds": [
     ],
     "backgroundColor": "",
     "align": "AlignLeft",
     "verticalAlign": "VerticalAlignTop",
     "text": {
      "text": "",
      "style": "Paragraph",
      "marks": {
       "marks": [
       ]
      },
      "checked": false,
      "color": "",
      "iconEmoji": "",
      "iconImage": ""
     }
    },
    {
     "id": "65ea17a3e9223c50a7125aa4",
     "fields": null,
     "restrictions": {
      "read": false,
      "edit": false,
      "remove": false,
      "drag": false,
      "dropOn": false
     },
     "childrenIds": [
     ],
     "backgroundColor": "",
     "align": "AlignLeft",
     "verticalAlign": "VerticalAlignTop",
     "text": {
      "text": "",
      "style": "Paragraph",
      "marks": {
       "marks": [
       ]
      },
      "checked": false,
      "color": "",
      "iconEmoji": "",
      "iconImage": ""
     }
    },
    {
     "id": "title",
     "fields": {
       "_detailsKey": [
          "name",
          "done"
         ]
      },
     "restrictions": {
      "read": false,
      "edit": false,
      "remove": true,
      "drag": true,
      "dropOn": true
     },
     "childrenIds": [
     ],
     "backgroundColor": "",
     "align": "AlignLeft",
     "verticalAlign": "VerticalAlignTop",
     "text": {
      "text": "",
      "style": "Title",
      "marks": {
       "marks": [
       ]
      },
      "checked": false,
      "color": "",
      "iconEmoji": "",
      "iconImage": ""
     }
    },
    {
     "id": "featuredRelations",
     "fields": null,
     "restrictions": {
      "read": false,
      "edit": false,
      "remove": true,
      "drag": true,
      "dropOn": true
     },
     "childrenIds": [
     ],
     "backgroundColor": "",
     "align": "AlignLeft",
     "verticalAlign": "VerticalAlignTop",
     "featuredRelations": {

     }
    }
   ],
   "details": {
     "addedDate": 1710157317,
     "backlinks": [
        "bafyreifnfvdpszjyaydawyhv73ye4j6r7w22u2jtzzsipchz2wf7p7nryu"
       ],
     "coverId": "bafyreiarzzwr6ioxdkzfrdmf5lpfsmeqbeqsxun4nxs3isoy3u5bilhfka",
     "coverScale": 0,
     "coverType": 1,
     "coverX": 0,
     "coverY": -0.25,
     "createdDate": 1709836207,
     "creator": "_id_A7TZnHQAgJ4q9TxMgiUumKgt1isSQGrC1dPFbYi7aTNZGshg",
     "description": "",
     "featuredRelations": [
        "type",
        "backlinks"
       ],
     "iconEmoji": "💠",
     "iconImage": "",
     "id": "bafyreigoodenoe4euhxcxu4nftcjfx6qqi3qiumkex4b67xk7jo262sglm",
     "isFavorite": true,
     "lastModifiedBy": "_participant_bafyreibqh26gokznvte5mozay5c6mwbu2hn2msn2355u5bqyk5r5otsvxm_2j6gov4xlypyb_A7TZnHQAgJ4q9TxMgiUumKgt1isSQGrC1dPFbYi7aTNZGshg",
     "lastModifiedDate": 1710160704,
     "lastOpenedDate": 1710160581,
     "layout": 0,
     "links": [
        "bafyreibmd2lnl53g3phil3sgnukix3xjx5vymlxovafvlradnjk6yv7v2i",
        "bafyreignkxpc3cl4anamrobzt22zojp7yyjwyjnaljcrghm2igjaulsszq",
        "bafyreidim2umpmeqdd6arxdo6owars3du6gmhe243ate5drt7upyduzb6u",
        "bafyreifh3zkyfjxaposxg3iyrxas7chqpy5nmiqrq7s2edzkufy2tkbgce"
       ],
     "name": "Homepages",
     "oldAnytypeID": "bafyreibnxdv6ydy55dift2un33tqtdivot6v3sgcktrmrtwt23yiskzxee",
     "origin": 3,
     "restrictions": [
       ],
     "snippet": "Just some ideas if you don't know where to start!",
     "sourceFilePath": "json:/Users/dariia/Downloads/Homepages.zip/bafyreibnxdv6ydy55dift2un33tqtdivot6v3sgcktrmrtwt23yiskzxee.pb.json",
     "spaceId": "bafyreibqh26gokznvte5mozay5c6mwbu2hn2msn2355u5bqyk5r5otsvxm.2j6gov4xlypyb",
     "type": "bafyreifguqi5izgsv7wqksyz5qyxf4ai2gma6chc3ph2gdy4zcomw4eeb4"
    },
   "fileKeys": null,
   "extraRelations": [
   ],
   "objectTypes": [
    "ot-page"
   ],
   "collections": null,
   "removedCollectionKeys": [
   ],
   "relationLinks": [
    {
     "key": "spaceId",
     "format": "object"
    },
    {
     "key": "internalFlags",
     "format": "number"
    },
    {
     "key": "type",
     "format": "object"
    },
    {
     "key": "backlinks",
     "format": "object"
    },
    {
     "key": "creator",
     "format": "object"
    },
    {
     "key": "createdDate",
     "format": "date"
    },
    {
     "key": "id",
     "format": "object"
    },
    {
     "key": "snippet",
     "format": "longtext"
    },
    {
     "key": "layout",
     "format": "number"
    },
    {
     "key": "name",
     "format": "shorttext"
    },
    {
     "key": "description",
     "format": "longtext"
    },
    {
     "key": "iconEmoji",
     "format": "emoji"
    },
    {
     "key": "iconImage",
     "format": "file"
    },
    {
     "key": "layoutAlign",
     "format": "number"
    },
    {
     "key": "coverId",
     "format": "longtext"
    },
    {
     "key": "coverScale",
     "format": "number"
    },
    {
     "key": "coverType",
     "format": "number"
    },
    {
     "key": "coverX",
     "format": "number"
    },
    {
     "key": "coverY",
     "format": "number"
    },
    {
     "key": "lastModifiedDate",
     "format": "date"
    },
    {
     "key": "lastModifiedBy",
     "format": "object"
    },
    {
     "key": "lastOpenedDate",
     "format": "date"
    },
    {
     "key": "featuredRelations",
     "format": "object"
    },
    {
     "key": "isFavorite",
     "format": "checkbox"
    },
    {
     "key": "workspaceId",
     "format": "object"
    },
    {
     "key": "links",
     "format": "object"
    },
    {
     "key": "restrictions",
     "format": "number"
    },
    {
     "key": "sourceFilePath",
     "format": "longtext"
    },
    {
     "key": "origin",
     "format": "number"
    },
    {
     "key": "oldAnytypeID",
     "format": "longtext"
    },
    {
     "key": "addedDate",
     "format": "date"
    }
   ],
   "key": "",
   "originalCreatedTimestamp": "0",
   "fileInfo": null
  },
  "fileKeys": [
  ]
 }
}